SeniorCitizen,Tenure,MonthlyCharges,Churn,TotalCharges,Gender_Male,Contract_One year,Contract_Two year,PaymentMethod_Credit card,PaymentMethod_Electronic check,PaymentMethod_Mailed check
0,55,111.88,0,6153.4,True,False,True,False,False,True
1,36,58.7,0,2113.2,False,False,True,False,True,False
0,37,118.86,0,4397.82,True,True,False,False,True,False
1,14,96.14,1,1345.96,True,False,False,False,False,True
1,27,28.05,0,757.35,True,False,True,False,False,True
0,31,86.02,1,2666.62,False,False,False,False,False,True
1,44,47.08,0,2071.52,True,True,False,False,False,False
1,68,44.37,0,3017.16,True,False,True,False,True,False
0,48,45.66,0,2191.68,True,True,False,False,True,False
0,57,111.61,0,6361.77,False,False,True,True,False,False
0,22,70.0,0,1540.0,True,False,True,True,False,False
0,4,86.95,0,347.8,True,True,False,False,True,False
1,46,48.09,0,2212.14,True,True,False,False,True,False
0,59,72.3,1,4265.7,True,False,False,False,False,False
0,34,55.01,0,1870.34,False,True,False,True,False,False
0,11,52.11,0,573.21,True,True,False,False,False,True
0,31,44.7,0,1385.7,False,False,False,False,False,False
0,11,60.9,1,669.9,False,True,False,True,False,False
1,56,86.0,0,4816.0,False,False,False,False,False,True
0,38,42.2,0,1603.6,True,False,False,False,False,True
1,21,116.54,1,2447.34,False,True,False,False,True,False
0,10,32.46,1,324.6,True,False,False,False,True,False
0,26,68.02,0,1768.52,False,False,False,False,False,True
0,8,28.5,1,228.0,False,False,False,False,False,True
0,8,22.27,0,178.16,False,True,False,False,True,False
0,60,112.27,1,6736.2,False,True,False,False,True,False
0,34,101.04,0,3435.36,False,False,False,False,True,False
0,16,89.42,0,1430.72,False,True,False,False,True,False
0,13,106.52,1,1384.76,False,False,True,True,False,False
1,22,100.28,0,2206.16,False,False,False,False,True,False
0,27,84.72,0,2287.44,True,False,True,False,False,False
1,64,104.73,0,6702.72,True,True,False,False,False,False
0,2,59.08,0,118.16,False,False,True,False,False,False
1,26,75.28,0,1957.28,False,True,False,False,True,False
0,69,97.63,0,6736.47,False,True,False,False,False,True
0,30,28.48,1,854.4,True,False,False,False,False,True
0,8,105.86,0,846.88,False,False,True,True,False,False
1,38,35.68,1,1355.84,True,False,False,False,True,False
1,61,106.45,0,6493.45,True,False,True,False,False,False
1,65,51.13,0,3323.45,True,True,False,False,False,True
1,67,52.68,0,3529.56,True,True,False,False,True,False
0,46,27.39,1,1259.94,True,False,False,False,False,False
0,43,108.59,0,4669.37,False,False,True,False,False,False
0,59,37.45,0,2209.55,False,False,True,False,False,False
1,46,83.0,0,3818.0,False,True,False,False,False,False
0,35,84.4,1,2954.0,False,False,False,False,False,False
1,39,48.12,0,1876.68,False,True,False,True,False,False
1,51,118.57,0,6047.07,True,True,False,False,False,False
1,4,26.42,1,105.68,False,False,False,True,False,False
1,51,80.79,0,4120.29,False,False,True,False,False,False
1,5,67.95,1,339.75,True,False,True,False,False,False
0,55,44.55,1,2450.25,False,True,False,False,False,False
1,20,36.36,0,727.2,True,False,True,False,False,False
1,24,93.71,0,2249.04,False,False,False,True,False,False
0,36,111.63,0,4018.68,True,False,True,False,True,False
1,34,30.75,1,1045.5,False,False,True,False,False,True
1,54,39.4,0,2127.6,False,True,False,True,False,False
0,34,118.63,1,4033.42,True,False,True,True,False,False
0,17,21.5,0,365.5,True,False,False,True,False,False
0,5,70.83,0,354.15,True,True,False,False,True,False
1,18,71.61,0,1288.98,True,False,False,False,False,True
0,55,46.32,0,2547.6,True,False,True,False,True,False
0,53,86.3,0,4573.9,True,False,True,False,False,True
0,50,114.49,0,5724.5,True,True,False,False,False,True
1,45,65.02,0,2925.9,True,False,False,False,False,True
0,13,94.94,0,1234.22,False,False,True,False,True,False
1,16,84.61,0,1353.76,False,False,True,False,False,True
1,13,67.29,0,874.77,True,True,False,False,False,False
0,20,24.98,0,499.6,False,False,True,True,False,False
1,66,94.17,0,6215.22,False,False,True,False,False,True
1,47,56.33,1,2647.51,False,False,True,True,False,False
0,19,42.45,0,806.55,False,False,False,False,True,False
1,45,114.83,1,5167.35,True,False,False,False,True,False
0,37,97.35,0,3601.95,False,False,False,False,False,False
1,54,116.23,1,6276.42,True,False,True,False,False,True
1,6,45.62,0,273.72,False,True,False,True,False,False
0,14,103.58,0,1450.12,False,True,False,True,False,False
0,4,80.77,0,323.08,False,True,False,True,False,False
1,55,118.15,0,6498.25,True,False,False,False,True,False
1,34,114.63,0,3897.42,False,False,False,False,False,True
0,27,117.3,0,3167.1,True,False,False,False,False,False
1,7,115.18,0,806.26,False,False,False,False,False,False
1,3,20.77,0,62.31,True,False,True,False,True,False
1,47,94.11,0,4423.17,False,True,False,False,False,True
1,2,47.19,0,94.38,True,True,False,False,False,False
0,25,90.5,0,2262.5,True,False,False,False,False,False
0,60,118.06,0,7083.6,False,True,False,False,True,False
0,24,23.94,0,574.56,True,True,False,True,False,False
0,15,76.7,0,1150.5,False,False,False,False,False,False
0,14,93.5,0,1309.0,False,False,False,False,True,False
0,54,45.34,0,2448.36,False,False,False,False,False,False
1,6,42.51,0,255.06,False,False,False,False,False,False
0,18,26.03,0,468.54,False,False,True,False,True,False
1,20,29.39,1,587.8,False,True,False,False,True,False
1,62,85.67,1,5311.54,False,False,True,False,False,True
1,40,70.52,0,2820.8,False,True,False,False,False,False
0,39,23.01,0,897.39,False,False,True,True,False,False
1,52,116.97,0,6082.44,False,False,False,True,False,False
0,32,85.6,0,2739.2,False,False,True,False,False,True
1,27,71.55,0,1931.85,True,False,False,False,False,True
1,52,47.27,0,2458.04,True,False,False,False,True,False
0,63,85.81,0,5406.03,False,False,True,True,False,False
1,63,56.42,1,3554.46,False,True,False,False,False,False
1,17,90.25,1,1534.25,False,False,True,False,True,False
1,49,88.26,1,4324.74,False,False,False,False,False,False
1,23,29.27,0,673.21,False,False,False,True,False,False
0,13,110.93,1,1442.09,False,True,False,False,True,False
1,23,68.7,0,1580.1,False,True,False,False,False,False
1,57,59.29,0,3379.53,False,True,False,False,False,True
0,62,115.55,1,7164.1,True,False,False,False,False,False
1,54,63.82,1,3446.28,False,False,True,False,False,False
1,20,92.12,0,1842.4,True,True,False,False,True,False
1,52,85.51,0,4446.52,False,False,False,True,False,False
1,23,36.51,0,839.73,False,False,True,False,False,False
0,35,119.11,0,4168.85,True,True,False,False,False,False
1,67,66.36,1,4446.12,False,False,True,False,False,False
0,34,59.48,0,2022.32,True,False,True,False,False,False
1,33,111.96,0,3694.68,False,False,False,False,False,True
1,46,72.92,0,3354.32,False,False,False,True,False,False
1,45,90.51,0,4072.95,True,False,False,True,False,False
0,19,104.62,1,1987.78,False,False,True,False,True,False
1,15,43.55,0,653.25,True,True,False,False,False,False
1,66,36.95,0,2438.7,False,True,False,False,True,False
0,39,26.85,1,1047.15,True,True,False,False,False,True
0,18,109.71,0,1974.78,True,False,False,False,False,True
0,70,40.04,1,2802.8,False,True,False,False,False,False
0,59,50.78,1,2996.02,False,True,False,False,True,False
1,32,48.58,0,1554.56,True,False,False,False,True,False
1,21,50.46,0,1059.66,False,True,False,True,False,False
1,40,86.81,0,3472.4,False,True,False,False,True,False
1,27,115.41,0,3116.07,False,True,False,False,False,True
0,2,52.95,0,105.9,True,False,True,False,False,True
1,39,60.76,0,2369.64,True,False,True,False,False,False
1,56,97.11,0,5438.16,True,False,False,False,True,False
1,13,63.23,0,821.99,True,False,False,False,True,False
1,56,112.6,0,6305.6,True,False,True,False,False,True
0,66,70.32,0,4641.12,True,False,False,False,False,False
1,56,54.77,0,3067.12,True,False,False,True,False,False
1,28,117.16,0,3280.48,True,True,False,True,False,False
1,64,62.58,0,4005.12,True,False,False,False,False,False
0,71,43.12,1,3061.52,False,False,False,False,False,False
0,64,37.77,0,2417.28,True,True,False,True,False,False
1,56,119.52,1,6693.12,False,True,False,False,False,True
1,41,95.3,0,3907.3,False,False,True,False,True,False
1,41,60.87,0,2495.67,False,False,False,True,False,False
0,4,102.64,1,410.56,True,True,False,False,False,False
1,57,74.68,0,4256.76,True,False,False,False,False,False
1,30,51.74,0,1552.2,True,False,False,False,True,False
1,46,94.34,0,4339.64,True,False,True,False,False,False
0,56,94.59,0,5297.04,False,False,True,False,False,True
1,31,70.02,0,2170.62,True,False,True,False,False,False
1,7,24.52,0,171.64,True,False,True,False,True,False
0,54,27.7,0,1495.8,True,False,True,True,False,False
0,8,98.87,1,790.96,True,True,False,False,False,True
1,55,102.35,1,5629.25,True,False,True,False,False,False
0,69,87.83,0,6060.27,False,True,False,False,True,False
1,44,103.91,1,4572.04,True,False,True,True,False,False
0,13,91.95,0,1195.35,False,True,False,True,False,False
0,20,109.69,0,2193.8,True,False,False,False,True,False
1,32,35.04,1,1121.28,False,False,True,True,False,False
1,60,58.77,0,3526.2,True,True,False,True,False,False
1,50,66.41,0,3320.5,True,False,True,True,False,False
0,27,49.77,0,1343.79,False,True,False,True,False,False
1,25,92.54,0,2313.5,False,True,False,False,True,False
1,52,111.24,0,5784.48,False,False,True,False,True,False
1,68,61.25,1,4165.0,True,True,False,False,False,False
1,21,114.15,0,2397.15,False,False,False,False,False,False
1,18,71.68,0,1290.24,True,False,True,False,False,True
0,39,72.25,0,2817.75,True,False,False,True,False,False
1,15,80.02,1,1200.3,False,True,False,True,False,False
1,53,46.83,0,2481.99,False,True,False,False,False,True
0,38,58.34,0,2216.92,True,False,True,False,True,False
1,48,75.32,1,3615.36,True,False,False,False,True,False
1,52,114.2,0,5938.4,False,False,False,False,False,True
1,28,84.27,0,2359.56,False,False,True,False,False,False
1,16,53.31,0,852.96,False,False,False,False,False,False
1,16,21.05,0,336.8,True,False,True,True,False,False
0,35,118.17,0,4135.95,True,False,True,False,False,False
0,17,69.3,0,1178.1,True,True,False,False,True,False
0,52,113.85,0,5920.2,True,True,False,False,False,True
1,12,74.93,1,899.16,True,False,False,False,False,True
0,48,80.55,0,3866.4,True,False,True,False,False,True
1,22,91.19,0,2006.18,False,False,True,False,False,False
1,49,52.1,1,2552.9,True,False,True,False,False,True
1,52,89.9,0,4674.8,True,False,True,False,False,True
0,1,72.68,0,72.68,True,True,False,False,False,False
0,66,87.25,0,5758.5,False,False,False,False,True,False
0,64,103.58,0,6629.12,True,True,False,True,False,False
1,8,38.42,0,307.36,True,False,True,False,True,False
0,25,81.36,0,2034.0,False,False,False,False,False,False
1,66,25.21,1,1663.86,True,False,False,False,False,True
0,70,30.21,0,2114.7,True,False,True,True,False,False
0,51,87.46,0,4460.46,True,False,True,False,True,False
1,53,27.09,0,1435.77,True,True,False,True,False,False
1,15,79.54,1,1193.1,True,True,False,False,True,False
0,50,42.0,0,2100.0,False,False,True,False,True,False
0,71,50.41,1,3579.11,False,False,True,False,False,False
0,38,32.96,0,1252.48,False,True,False,False,True,False
1,40,44.87,0,1794.8,True,False,False,False,False,True
1,66,102.13,0,6740.58,True,False,False,False,False,False
0,39,83.89,0,3271.71,True,False,False,True,False,False
0,17,114.98,0,1954.66,False,True,False,False,False,False
1,7,24.87,0,174.09,True,False,True,False,True,False
0,39,99.24,1,3870.36,True,False,False,True,False,False
1,68,89.91,1,6113.88,False,False,True,False,False,True
1,35,46.09,0,1613.15,True,True,False,False,False,False
1,51,92.92,1,4738.92,False,True,False,False,True,False
1,47,91.65,0,4307.55,False,False,True,True,False,False
1,36,65.93,0,2373.48,False,False,True,False,False,True
1,64,88.86,0,5687.04,True,False,True,False,False,True
0,13,64.46,0,837.98,True,False,True,False,False,False
1,18,53.55,0,963.9,True,False,False,True,False,False
1,21,66.65,0,1399.65,True,False,True,False,True,False
0,65,109.51,1,7118.15,True,False,False,True,False,False
1,8,58.46,0,467.68,True,True,False,False,False,True
0,48,60.37,1,2897.76,True,False,False,True,False,False
1,43,80.84,0,3476.12,False,False,True,False,False,False
0,53,95.3,0,5050.9,True,False,False,True,False,False
0,27,93.46,1,2523.42,False,True,False,True,False,False
1,19,21.98,0,417.62,True,False,True,False,False,False
1,23,88.74,1,2041.02,True,True,False,True,False,False
1,50,65.06,0,3253.0,True,True,False,False,False,False
1,51,72.41,1,3692.91,False,False,True,False,False,False
0,43,76.17,0,3275.31,False,False,False,False,False,False
0,51,93.17,0,4751.67,False,True,False,False,False,True
0,69,103.13,0,7115.97,False,False,True,True,False,False
1,41,84.63,1,3469.83,True,True,False,False,False,False
0,11,76.39,0,840.29,False,False,False,False,True,False
1,52,57.38,1,2983.76,True,True,False,False,True,False
1,23,33.79,0,777.17,True,True,False,False,False,True
0,49,115.86,0,5677.14,False,True,False,False,False,False
1,38,66.18,0,2514.84,False,True,False,False,False,False
0,47,76.62,0,3601.14,False,False,False,False,False,True
1,7,95.11,0,665.77,False,False,True,True,False,False
0,66,26.84,0,1771.44,False,True,False,False,False,False
1,62,105.5,1,6541.0,False,False,False,False,False,False
0,29,99.7,0,2891.3,False,True,False,False,True,False
0,38,97.44,0,3702.72,False,True,False,False,False,False
1,33,22.2,0,732.6,True,True,False,False,False,True
1,29,72.65,1,2106.85,False,False,False,False,True,False
0,23,25.43,0,584.89,False,True,False,False,False,True
1,3,75.09,0,225.27,True,True,False,False,False,True
1,45,91.84,0,4132.8,False,False,True,False,False,False
1,8,32.19,1,257.52,True,False,False,True,False,False
0,29,89.49,1,2595.21,True,False,True,False,False,False
0,2,64.95,1,129.9,False,False,True,True,False,False
1,50,101.16,1,5058.0,True,False,True,False,True,False
1,65,73.36,0,4768.4,True,False,True,False,False,True
0,20,53.61,0,1072.2,True,True,False,False,False,True
1,52,53.2,0,2766.4,True,False,True,False,False,False
0,37,109.75,0,4060.75,False,False,False,True,False,False
1,27,65.29,0,1762.83,True,True,False,False,False,True
1,47,60.58,0,2847.26,False,False,True,False,False,True
1,6,23.99,0,143.94,True,False,True,True,False,False
0,60,56.43,0,3385.8,True,False,False,False,False,True
0,45,104.96,0,4723.2,True,False,False,False,False,True
0,44,96.1,0,4228.4,True,False,True,False,False,True
0,18,42.09,1,757.62,False,False,True,True,False,False
1,65,61.31,0,3985.15,False,False,True,True,False,False
1,25,39.66,1,991.5,True,False,True,False,True,False
0,27,115.42,0,3116.34,True,False,True,False,False,True
1,7,79.81,0,558.67,False,False,False,False,False,True
1,44,95.44,0,4199.36,True,False,False,False,True,False
0,29,91.38,0,2650.02,True,True,False,True,False,False
1,44,107.37,1,4724.28,True,True,False,True,False,False
1,36,114.93,0,4137.48,False,False,False,False,False,False
0,19,23.24,1,441.56,False,True,False,True,False,False
1,6,117.53,0,705.18,False,False,True,False,False,False
1,25,107.05,0,2676.25,True,True,False,False,True,False
1,31,58.29,0,1806.99,True,False,True,True,False,False
0,9,103.71,0,933.39,False,False,True,False,True,False
0,37,93.66,0,3465.42,False,True,False,False,False,False
1,27,99.31,0,2681.37,False,True,False,False,False,True
1,13,42.07,1,546.91,False,False,True,False,False,True
1,41,84.86,0,3479.26,True,False,False,False,True,False
0,66,22.59,0,1490.94,False,True,False,False,False,True
0,24,104.82,1,2515.68,True,True,False,False,True,False
0,44,115.1,0,5064.4,False,False,False,False,False,False
1,60,86.21,0,5172.6,True,True,False,False,False,True
1,9,71.27,0,641.43,False,False,True,False,False,False
1,2,92.57,1,185.14,False,False,False,True,False,False
1,56,52.64,0,2947.84,False,False,False,False,False,True
1,30,82.64,0,2479.2,False,False,True,False,False,True
0,22,91.9,1,2021.8,True,False,True,False,False,True
1,13,34.27,1,445.51,False,False,True,False,True,False
1,71,34.01,0,2414.71,True,False,False,True,False,False
1,16,91.61,1,1465.76,True,False,True,True,False,False
0,45,63.18,1,2843.1,True,True,False,True,False,False
1,65,108.92,0,7079.8,True,True,False,False,False,False
0,11,51.19,0,563.09,False,False,True,True,False,False
0,70,24.24,0,1696.8,True,True,False,False,True,False
0,20,84.99,0,1699.8,True,True,False,False,True,False
0,63,88.42,0,5570.46,True,False,False,False,False,False
0,12,75.36,0,904.32,False,False,True,False,False,False
1,62,88.33,1,5476.46,False,True,False,True,False,False
1,42,72.38,0,3039.96,False,False,True,True,False,False
0,69,89.26,0,6158.94,False,False,True,False,True,False
0,58,24.39,0,1414.62,True,True,False,False,True,False
0,5,56.84,0,284.2,True,True,False,True,False,False
1,27,41.08,1,1109.16,False,False,False,False,True,False
1,28,29.93,0,838.04,True,False,False,False,False,False
0,26,43.41,0,1128.66,True,False,False,False,True,False
1,49,39.13,1,1917.37,True,True,False,True,False,False
1,21,117.31,0,2463.51,False,False,False,False,False,False
0,1,48.65,0,48.65,False,False,True,False,True,False
0,58,43.1,0,2499.8,True,False,False,False,False,False
1,55,103.49,0,5691.95,False,False,False,True,False,False
1,26,61.91,0,1609.66,False,False,False,False,True,False
1,25,62.15,0,1553.75,False,False,True,True,False,False
0,33,64.36,0,2123.88,False,False,True,False,False,True
0,69,61.65,1,4253.85,False,True,False,True,False,False
0,6,52.66,0,315.96,True,False,False,False,False,True
1,23,48.63,0,1118.49,False,False,True,False,False,False
1,30,108.2,0,3246.0,True,False,True,False,False,False
0,54,36.17,0,1953.18,True,False,True,False,False,True
1,11,38.11,0,419.21,False,True,False,False,False,False
0,31,77.17,1,2392.27,True,True,False,False,False,False
1,6,54.37,0,326.22,True,True,False,True,False,False
0,11,62.15,0,683.65,True,False,False,False,False,True
1,12,100.65,0,1207.8,False,False,True,False,True,False
1,66,110.36,0,7283.76,False,True,False,False,False,False
0,53,99.06,1,5250.18,True,True,False,False,False,False
0,36,43.49,1,1565.64,False,False,True,False,True,False
0,17,118.0,0,2006.0,False,False,True,True,False,False
0,28,56.32,1,1576.96,False,False,False,True,False,False
0,22,36.91,0,812.02,False,False,False,True,False,False
1,7,69.95,0,489.65,True,False,False,False,True,False
0,15,92.53,1,1387.95,True,True,False,True,False,False
0,11,28.33,0,311.63,False,True,False,False,False,False
0,24,83.43,0,2002.32,False,False,True,True,False,False
0,67,105.81,0,7089.27,True,False,False,False,False,False
0,30,46.18,0,1385.4,True,False,True,False,True,False
1,70,89.31,0,6251.7,False,False,False,True,False,False
0,66,59.99,1,3959.34,True,False,False,True,False,False
0,61,61.41,0,3746.01,False,False,False,False,False,False
0,41,48.08,0,1971.28,False,False,False,False,True,False
1,51,82.44,0,4204.44,True,False,True,True,False,False
1,44,56.1,0,2468.4,True,False,True,False,True,False
0,13,103.09,1,1340.17,False,True,False,False,False,False
0,12,116.29,1,1395.48,False,False,False,False,False,False
1,9,113.51,1,1021.59,True,False,True,True,False,False
1,48,36.31,0,1742.88,False,False,False,False,True,False
1,49,21.42,1,1049.58,True,False,False,False,False,False
0,53,63.85,0,3384.05,False,True,False,False,True,False
0,56,92.89,0,5201.84,True,True,False,False,False,True
1,40,117.75,1,4710.0,True,False,True,False,False,True
0,24,98.34,0,2360.16,True,False,True,True,False,False
1,33,78.05,0,2575.65,False,True,False,False,True,False
1,23,22.64,1,520.72,False,False,True,False,True,False
1,54,102.55,1,5537.7,True,False,True,False,False,False
0,53,37.71,0,1998.63,False,True,False,False,True,False
1,49,25.56,1,1252.44,True,False,False,False,True,False
1,49,105.04,1,5146.96,True,False,False,False,False,False
0,60,76.63,1,4597.8,False,True,False,True,False,False
1,65,32.86,0,2135.9,False,False,False,False,False,False
0,32,58.65,0,1876.8,True,False,False,False,False,True
1,21,28.55,1,599.55,False,True,False,False,True,False
0,18,83.8,0,1508.4,False,False,True,False,True,False
1,60,48.24,0,2894.4,True,True,False,True,False,False
1,13,106.61,0,1385.93,True,True,False,False,False,True
1,24,55.78,0,1338.72,False,False,False,False,True,False
1,30,69.46,1,2083.8,True,True,False,False,False,False
1,2,26.35,0,52.7,True,False,False,False,True,False
0,25,47.56,0,1189.0,False,True,False,True,False,False
0,50,87.68,1,4384.0,True,False,True,False,False,False
1,14,93.63,0,1310.82,True,False,False,False,True,False
1,6,44.28,0,265.68,False,True,False,True,False,False
1,30,70.38,0,2111.4,False,False,False,False,False,True
0,30,101.75,0,3052.5,True,True,False,False,False,False
0,38,57.99,1,2203.62,True,True,False,False,False,False
1,58,33.38,0,1936.04,False,True,False,False,False,True
0,41,63.19,0,2590.79,False,False,False,False,False,False
1,57,80.06,1,4563.42,False,False,False,True,False,False
1,36,20.74,0,746.64,False,False,True,False,False,True
1,64,54.86,0,3511.04,True,False,True,False,True,False
0,16,80.74,0,1291.84,False,False,True,True,False,False
1,14,115.19,1,1612.66,False,False,True,False,False,True
1,31,60.85,0,1886.35,True,True,False,False,True,False
1,66,36.3,0,2395.8,False,False,False,True,False,False
0,68,73.42,0,4992.56,True,True,False,True,False,False
0,65,48.58,0,3157.7,False,False,False,False,False,False
0,55,41.48,1,2281.4,False,False,False,False,False,False
1,40,79.04,0,3161.6,False,True,False,False,False,True
0,25,111.59,1,2789.75,True,True,False,False,True,False
1,25,103.52,0,2588.0,True,False,False,True,False,False
0,3,38.23,1,114.69,False,False,True,True,False,False
1,69,96.59,1,6664.71,True,False,True,False,False,True
0,26,42.99,0,1117.74,True,False,False,False,False,False
1,40,49.07,0,1962.8,True,True,False,True,False,False
0,38,112.01,1,4256.38,True,True,False,True,False,False
0,38,111.11,1,4222.18,True,False,False,False,False,False
0,68,36.86,0,2506.48,True,True,False,False,True,False
1,7,26.42,0,184.94,False,False,False,False,True,False
0,30,49.31,1,1479.3,False,False,False,False,False,False
0,19,78.18,0,1485.42,True,False,False,True,False,False
0,35,107.69,0,3769.15,False,True,False,False,False,False
0,33,31.88,1,1052.04,False,False,True,False,True,False
1,33,61.5,1,2029.5,False,False,False,False,False,True
0,38,47.17,1,1792.46,False,True,False,False,False,True
1,10,21.49,0,214.9,True,False,True,False,True,False
1,57,98.84,1,5633.88,False,False,False,False,True,False
1,28,101.33,0,2837.24,False,False,True,False,True,False
1,38,42.12,0,1600.56,True,True,False,False,False,False
0,16,35.12,0,561.92,True,False,True,False,False,True
1,21,34.46,1,723.66,False,False,True,False,True,False
1,6,66.39,0,398.34,False,True,False,True,False,False
1,41,44.65,1,1830.65,False,False,False,False,False,True
1,15,71.14,1,1067.1,False,True,False,False,False,False
0,3,58.49,0,175.47,False,True,False,True,False,False
0,43,41.09,1,1766.87,False,False,False,False,False,False
1,47,95.12,1,4470.64,True,False,False,False,True,False
1,14,35.04,0,490.56,False,True,False,False,True,False
1,66,99.89,0,6592.74,False,False,False,False,True,False
0,29,76.14,0,2208.06,True,False,False,True,False,False
0,4,103.2,0,412.8,True,True,False,False,True,False
0,26,20.48,1,532.48,True,True,False,False,False,True
0,12,94.92,0,1139.04,True,True,False,False,True,False
0,2,25.15,1,50.3,False,True,False,False,False,True
1,17,115.01,1,1955.17,False,False,True,True,False,False
0,35,90.27,0,3159.45,False,False,True,False,False,False
0,10,52.02,0,520.2,False,False,False,False,False,False
1,43,51.99,0,2235.57,False,False,True,False,False,True
0,21,106.15,0,2229.15,False,False,True,True,False,False
0,15,110.28,0,1654.2,True,False,True,False,False,True
0,35,109.16,0,3820.6,False,False,False,False,True,False
1,60,100.87,0,6052.2,True,False,True,False,True,False
0,44,101.9,0,4483.6,True,True,False,False,True,False
1,5,77.28,1,386.4,False,True,False,False,False,False
1,18,22.82,0,410.76,True,False,False,False,False,True
0,21,28.68,0,602.28,False,False,False,True,False,False
0,51,84.96,0,4332.96,True,False,False,False,False,True
0,41,60.12,0,2464.92,False,False,True,False,False,True
0,24,76.73,0,1841.52,True,False,False,False,False,True
1,24,43.11,0,1034.64,False,False,False,False,True,False
0,38,84.94,0,3227.72,False,False,False,False,True,False
1,44,44.28,0,1948.32,False,True,False,False,False,True
1,57,66.08,0,3766.56,False,False,False,False,True,False
1,59,67.87,0,4004.33,False,True,False,False,False,False
1,34,37.77,0,1284.18,True,True,False,False,True,False
1,23,107.62,1,2475.26,True,False,False,False,False,False
0,43,72.58,0,3120.94,True,False,False,False,False,False
1,40,106.68,0,4267.2,False,False,True,False,False,True
1,47,46.25,1,2173.75,True,False,False,False,False,True
0,41,37.23,1,1526.43,False,False,False,False,True,False
0,47,21.8,1,1024.6,False,False,False,True,False,False
1,20,29.39,0,587.8,True,False,False,False,False,True
1,65,34.75,0,2258.75,True,False,False,False,False,False
0,68,27.89,0,1896.52,False,False,False,False,False,False
1,24,109.69,1,2632.56,True,False,True,False,True,False
0,36,111.14,1,4001.04,False,False,True,False,False,False
0,45,113.74,0,5118.3,False,False,False,False,False,True
1,2,115.99,0,231.98,False,False,True,False,True,False
0,28,69.18,0,1937.04,False,True,False,False,True,False
1,26,73.0,0,1898.0,False,False,True,True,False,False
1,23,33.08,1,760.84,True,True,False,False,True,False
1,36,33.71,0,1213.56,True,False,False,True,False,False
0,6,97.28,0,583.68,False,True,False,False,False,True
1,35,105.57,1,3694.95,False,False,False,False,False,False
0,38,98.47,0,3741.86,True,False,True,False,False,True
1,35,103.46,0,3621.1,True,True,False,False,True,False
1,53,47.66,0,2525.98,False,True,False,True,False,False
0,38,66.61,0,2531.18,True,True,False,False,False,False
1,59,65.92,0,3889.28,False,False,False,False,True,False
1,43,119.53,0,5139.79,True,False,False,False,False,True
0,4,114.92,0,459.68,False,False,True,False,True,False
0,5,79.85,0,399.25,True,False,True,True,False,False
0,68,33.8,0,2298.4,False,False,False,False,False,True
1,45,45.86,1,2063.7,True,False,True,False,True,False
0,25,56.38,0,1409.5,True,True,False,True,False,False
0,11,107.32,0,1180.52,False,True,False,False,True,False
1,29,37.06,0,1074.74,True,True,False,True,False,False
0,34,41.97,0,1426.98,False,False,True,False,True,False
1,14,54.94,0,769.16,True,True,False,False,False,True
1,24,112.69,1,2704.56,False,True,False,False,False,True
0,59,70.38,0,4152.42,True,False,False,False,False,True
1,39,84.68,0,3302.52,False,False,False,False,False,True
0,26,58.72,0,1526.72,True,False,True,False,False,True
0,43,38.85,1,1670.55,False,False,False,False,False,False
0,36,42.28,1,1522.08,True,False,True,False,True,False
0,39,100.27,0,3910.53,False,False,True,False,False,True
1,61,109.35,0,6670.35,False,False,False,False,False,False
1,16,69.31,0,1108.96,False,False,False,False,False,False
0,59,55.7,1,3286.3,True,False,True,False,True,False
0,6,100.78,0,604.68,False,False,True,True,False,False
1,56,87.31,0,4889.36,True,False,True,False,True,False
0,8,24.09,0,192.72,False,True,False,False,True,False
1,27,55.07,0,1486.89,True,True,False,True,False,False
0,71,88.22,0,6263.62,False,False,False,True,False,False
1,27,77.37,0,2088.99,True,True,False,False,False,True
1,46,117.81,1,5419.26,True,True,False,True,False,False
1,41,106.61,0,4371.01,False,False,True,True,False,False
0,25,25.97,0,649.25,True,True,False,False,True,False
0,18,92.58,0,1666.44,True,False,False,False,True,False
0,12,53.63,0,643.56,False,True,False,False,True,False
0,51,88.21,0,4498.71,True,True,False,True,False,False
0,39,81.72,1,3187.08,True,True,False,False,False,False
1,10,70.31,0,703.1,True,False,False,False,False,True
1,54,105.29,1,5685.66,False,False,False,False,True,False
1,29,90.87,0,2635.23,True,False,True,False,False,False
1,41,108.96,0,4467.36,False,True,False,False,False,True
1,9,48.16,0,433.44,True,False,True,False,True,False
1,63,54.81,1,3453.03,True,False,True,False,False,False
1,37,82.2,0,3041.4,True,False,False,False,False,True
0,14,116.65,0,1633.1,False,False,True,False,True,False
1,39,57.16,0,2229.24,True,True,False,False,True,False
0,40,23.23,0,929.2,True,False,True,False,False,False
1,54,64.59,0,3487.86,False,False,False,True,False,False
1,3,74.39,0,223.17,True,False,False,True,False,False
0,55,100.1,0,5505.5,False,False,False,False,True,False
1,33,92.86,0,3064.38,False,True,False,False,False,False
0,71,116.47,0,8269.37,True,False,True,True,False,False
1,19,98.27,1,1867.13,False,True,False,True,False,False
0,34,49.86,0,1695.24,True,False,False,True,False,False
1,50,84.14,0,4207.0,False,True,False,False,False,False
0,47,87.22,1,4099.34,False,False,False,False,False,False
0,46,119.8,0,5510.8,True,True,False,False,False,True
1,56,33.87,0,1896.72,False,True,False,True,False,False
1,57,39.13,0,2230.41,False,False,True,False,False,False
0,51,35.55,0,1813.05,False,False,True,False,False,True
1,54,78.91,0,4261.14,False,False,False,False,True,False
0,28,33.53,0,938.84,False,False,True,False,False,True
1,19,85.6,0,1626.4,True,False,True,True,False,False
0,27,100.38,0,2710.26,False,True,False,False,False,False
1,48,63.28,1,3037.44,True,False,False,True,False,False
0,19,76.07,0,1445.33,False,True,False,True,False,False
1,51,111.27,1,5674.77,True,True,False,False,True,False
0,7,76.96,0,538.72,True,False,True,False,False,False
0,29,40.86,0,1184.94,False,False,True,False,False,False
1,43,54.32,0,2335.76,False,False,False,False,True,False
1,69,72.98,0,5035.62,False,False,True,False,False,False
0,58,35.49,0,2058.42,True,True,False,False,False,True
0,8,81.25,1,650.0,False,False,True,True,False,False
0,42,119.92,0,5036.64,True,False,False,False,True,False
0,42,85.25,0,3580.5,True,False,False,False,True,False
1,13,57.24,0,744.12,True,True,False,True,False,False
0,26,53.17,0,1382.42,False,True,False,False,True,False
0,18,113.16,0,2036.88,False,False,True,False,False,False
0,42,107.15,1,4500.3,True,False,False,False,False,False
1,51,67.24,0,3429.24,True,True,False,True,False,False
0,16,55.34,0,885.44,False,False,True,False,True,False
1,3,91.05,0,273.15,True,False,True,False,False,True
1,45,51.45,1,2315.25,False,False,True,True,False,False
1,22,31.94,0,702.68,True,True,False,False,False,False
1,23,51.02,0,1173.46,False,True,False,False,False,False
1,59,63.43,0,3742.37,True,False,True,False,False,False
1,62,45.54,0,2823.48,False,False,True,False,False,True
1,68,41.68,1,2834.24,True,True,False,False,False,False
0,54,20.61,0,1112.94,False,False,False,True,False,False
0,57,83.08,0,4735.56,False,False,True,True,False,False
1,23,81.44,0,1873.12,True,False,False,True,False,False
0,60,38.8,0,2328.0,True,False,False,False,False,False
0,55,114.37,0,6290.35,False,True,False,False,False,True
1,63,60.96,1,3840.48,True,True,False,False,False,True
0,56,22.55,0,1262.8,False,False,False,False,False,False
1,55,41.98,0,2308.9,True,True,False,False,True,False
0,25,89.21,1,2230.25,False,False,False,False,True,False
1,26,40.16,0,1044.16,False,False,False,True,False,False
1,49,25.39,0,1244.11,False,True,False,False,False,True
0,63,81.77,1,5151.51,False,True,False,False,False,False
0,45,71.84,0,3232.8,False,False,True,False,False,True
1,39,96.13,1,3749.07,False,True,False,False,False,True
1,65,97.26,0,6321.9,True,False,True,False,True,False
1,69,115.99,0,8003.31,True,True,False,False,False,True
0,56,25.7,0,1439.2,True,True,False,False,False,True
0,9,23.9,0,215.1,False,True,False,False,False,False
0,70,118.72,0,8310.4,False,True,False,False,False,False
0,28,84.48,0,2365.44,False,False,False,False,False,True
1,45,91.54,1,4119.3,False,True,False,False,False,True
1,26,29.65,1,770.9,True,False,False,False,False,False
1,28,26.98,0,755.44,True,True,False,False,True,False
1,40,36.03,0,1441.2,False,True,False,False,False,False
0,15,62.72,0,940.8,True,False,False,False,False,False
1,6,31.02,0,186.12,True,True,False,False,False,False
1,27,64.63,1,1745.01,False,False,True,False,False,False
0,38,76.15,0,2893.7,True,False,True,False,False,False
0,68,20.03,0,1362.04,False,True,False,False,True,False
1,64,31.42,0,2010.88,True,False,True,True,False,False
0,30,57.52,0,1725.6,False,False,True,False,False,False
1,3,25.33,0,75.99,False,False,True,False,False,False
0,62,33.35,0,2067.7,False,False,True,False,True,False
0,12,43.18,0,518.16,False,False,False,True,False,False
1,30,62.96,0,1888.8,True,False,False,False,False,True
0,38,91.48,0,3476.24,False,False,False,False,True,False
1,60,33.27,1,1996.2,False,False,True,False,False,False
0,38,93.8,0,3564.4,False,False,True,False,False,True
0,15,105.51,0,1582.65,True,False,False,False,True,False
0,18,85.15,0,1532.7,False,False,True,False,False,True
0,52,24.37,0,1267.24,True,False,False,False,True,False
0,29,64.07,1,1858.03,False,False,False,False,True,False
1,60,86.01,1,5160.6,True,False,False,False,False,True
0,21,117.85,1,2474.85,True,False,True,True,False,False
1,17,115.18,1,1958.06,False,False,False,False,False,True
0,18,59.57,1,1072.26,True,True,False,False,False,True
1,57,81.59,0,4650.63,False,False,False,True,False,False
0,37,109.08,0,4035.96,False,False,False,False,False,True
1,60,103.1,0,6186.0,False,True,False,True,False,False
1,38,67.94,1,2581.72,True,False,True,True,False,False
0,12,46.12,0,553.44,True,False,False,True,False,False
0,1,33.71,0,33.71,False,True,False,False,False,False
0,58,68.8,1,3990.4,False,False,True,False,True,False
1,3,92.28,0,276.84,True,True,False,False,False,False
1,63,116.98,0,7369.74,False,False,False,False,True,False
0,21,106.18,1,2229.78,False,True,False,False,False,False
0,23,40.42,1,929.66,False,False,True,True,False,False
1,9,91.98,1,827.82,True,False,False,False,False,False
1,55,48.91,1,2690.05,True,True,False,False,True,False
0,19,88.35,0,1678.65,True,False,True,False,False,False
1,62,86.58,0,5367.96,False,False,True,False,False,True
0,39,47.24,0,1842.36,False,False,False,False,False,True
0,27,43.44,1,1172.88,False,False,False,True,False,False
0,46,30.39,0,1397.94,True,False,False,False,False,False
1,34,25.05,0,851.7,False,False,False,False,False,False
1,33,105.85,0,3493.05,False,True,False,False,True,False
1,50,24.98,0,1249.0,False,False,True,False,True,False
1,20,28.87,0,577.4,False,False,False,False,False,False
0,40,43.89,1,1755.6,True,False,False,False,True,False
1,58,108.77,0,6308.66,True,False,False,False,False,True
0,31,53.29,0,1651.99,False,True,False,False,False,True
0,38,39.18,0,1488.84,True,False,True,True,False,False
0,45,91.56,0,4120.2,True,False,True,False,False,True
1,41,51.91,0,2128.31,False,False,False,False,True,False
0,9,53.34,0,480.06,False,False,True,False,True,False
0,9,93.9,1,845.1,True,True,False,False,True,False
1,63,45.17,1,2845.71,False,False,True,False,True,False
0,22,109.68,1,2412.96,True,False,False,False,False,False
1,16,76.14,0,1218.24,False,False,True,False,False,False
1,32,73.78,1,2360.96,True,True,False,False,False,False
1,66,46.48,1,3067.68,False,True,False,False,False,False
0,14,103.51,1,1449.14,True,False,True,False,False,True
1,38,77.27,0,2936.26,True,False,True,False,True,False
1,8,35.55,0,284.4,True,False,False,False,False,True
1,21,40.63,0,853.23,False,False,False,False,True,False
1,56,66.83,1,3742.48,True,False,False,False,False,False
0,46,97.96,0,4506.16,True,False,True,False,False,True
1,43,113.93,0,4898.99,False,True,False,False,True,False
0,46,86.35,0,3972.1,False,True,False,False,False,False
1,48,70.61,1,3389.28,True,False,True,True,False,False
0,70,45.07,1,3154.9,True,True,False,False,True,False
1,31,87.29,0,2705.99,False,True,False,True,False,False
0,33,118.22,1,3901.26,False,False,True,False,True,False
1,44,67.62,0,2975.28,False,True,False,False,False,False
0,71,36.21,0,2570.91,False,False,True,False,False,True
0,8,30.33,1,242.64,False,False,False,False,True,False
0,2,46.93,1,93.86,True,True,False,True,False,False
1,17,76.94,0,1307.98,False,False,True,False,False,False
0,52,114.68,0,5963.36,True,True,False,False,True,False
0,45,49.92,0,2246.4,True,True,False,True,False,False
0,37,50.54,0,1869.98,True,False,False,False,True,False
0,42,68.12,0,2861.04,False,False,True,True,False,False
1,44,111.85,0,4921.4,True,False,False,False,True,False
0,38,61.91,1,2352.58,True,True,False,False,False,True
0,6,42.32,0,253.92,False,True,False,False,False,True
0,68,36.31,0,2469.08,True,True,False,False,False,True
1,51,65.7,0,3350.7,True,False,True,False,False,True
0,35,100.07,1,3502.45,False,False,False,False,False,False
0,58,49.14,0,2850.12,True,False,True,False,False,True
0,57,71.25,0,4061.25,True,True,False,False,True,False
0,6,80.3,0,481.8,True,False,False,False,False,False
1,13,65.05,0,845.65,False,True,False,False,True,False
0,59,39.17,0,2311.03,False,False,False,True,False,False
0,30,112.17,0,3365.1,False,False,True,False,False,True
1,2,76.54,0,153.08,True,False,True,False,True,False
1,58,92.91,0,5388.78,True,False,True,False,True,False
1,36,83.6,0,3009.6,False,False,True,False,True,False
0,45,119.8,1,5391.0,True,False,True,True,False,False
1,9,65.63,1,590.67,True,False,False,True,False,False
0,65,62.5,0,4062.5,False,False,False,True,False,False
1,50,56.01,0,2800.5,False,True,False,False,True,False
0,32,56.16,0,1797.12,True,False,False,True,False,False
1,43,47.58,0,2045.94,True,True,False,False,False,True
0,54,118.06,1,6375.24,True,False,True,True,False,False
1,47,107.08,0,5032.76,False,False,False,True,False,False
0,14,51.67,1,723.38,False,False,False,False,True,False
0,48,50.52,1,2424.96,False,False,True,False,True,False
0,55,30.35,0,1669.25,False,False,True,False,True,False
0,29,107.7,0,3123.3,True,False,True,False,True,False
0,47,57.18,0,2687.46,False,True,False,False,False,True
0,63,77.26,0,4867.38,False,True,False,False,True,False
0,19,110.04,1,2090.76,False,False,False,False,False,False
0,9,60.81,0,547.29,False,False,True,False,False,False
1,37,100.69,0,3725.53,False,False,False,False,True,False
0,52,63.03,1,3277.56,True,False,True,False,True,False
0,57,90.09,1,5135.13,True,False,True,False,False,True
1,28,63.12,0,1767.36,False,False,True,False,False,False
0,36,59.28,1,2134.08,True,False,True,True,False,False
1,64,119.07,0,7620.48,False,False,True,False,False,True
0,18,81.23,1,1462.14,False,True,False,True,False,False
1,35,56.74,0,1985.9,True,False,False,False,True,False
1,68,45.78,1,3113.04,True,False,True,False,False,False
0,39,23.98,0,935.22,False,True,False,True,False,False
1,8,90.66,0,725.28,False,True,False,False,False,False
0,15,57.22,0,858.3,False,False,True,True,False,False
0,7,102.13,0,714.91,True,False,True,False,False,True
0,17,56.39,0,958.63,False,True,False,False,True,False
0,64,57.33,1,3669.12,False,False,True,False,False,False
1,12,97.92,1,1175.04,False,True,False,False,False,True
0,56,68.95,1,3861.2,True,False,True,False,False,False
1,46,108.49,1,4990.54,False,True,False,True,False,False
1,47,79.01,1,3713.47,False,False,True,True,False,False
0,16,44.06,1,704.96,True,True,False,False,True,False
0,69,76.83,0,5301.27,False,False,False,True,False,False
0,2,20.4,1,40.8,False,False,True,False,True,False
0,54,51.24,0,2766.96,True,False,True,False,True,False
1,27,40.8,1,1101.6,False,True,False,False,False,True
0,31,85.42,0,2648.02,True,False,True,False,True,False
1,41,33.6,0,1377.6,True,False,False,False,False,True
0,36,49.01,0,1764.36,False,False,False,False,False,False
0,47,53.13,0,2497.11,False,True,False,True,False,False
0,43,20.33,0,874.19,False,True,False,True,False,False
0,65,24.68,1,1604.2,False,False,True,True,False,False
1,50,51.11,0,2555.5,True,True,False,False,True,False
1,1,42.24,0,42.24,False,False,False,False,False,True
0,57,31.69,0,1806.33,True,False,False,False,False,True
1,16,35.42,0,566.72,False,False,True,False,False,True
1,28,103.55,0,2899.4,False,False,False,False,True,False
0,22,88.33,0,1943.26,False,True,False,True,False,False
0,41,68.41,0,2804.81,True,False,True,True,False,False
1,19,110.89,0,2106.91,False,False,True,False,False,True
1,50,22.96,0,1148.0,False,False,True,False,True,False
1,59,54.49,1,3214.91,False,True,False,True,False,False
1,69,102.34,0,7061.46,False,False,True,False,True,False
0,34,82.83,0,2816.22,True,False,True,False,False,False
0,39,118.17,0,4608.63,False,False,False,False,False,False
1,7,114.45,0,801.15,True,False,False,False,True,False
0,52,36.99,0,1923.48,True,False,True,False,False,False
1,60,117.2,0,7032.0,True,True,False,True,False,False
1,52,114.55,1,5956.6,True,True,False,False,False,True
0,24,57.36,0,1376.64,True,True,False,False,True,False
1,26,118.29,0,3075.54,True,True,False,False,False,False
1,10,23.58,0,235.8,False,False,False,False,False,True
0,17,86.08,0,1463.36,True,True,False,True,False,False
0,2,46.61,0,93.22,True,True,False,True,False,False
1,27,32.95,0,889.65,True,False,True,False,True,False
1,71,77.75,1,5520.25,False,True,False,False,False,True
0,48,50.64,0,2430.72,False,True,False,True,False,False
1,9,86.68,0,780.12,True,True,False,False,True,False
1,23,74.0,1,1702.0,False,True,False,False,False,False
0,71,59.26,0,4207.46,True,False,False,False,False,True
0,27,38.18,0,1030.86,True,False,True,True,False,False
0,71,80.13,0,5689.23,False,False,False,False,False,False
0,43,102.92,0,4425.56,True,False,True,False,False,True
0,7,80.0,1,560.0,False,False,True,False,False,True
0,63,81.05,0,5106.15,False,False,True,False,False,True
1,44,71.18,0,3131.92,True,False,True,True,False,False
1,39,58.82,1,2293.98,True,False,False,False,False,True
0,40,65.75,0,2630.0,False,False,True,False,False,False
0,7,118.95,0,832.65,True,True,False,True,False,False
1,70,94.97,0,6647.9,True,True,False,False,False,True
1,25,63.06,1,1576.5,True,False,True,False,False,False
1,59,65.73,0,3878.07,False,True,False,True,False,False
0,13,69.96,0,909.48,False,True,False,False,False,True
0,62,85.93,0,5327.66,True,False,True,False,True,False
1,8,66.6,0,532.8,False,False,True,False,True,False
0,45,88.62,1,3987.9,False,False,True,False,False,True
0,18,52.92,0,952.56,False,False,False,False,True,False
0,60,61.06,1,3663.6,False,False,True,True,False,False
1,60,106.41,0,6384.6,False,False,True,False,False,True
1,2,52.89,1,105.78,True,False,False,False,False,False
0,66,116.44,0,7685.04,True,True,False,False,True,False
0,14,37.25,0,521.5,True,False,False,False,False,True
0,48,44.17,1,2120.16,False,True,False,True,False,False
0,56,66.37,1,3716.72,False,False,False,False,False,True
0,12,99.74,0,1196.88,True,False,True,False,False,False
1,55,93.16,0,5123.8,False,False,False,False,False,False
0,28,37.45,0,1048.6,True,False,True,False,False,True
0,4,43.67,0,174.68,True,True,False,False,False,True
0,36,77.53,0,2791.08,True,False,True,False,False,True
1,50,49.52,0,2476.0,False,False,False,False,False,True
1,3,62.23,0,186.69,False,False,False,True,False,False
0,1,68.66,0,68.66,True,True,False,False,False,True
1,17,79.42,0,1350.14,True,False,True,True,False,False
1,71,45.11,1,3202.81,True,True,False,False,False,True
1,62,36.31,0,2251.22,True,False,True,True,False,False
1,48,59.86,0,2873.28,False,False,True,False,False,False
1,62,28.2,1,1748.4,False,True,False,False,True,False
1,69,72.68,0,5014.92,True,True,False,False,False,True
0,19,103.96,0,1975.24,True,False,True,False,False,True
1,34,31.9,0,1084.6,False,True,False,False,False,False
1,49,31.27,0,1532.23,False,False,True,False,True,False
0,47,28.02,0,1316.94,True,True,False,False,False,False
0,50,104.79,0,5239.5,True,True,False,False,False,False
0,26,28.07,1,729.82,True,True,False,False,False,True
0,56,118.35,0,6627.6,False,False,False,False,False,True
1,14,55.83,1,781.62,False,True,False,False,False,False
1,25,52.88,0,1322.0,False,False,False,False,False,True
1,4,29.16,0,116.64,True,False,True,False,False,True
1,32,78.56,0,2513.92,True,False,True,False,False,True
0,65,78.59,0,5108.35,False,True,False,False,True,False
1,61,69.38,1,4232.18,False,False,False,False,True,False
1,20,51.1,0,1022.0,True,False,True,False,False,True
0,10,56.86,0,568.6,False,False,False,False,False,False
1,34,52.05,0,1769.7,False,False,False,False,True,False
1,61,62.61,0,3819.21,True,False,True,False,False,False
1,27,54.18,1,1462.86,False,False,False,True,False,False
1,40,87.55,1,3502.0,True,False,False,True,False,False
0,65,49.58,1,3222.7,True,False,True,False,False,True
0,33,55.08,0,1817.64,True,True,False,False,False,False
0,68,63.55,0,4321.4,True,True,False,False,False,False
0,71,20.4,0,1448.4,True,False,False,True,False,False
0,9,69.21,0,622.89,True,True,False,False,True,False
1,16,45.58,0,729.28,True,False,True,False,False,False
1,5,25.62,1,128.1,False,False,True,False,False,False
0,23,111.1,1,2555.3,True,False,True,False,True,False
0,43,52.24,1,2246.32,True,False,False,False,False,True
0,57,62.61,0,3568.77,False,False,True,True,False,False
1,51,102.73,0,5239.23,False,False,False,False,False,False
0,13,36.68,1,476.84,False,False,False,False,False,True
1,24,105.03,0,2520.72,True,False,True,False,False,True
1,11,44.16,0,485.76,False,False,True,False,False,True
1,52,78.9,0,4102.8,True,False,False,False,True,False
1,17,88.57,1,1505.69,True,False,True,False,False,True
0,37,110.5,0,4088.5,True,True,False,False,False,False
1,13,80.76,0,1049.88,True,False,False,False,False,True
1,62,65.32,1,4049.84,False,False,False,False,False,True
0,8,77.23,0,617.84,False,False,True,False,False,True
1,56,40.21,0,2251.76,True,False,True,True,False,False
1,70,88.91,0,6223.7,True,False,False,False,False,False
1,44,38.69,0,1702.36,True,False,False,True,False,False
0,60,75.72,0,4543.2,False,False,False,True,False,False
1,41,84.76,0,3475.16,True,False,True,False,False,True
1,21,109.86,0,2307.06,True,False,False,False,False,True
0,42,65.02,0,2730.84,False,True,False,False,False,True
0,29,97.53,1,2828.37,False,True,False,False,True,False
1,65,36.75,0,2388.75,True,False,True,False,False,False
1,17,35.62,1,605.54,False,False,False,False,True,False
0,30,72.48,0,2174.4,False,False,False,False,False,False
1,26,79.63,0,2070.38,True,True,False,False,False,True
0,53,83.23,0,4411.19,False,False,False,False,False,False
1,19,94.57,0,1796.83,True,False,True,False,False,False
0,53,49.49,1,2622.97,False,False,True,True,False,False
1,17,82.26,0,1398.42,True,False,True,False,False,False
0,46,38.81,1,1785.26,True,False,False,False,False,False
0,53,41.9,0,2220.7,True,False,False,True,False,False
0,64,26.73,1,1710.72,False,True,False,False,True,False
0,45,94.7,0,4261.5,True,True,False,False,False,False
0,49,70.7,0,3464.3,False,False,True,False,True,False
1,19,43.82,0,832.58,True,False,False,False,True,False
1,71,75.62,0,5369.02,True,False,False,False,False,True
0,65,55.42,0,3602.3,False,False,True,False,False,False
1,37,103.72,0,3837.64,True,False,True,True,False,False
1,70,72.81,0,5096.7,True,True,False,True,False,False
1,26,22.98,0,597.48,False,True,False,False,False,True
1,2,118.51,1,237.02,True,False,True,True,False,False
1,59,27.43,0,1618.37,True,False,False,False,False,False
1,5,89.6,0,448.0,True,True,False,False,True,False
0,37,63.73,0,2358.01,True,False,True,False,True,False
1,31,44.93,1,1392.83,False,False,False,True,False,False
1,48,87.65,0,4207.2,False,False,True,True,False,False
1,6,32.59,0,195.54,True,False,False,True,False,False
0,15,105.82,0,1587.3,False,True,False,False,True,False
1,15,45.06,0,675.9,True,False,False,False,False,False
1,61,56.15,0,3425.15,False,False,False,False,False,False
1,16,83.26,0,1332.16,True,False,True,False,False,False
0,20,20.1,0,402.0,True,False,False,False,False,False
1,44,67.27,0,2959.88,True,True,False,False,False,False
0,42,109.42,0,4595.64,True,False,True,False,False,True
1,46,88.04,0,4049.84,True,False,True,True,False,False
0,34,58.79,0,1998.86,True,False,True,False,False,False
0,64,86.04,0,5506.56,False,False,True,False,False,True
0,29,113.66,0,3296.14,True,False,True,False,False,False
1,3,38.78,0,116.34,False,False,True,True,False,False
0,9,73.18,0,658.62,True,False,True,False,False,False
0,25,43.47,0,1086.75,False,True,False,False,False,False
0,42,105.42,1,4427.64,False,True,False,False,False,False
0,46,92.11,0,4237.06,False,False,True,True,False,False
1,59,100.11,0,5906.49,True,False,False,False,True,False
1,21,114.3,0,2400.3,True,False,True,True,False,False
1,22,43.23,0,951.06,False,False,True,False,True,False
1,29,24.87,1,721.23,True,False,True,False,False,True
0,63,49.09,1,3092.67,False,False,False,False,False,True
1,61,59.91,0,3654.51,True,True,False,False,False,False
0,64,82.52,0,5281.28,False,False,False,False,False,False
1,69,99.77,1,6884.13,False,False,False,False,False,False
1,40,54.98,1,2199.2,True,False,False,True,False,False
1,1,67.35,0,67.35,False,False,False,False,False,False
0,65,98.55,0,6405.75,True,False,True,False,True,False
1,62,42.53,0,2636.86,False,True,False,False,False,True
1,54,41.71,0,2252.34,False,False,False,False,False,True
1,60,78.92,0,4735.2,True,True,False,False,False,True
0,46,63.61,0,2926.06,True,False,True,False,True,False
1,5,114.89,0,574.45,True,False,True,False,False,False
1,22,55.7,0,1225.4,False,True,False,False,True,False
0,53,95.96,0,5085.88,True,False,True,False,True,False
0,70,78.31,0,5481.7,False,True,False,True,False,False
1,32,25.46,1,814.72,False,False,False,True,False,False
1,11,28.44,0,312.84,True,False,True,False,False,True
1,10,40.32,0,403.2,True,False,True,False,True,False
0,39,34.32,1,1338.48,False,True,False,False,False,True
0,31,52.94,0,1641.14,False,False,True,False,True,False
0,12,77.9,1,934.8,True,False,False,False,False,True
1,38,80.24,1,3049.12,True,False,True,False,False,True
0,67,78.78,0,5278.26,True,False,True,False,False,False
1,66,31.76,0,2096.16,True,False,True,False,False,True
0,52,80.02,1,4161.04,True,True,False,True,False,False
0,5,60.97,0,304.85,False,False,False,False,True,False
0,11,110.31,0,1213.41,False,False,False,False,False,True
1,25,111.2,1,2780.0,False,False,True,False,True,False
1,35,96.82,0,3388.7,False,False,True,False,False,True
1,35,90.31,0,3160.85,True,True,False,True,False,False
1,22,31.5,0,693.0,True,False,False,False,False,False
0,37,28.47,0,1053.39,True,False,True,False,False,False
1,55,104.08,0,5724.4,False,False,False,False,True,False
0,64,62.7,0,4012.8,False,False,True,False,False,True
1,20,65.14,0,1302.8,True,False,True,True,False,False
1,4,104.78,0,419.12,True,True,False,False,True,False
0,18,82.14,1,1478.52,False,False,False,False,False,False
0,51,37.94,0,1934.94,False,False,False,False,True,False
1,68,41.1,0,2794.8,True,False,True,False,True,False
1,20,20.64,0,412.8,True,False,True,False,False,True
0,9,91.07,1,819.63,False,True,False,True,False,False
0,26,68.56,0,1782.56,True,False,True,False,False,False
0,25,115.0,0,2875.0,True,False,False,False,False,False
0,68,91.4,1,6215.2,True,True,False,True,False,False
0,41,30.32,1,1243.12,False,False,False,False,False,True
1,59,36.15,0,2132.85,False,True,False,True,False,False
1,45,70.17,0,3157.65,False,False,False,True,False,False
1,41,112.49,1,4612.09,False,False,True,False,False,True
1,38,44.73,1,1699.74,False,False,False,False,False,True
0,19,102.56,0,1948.64,False,False,False,False,False,False
0,14,51.23,0,717.22,False,True,False,False,False,False
0,21,46.99,0,986.79,True,False,False,False,False,True
1,15,110.14,0,1652.1,True,False,True,False,True,False
0,3,24.72,0,74.16,True,True,False,False,False,False
0,37,86.07,0,3184.59,True,True,False,False,False,True
1,46,24.32,0,1118.72,True,False,False,False,False,True
1,16,100.08,0,1601.28,True,True,False,False,True,False
1,14,102.94,0,1441.16,True,False,True,True,False,False
0,9,109.34,0,984.06,False,False,False,False,False,True
0,7,38.61,0,270.27,False,False,True,False,True,False
1,14,32.45,0,454.3,True,False,False,False,True,False
1,6,70.35,1,422.1,True,False,False,False,False,False
0,15,47.16,0,707.4,False,True,False,False,False,True
1,52,80.63,0,4192.76,True,True,False,False,False,False
0,34,71.37,0,2426.58,True,True,False,True,False,False
1,1,34.49,0,34.49,False,False,False,True,False,False
1,69,93.93,0,6481.17,True,True,False,False,False,False
1,20,100.38,0,2007.6,False,False,True,False,False,False
0,7,116.3,0,814.1,True,True,False,False,False,True
0,7,59.55,0,416.85,False,False,True,False,False,True
1,50,53.77,0,2688.5,False,True,False,False,False,True
0,2,39.23,0,78.46,False,False,False,True,False,False
1,47,38.09,1,1790.23,True,True,False,False,False,False
1,14,52.11,1,729.54,False,False,True,False,True,False
0,31,118.18,0,3663.58,True,False,True,False,False,False
0,50,29.23,1,1461.5,True,True,False,False,True,False
0,61,45.94,1,2802.34,True,False,True,False,False,True
0,41,28.6,0,1172.6,True,False,False,False,False,True
1,14,47.36,0,663.04,False,True,False,False,False,False
0,5,29.24,1,146.2,False,False,True,False,True,False
0,5,70.83,0,354.15,True,True,False,True,False,False
1,64,63.84,0,4085.76,True,True,False,False,False,True
1,29,37.41,1,1084.89,False,True,False,False,False,True
1,5,37.48,0,187.4,True,True,False,False,False,False
1,36,82.61,1,2973.96,False,True,False,False,False,False
0,19,58.71,1,1115.49,True,False,False,True,False,False
0,64,25.62,0,1639.68,True,True,False,False,False,False
1,22,112.02,0,2464.44,False,False,False,True,False,False
1,34,60.5,0,2057.0,True,True,False,False,True,False
0,56,79.1,0,4429.6,False,False,True,True,False,False
0,17,108.54,0,1845.18,True,True,False,False,True,False
0,56,60.22,0,3372.32,True,True,False,False,False,True
0,17,102.07,0,1735.19,True,False,True,False,False,False
0,18,111.48,0,2006.64,False,False,False,False,False,True
1,45,37.41,0,1683.45,True,False,False,True,False,False
1,56,109.25,0,6118.0,True,False,False,True,False,False
1,50,31.98,1,1599.0,True,False,False,True,False,False
1,58,47.51,0,2755.58,True,False,True,False,True,False
0,18,100.82,0,1814.76,False,False,False,False,False,True
1,7,110.07,1,770.49,False,False,False,False,False,True
0,10,88.41,0,884.1,True,False,False,True,False,False
0,69,30.48,0,2103.12,False,False,False,False,False,False
0,3,72.3,0,216.9,True,False,False,False,False,True
0,44,77.26,0,3399.44,True,True,False,False,False,False
0,70,48.19,0,3373.3,True,True,False,False,False,True
0,14,119.13,0,1667.82,False,False,False,True,False,False
0,4,53.56,0,214.24,False,False,True,True,False,False
1,18,41.03,0,738.54,False,False,True,False,False,True
0,52,31.01,0,1612.52,False,True,False,False,True,False
1,38,57.85,0,2198.3,False,False,True,False,True,False
1,20,89.26,0,1785.2,False,True,False,False,False,True
0,44,43.14,0,1898.16,False,False,False,True,False,False
0,51,96.95,1,4944.45,False,False,False,False,False,True
1,19,33.54,0,637.26,False,False,True,False,False,False
1,68,64.05,0,4355.4,True,False,True,True,False,False
1,66,90.24,0,5955.84,False,False,True,False,True,False
1,13,33.53,1,435.89,False,False,False,False,True,False
0,62,79.78,0,4946.36,False,False,False,False,False,True
0,61,99.9,0,6093.9,False,False,True,False,False,False
0,30,79.55,0,2386.5,False,False,True,True,False,False
1,30,71.15,0,2134.5,False,False,True,False,True,False
0,51,103.83,0,5295.33,False,False,True,False,False,True
1,48,118.54,1,5689.92,False,True,False,False,False,True
0,33,38.13,0,1258.29,False,False,True,True,False,False
1,19,89.13,0,1693.47,False,False,True,False,False,True
0,71,28.07,0,1992.97,False,True,False,False,False,True
0,57,24.28,0,1383.96,True,True,False,False,False,True
1,19,48.08,0,913.52,True,True,False,False,True,False
1,41,117.09,0,4800.69,False,True,False,False,True,False
1,42,75.22,0,3159.24,False,False,True,False,False,False
1,52,46.83,0,2435.16,True,False,False,True,False,False
1,4,33.26,0,133.04,False,False,False,True,False,False
0,4,112.02,0,448.08,True,False,False,True,False,False
1,5,56.24,0,281.2,True,False,False,True,False,False
0,41,50.67,0,2077.47,True,False,False,False,False,True
0,61,105.8,1,6453.8,True,False,False,True,False,False
0,55,80.44,0,4424.2,True,True,False,False,False,False
0,13,36.86,0,479.18,False,True,False,True,False,False
0,14,62.15,1,870.1,True,False,False,True,False,False
1,60,112.82,1,6769.2,False,False,True,False,False,True
1,25,110.12,1,2753.0,False,False,True,False,False,True
0,44,27.01,0,1188.44,True,False,False,False,False,True
0,10,46.86,0,468.6,True,False,True,False,False,False
1,71,35.45,0,2516.95,False,True,False,False,False,True
1,50,73.38,0,3669.0,True,True,False,True,False,False
0,44,95.0,0,4180.0,True,False,True,False,False,False
1,14,49.55,1,693.7,False,False,False,False,True,False
1,15,95.8,0,1437.0,False,True,False,False,False,True
1,16,86.87,0,1389.92,True,False,True,False,False,False
0,2,92.82,0,185.64,False,False,True,False,True,False
1,30,114.82,0,3444.6,True,True,False,False,False,True
0,30,62.46,1,1873.8,True,True,False,False,True,False
0,31,54.26,0,1682.06,True,False,False,False,False,True
0,20,88.38,0,1767.6,False,False,True,False,False,False
0,49,100.76,0,4937.24,False,False,False,False,False,True
0,35,39.14,1,1369.9,False,True,False,False,False,True
1,23,104.68,1,2407.64,False,False,True,False,False,False
0,61,25.79,0,1573.19,False,True,False,False,False,False
0,55,20.64,0,1135.2,True,True,False,True,False,False
0,67,35.84,0,2401.28,True,True,False,True,False,False
1,8,117.87,1,942.96,True,False,False,False,False,False
1,40,72.36,0,2894.4,True,True,False,False,False,True
1,59,24.66,0,1454.94,False,False,False,False,True,False
1,32,119.72,0,3831.04,True,True,False,False,False,False
1,7,94.49,0,661.43,False,True,False,False,True,False
1,2,103.8,1,207.6,True,False,True,True,False,False
1,6,41.29,0,247.74,False,True,False,True,False,False
0,36,30.54,0,1099.44,False,False,True,False,False,False
0,32,71.51,0,2288.32,True,False,True,False,False,False
1,45,97.22,0,4374.9,True,False,False,False,False,True
0,42,83.78,0,3518.76,True,False,True,True,False,False
0,53,83.11,1,4404.83,True,False,True,True,False,False
1,9,95.71,1,861.39,False,True,False,False,False,False
0,49,42.7,1,2092.3,True,True,False,False,True,False
0,2,86.15,0,172.3,True,False,False,False,False,True
1,67,59.21,0,3967.07,False,False,True,False,False,False
0,11,26.98,1,296.78,True,False,True,False,True,False
1,50,40.21,0,2010.5,True,False,False,False,False,True
1,35,99.4,0,3479.0,True,True,False,False,True,False
0,15,109.59,0,1643.85,True,False,True,False,False,True
0,31,48.28,1,1496.68,True,False,False,False,False,True
0,62,39.04,0,2420.48,False,True,False,False,False,True
1,28,22.67,0,634.76,True,False,False,True,False,False
1,25,114.77,0,2869.25,True,False,False,False,False,False
1,25,88.39,1,2209.75,True,False,True,True,False,False
0,1,115.7,1,115.7,True,True,False,True,False,False
0,59,106.38,0,6276.42,True,False,True,False,False,True
1,69,54.05,0,3729.45,False,False,True,False,False,False
0,42,31.27,0,1313.34,True,True,False,False,False,False
0,34,69.91,0,2376.94,False,True,False,False,False,False
1,66,22.68,1,1496.88,False,True,False,False,False,False
1,18,34.99,0,629.82,True,False,True,False,False,True
0,5,43.34,0,216.7,True,True,False,False,False,False
1,20,86.56,0,1731.2,True,True,False,False,True,False
0,66,70.99,0,4685.34,True,True,False,False,True,False
1,62,50.24,0,3114.88,False,False,False,True,False,False
1,32,76.48,1,2447.36,True,True,False,False,False,True
1,58,32.52,0,1886.16,True,False,True,True,False,False
0,50,95.57,0,4778.5,True,False,False,True,False,False
0,38,91.2,0,3465.6,True,False,True,False,False,False
1,55,41.65,1,2290.75,True,False,False,False,True,False
1,28,80.64,1,2257.92,True,True,False,False,True,False
1,22,70.33,0,1547.26,False,False,False,False,False,False
0,43,26.08,0,1121.44,False,False,True,False,False,False
1,36,47.82,0,1721.52,True,False,False,False,False,True
1,52,119.95,0,6237.4,True,True,False,False,True,False
1,36,29.95,0,1078.2,True,True,False,True,False,False
1,28,70.64,1,1977.92,False,False,True,True,False,False
0,58,104.93,0,6085.94,True,False,False,False,False,True
0,36,50.07,1,1802.52,False,False,True,False,True,False
1,70,46.07,0,3224.9,True,False,True,False,False,False
0,9,109.08,0,981.72,True,False,True,True,False,False
0,21,50.48,0,1060.08,True,True,False,False,True,False
0,64,85.15,0,5449.6,True,False,False,False,True,False
1,61,94.03,0,5735.83,False,True,False,False,True,False
0,40,98.86,1,3954.4,False,True,False,False,False,False
0,56,119.48,0,6690.88,True,True,False,True,False,False
0,4,100.32,0,401.28,True,False,False,False,False,False
1,31,85.7,1,2656.7,False,True,False,False,True,False
1,27,109.55,1,2957.85,False,True,False,False,True,False
0,58,110.57,0,6413.06,False,True,False,True,False,False
0,25,117.32,1,2933.0,False,False,False,True,False,False
1,69,97.65,0,6737.85,True,False,False,False,False,False
1,70,39.49,0,2764.3,False,False,True,False,False,False
0,5,90.98,0,454.9,True,True,False,False,False,False
0,8,27.51,1,220.08,False,True,False,False,True,False
1,9,51.8,0,466.2,False,False,False,True,False,False
1,15,31.58,0,473.7,False,False,False,False,False,True
0,7,114.99,0,804.93,False,True,False,True,False,False
1,15,53.88,0,808.2,False,False,True,True,False,False
0,37,91.32,0,3378.84,True,False,True,True,False,False
0,39,77.13,0,3008.07,True,True,False,False,False,True
0,6,30.75,0,184.5,False,False,True,False,False,False
1,57,76.13,0,4339.41,False,False,True,False,False,True
0,19,86.1,0,1635.9,True,True,False,True,False,False
0,63,108.15,0,6813.45,False,False,True,True,False,False
1,31,27.01,0,837.31,False,False,False,False,True,False
1,10,49.56,0,495.6,True,True,False,True,False,False
0,67,89.23,1,5978.41,False,False,False,False,False,True
0,62,23.43,0,1452.66,False,True,False,False,False,True
1,3,40.36,0,121.08,True,False,False,False,False,True
1,18,41.87,1,753.66,True,False,True,False,False,False
1,25,86.93,0,2173.25,True,False,False,False,True,False
0,20,48.6,0,972.0,False,False,False,False,False,False
0,58,79.96,1,4637.68,True,False,False,False,False,True
0,50,116.53,0,5826.5,True,False,False,False,False,False
1,10,99.32,0,993.2,True,False,False,False,True,False
0,21,53.29,1,1119.09,True,True,False,False,True,False
1,29,67.24,0,1949.96,True,False,False,False,True,False
0,10,40.07,0,400.7,True,False,False,False,True,False
1,13,21.57,0,280.41,False,True,False,False,False,True
0,47,48.97,0,2301.59,False,True,False,True,False,False
0,23,56.94,0,1309.62,True,False,True,False,False,True
1,50,76.44,0,3822.0,True,False,False,False,False,True
1,4,114.41,1,457.64,True,False,False,False,False,True
0,67,114.79,1,7690.93,False,False,True,False,False,True
1,53,27.01,0,1431.53,False,False,False,False,False,False
1,2,81.46,1,162.92,False,False,True,False,True,False
0,68,24.24,0,1648.32,False,True,False,True,False,False
1,65,84.81,0,5512.65,False,False,False,True,False,False
0,57,31.77,1,1810.89,False,False,False,True,False,False
0,70,114.64,0,8024.8,False,True,False,False,False,True
1,7,106.43,0,745.01,False,False,False,False,True,False
1,19,22.23,0,422.37,False,True,False,False,True,False
0,44,98.21,0,4321.24,True,True,False,True,False,False
0,63,83.59,0,5266.17,True,False,True,True,False,False
0,65,69.54,0,4520.1,True,True,False,False,False,True
0,39,80.26,1,3130.14,True,False,True,True,False,False
0,26,87.83,0,2283.58,False,True,False,False,False,True
0,44,108.45,0,4771.8,False,False,True,True,False,False
1,12,96.74,0,1160.88,True,False,True,False,True,False
1,22,77.54,0,1705.88,False,False,True,False,True,False
1,14,102.46,1,1434.44,True,False,True,False,True,False
0,30,118.69,1,3560.7,False,False,False,False,False,False
1,44,50.02,1,2200.88,True,True,False,True,False,False
0,38,31.84,0,1209.92,False,True,False,False,False,False
0,59,93.14,1,5495.26,False,True,False,False,True,False
1,42,117.86,0,4950.12,True,True,False,True,False,False
0,52,31.67,0,1646.84,False,False,True,False,False,False
0,63,63.17,0,3979.71,True,False,False,False,True,False
0,61,26.23,1,1600.03,True,True,False,False,True,False
0,34,97.65,0,3320.1,True,True,False,True,False,False
0,39,114.87,0,4479.93,True,True,False,True,False,False
0,41,69.9,0,2865.9,False,False,True,False,False,True
1,37,60.95,0,2255.15,False,True,False,True,False,False
0,65,110.77,1,7200.05,False,True,False,False,True,False
0,32,33.34,0,1066.88,True,False,False,False,False,True
0,8,109.16,0,873.28,False,False,True,False,False,True
0,18,59.21,0,1065.78,True,False,False,True,False,False
1,45,75.94,1,3417.3,False,True,False,False,True,False
1,33,72.83,0,2403.39,False,False,True,False,False,False
0,5,81.6,0,408.0,False,True,False,False,True,False
0,36,114.21,0,4111.56,True,True,False,False,True,False
0,23,115.11,0,2647.53,False,False,True,True,False,False
1,40,103.11,1,4124.4,False,False,False,False,False,False
1,5,39.15,1,195.75,True,False,True,False,False,True
1,34,53.35,0,1813.9,False,False,True,False,False,False
1,24,68.78,0,1650.72,True,False,False,True,False,False
0,17,110.55,0,1879.35,False,False,True,False,True,False
1,71,72.09,0,5118.39,True,False,False,False,True,False
1,22,117.74,0,2590.28,True,False,False,False,False,False
0,15,118.38,0,1775.7,False,False,True,False,False,False
0,15,79.86,1,1197.9,True,False,True,True,False,False
1,25,107.75,1,2693.75,True,False,False,False,False,False
1,53,119.92,1,6355.76,True,False,False,True,False,False
1,21,104.97,0,2204.37,True,False,False,False,False,True
1,66,85.69,1,5655.54,True,False,False,False,False,False
0,32,104.51,0,3344.32,True,False,False,False,True,False
0,21,28.27,0,593.67,False,False,True,False,False,False
1,68,83.48,1,5676.64,True,True,False,False,True,False
1,44,41.65,1,1832.6,True,False,True,False,False,True
1,66,31.61,1,2086.26,False,True,False,False,False,True
1,14,109.29,1,1530.06,False,False,False,False,False,False
1,15,83.96,1,1259.4,False,False,True,True,False,False
0,20,44.35,0,887.0,False,True,False,False,True,False
0,34,58.68,1,1995.12,False,False,False,False,False,True
0,36,117.33,0,4223.88,False,False,True,False,False,False
1,9,106.22,0,955.98,False,True,False,False,False,True
1,71,21.56,1,1530.76,True,False,True,False,False,False
0,30,117.98,1,3539.4,True,True,False,False,True,False
0,63,56.85,0,3581.55,False,False,True,False,False,False
1,35,89.54,1,3133.9,True,False,True,False,True,False
0,13,91.27,0,1186.51,True,True,False,False,False,True
1,46,111.17,1,5113.82,True,False,True,False,True,False
1,56,108.51,0,6076.56,False,False,True,False,True,False
0,9,48.17,0,433.53,False,False,False,True,False,False
0,36,84.35,1,3036.6,True,True,False,False,False,True
0,3,59.37,1,178.11,False,False,True,False,True,False
1,19,72.55,1,1378.45,True,True,False,True,False,False
1,28,75.47,1,2113.16,True,False,True,True,False,False
0,23,59.63,0,1371.49,True,True,False,False,True,False
1,7,66.39,0,464.73,True,True,False,False,False,False
1,14,40.83,1,571.62,False,False,False,False,True,False
1,46,80.76,1,3714.96,False,False,False,False,False,False
0,15,95.9,0,1438.5,False,True,False,False,True,False
1,67,62.97,0,4218.99,True,False,True,False,False,True
0,15,117.77,0,1766.55,False,True,False,True,False,False
0,51,25.72,0,1311.72,True,False,True,False,True,False
1,8,78.92,1,631.36,False,True,False,False,True,False
0,69,78.36,0,5406.84,True,False,False,False,True,False
1,62,23.63,0,1465.06,True,False,False,False,False,False
0,51,42.46,1,2165.46,True,False,True,False,False,True
0,63,110.55,0,6964.65,False,True,False,False,False,True
1,68,74.45,1,5062.6,False,False,True,False,True,False
0,16,63.64,0,1018.24,False,False,False,True,False,False
0,24,61.55,0,1477.2,False,True,False,True,False,False
0,6,108.82,0,652.92,True,False,False,False,True,False
1,57,56.7,0,3231.9,False,False,False,False,False,False
1,31,105.92,0,3283.52,False,True,False,True,False,False
0,6,50.92,1,305.52,True,False,True,False,False,True
0,29,73.15,0,2121.35,True,True,False,True,False,False
0,67,34.38,0,2303.46,True,False,False,True,False,False
1,3,102.5,1,307.5,False,False,False,False,True,False
1,28,93.6,0,2620.8,True,False,False,True,False,False
0,48,73.01,1,3504.48,True,False,False,False,True,False
1,10,22.59,0,225.9,True,False,True,False,False,True
1,33,68.13,0,2248.29,False,True,False,True,False,False
1,67,42.52,0,2848.84,True,True,False,False,True,False
1,69,61.34,0,4232.46,False,False,True,False,True,False
0,12,105.64,0,1267.68,False,False,True,False,False,True
1,57,96.96,0,5526.72,True,False,False,True,False,False
1,44,44.2,0,1944.8,True,True,False,False,False,False
0,13,118.5,1,1540.5,False,True,False,True,False,False
0,24,110.32,1,2647.68,True,True,False,False,True,False
1,44,72.87,0,3206.28,True,False,True,False,True,False
1,57,73.02,0,4162.14,False,False,False,False,False,True
0,16,110.13,0,1762.08,False,False,False,False,False,True
0,21,83.61,0,1755.81,True,True,False,False,False,False
0,51,73.67,1,3757.17,False,False,False,False,False,False
1,21,94.91,0,1993.11,True,False,True,False,True,False
1,60,43.51,0,2610.6,True,False,True,False,False,False
0,51,107.84,0,5499.84,True,True,False,False,False,False
1,21,73.14,0,1535.94,False,False,False,False,False,False
0,6,80.35,1,482.1,True,False,True,True,False,False
1,65,28.99,0,1884.35,True,False,True,True,False,False
0,58,50.95,1,2955.1,True,False,True,False,True,False
0,6,62.67,0,376.02,False,False,True,True,False,False
1,65,61.39,0,3990.35,False,False,False,False,False,False
1,34,97.83,0,3326.22,False,False,True,False,False,False
1,56,48.23,1,2700.88,False,False,True,False,False,False
1,3,38.21,0,114.63,False,False,False,True,False,False
1,42,78.26,0,3286.92,True,True,False,False,False,True
1,62,81.5,0,5053.0,False,True,False,False,False,False
0,6,32.16,0,192.96,False,False,True,False,False,False
1,6,20.25,1,121.5,False,True,False,False,False,True
0,63,111.76,0,7040.88,True,False,False,False,False,True
0,20,27.96,0,559.2,False,False,True,False,True,False
1,21,109.79,0,2305.59,False,False,False,False,True,False
0,2,59.92,0,119.84,True,True,False,True,False,False
0,56,85.31,1,4777.36,False,True,False,False,False,True
1,10,38.56,0,385.6,True,False,True,False,True,False
1,70,102.39,0,7167.3,True,True,False,False,False,False
1,23,38.02,1,874.46,True,False,True,False,True,False
0,30,58.65,0,1759.5,True,False,True,False,False,False
1,37,43.8,0,1620.6,True,False,False,False,False,False
1,55,103.75,1,5706.25,False,True,False,False,False,False
1,49,105.83,0,5185.67,True,True,False,True,False,False
1,34,57.2,0,1944.8,True,False,True,False,False,True
0,44,50.74,0,2232.56,False,False,True,True,False,False
1,22,97.36,0,2141.92,True,False,True,False,True,False
0,31,107.85,0,3343.35,False,False,True,False,True,False
1,7,82.4,1,576.8,False,False,False,False,False,True
0,21,112.74,1,2367.54,False,True,False,False,False,True
0,16,58.3,0,932.8,True,False,False,False,True,False
0,20,35.19,1,703.8,True,True,False,False,False,True
1,43,37.96,0,1632.28,True,False,False,False,False,True
0,44,86.98,0,3827.12,False,False,True,False,False,False
1,47,60.75,0,2855.25,True,False,False,True,False,False
1,19,35.63,0,676.97,True,False,False,True,False,False
1,48,49.22,1,2362.56,True,False,True,True,False,False
1,69,73.06,0,5041.14,False,False,True,False,False,False
1,11,32.14,0,353.54,False,True,False,False,False,False
0,29,20.34,0,589.86,True,True,False,False,False,True
1,45,111.73,0,5027.85,True,False,False,False,False,True
0,68,50.49,1,3433.32,True,False,False,False,False,False
0,36,42.15,1,1517.4,True,False,False,False,False,False
0,48,89.85,0,4312.8,False,False,True,False,True,False
0,15,105.34,0,1580.1,False,True,False,False,False,False
0,44,83.23,0,3662.12,False,False,False,False,False,False
0,67,45.45,0,3045.15,False,True,False,True,False,False
0,40,106.16,0,4246.4,True,True,False,False,True,False
1,14,71.04,0,994.56,True,False,True,True,False,False
0,63,58.12,1,3661.56,True,False,True,True,False,False
1,51,80.47,0,4103.97,False,False,False,False,True,False
0,58,90.06,0,5223.48,True,False,False,False,True,False
0,15,79.38,0,1190.7,False,False,False,False,True,False
0,65,112.02,0,7281.3,False,False,False,False,False,True
0,55,82.8,0,4554.0,True,False,False,False,True,False
1,10,107.86,0,1078.6,True,True,False,True,False,False
1,42,78.7,0,3305.4,True,True,False,False,True,False
1,11,52.97,0,582.67,False,False,True,False,False,True
0,16,73.23,0,1171.68,True,False,True,True,False,False
0,19,28.63,0,543.97,False,True,False,False,True,False
0,31,43.02,1,1333.62,True,False,True,False,True,False
1,53,96.62,1,5120.86,False,False,True,True,False,False
0,8,86.15,1,689.2,False,False,False,True,False,False
1,24,36.65,0,879.6,True,False,True,False,True,False
1,8,63.8,0,510.4,False,False,True,False,False,True
0,48,34.2,0,1641.6,False,False,True,True,False,False
0,30,105.58,0,3167.4,True,True,False,False,False,False
1,58,30.92,1,1793.36,False,True,False,False,True,False
1,55,85.42,0,4698.1,True,False,False,True,False,False
1,62,80.7,1,5003.4,False,False,True,True,False,False
0,48,67.28,1,3229.44,True,True,False,False,True,False
0,4,47.82,1,191.28,True,False,False,False,True,False
0,37,60.4,1,2234.8,False,False,True,False,True,False
0,8,100.64,0,805.12,False,False,False,False,False,True
0,1,96.16,0,96.16,False,False,False,False,False,False
0,70,93.88,0,6571.6,False,False,True,True,False,False
1,47,94.98,0,4464.06,False,True,False,False,True,False
1,5,34.39,0,171.95,True,False,True,False,True,False
1,50,29.91,0,1495.5,False,False,True,False,False,True
0,24,106.15,1,2547.6,True,False,True,False,False,False
1,47,103.72,0,4874.84,True,True,False,True,False,False
0,18,88.13,0,1586.34,False,False,True,False,False,False
0,28,80.59,0,2256.52,True,True,False,False,False,False
1,5,56.69,1,283.45,True,False,False,False,True,False
0,30,42.41,0,1272.3,True,True,False,False,True,False
1,1,86.77,0,86.77,True,False,False,False,True,False
1,46,111.3,0,5119.8,False,False,False,False,False,True
0,69,63.7,1,4395.3,True,False,True,False,False,True
1,31,50.32,0,1559.92,False,True,False,False,False,True
1,70,47.07,1,3294.9,False,False,False,False,True,False
1,56,22.37,0,1252.72,True,False,False,False,True,False
1,28,72.03,0,2016.84,False,True,False,False,True,False
0,16,118.82,0,1901.12,False,True,False,False,False,False
1,54,101.52,1,5482.08,False,False,False,False,False,True
1,53,109.75,0,5816.75,True,False,False,False,False,True
1,12,82.12,1,985.44,False,True,False,False,False,False
0,20,68.14,0,1362.8,False,True,False,True,False,False
1,34,119.05,0,4047.7,False,False,False,False,False,False
0,53,64.72,0,3430.16,True,False,True,False,False,False
1,64,111.68,0,7147.52,False,True,False,False,True,False
1,23,96.18,0,2212.14,True,False,False,True,False,False
1,27,53.1,1,1433.7,True,False,False,False,False,False
0,17,70.31,1,1195.27,True,False,True,True,False,False
0,48,58.43,0,2804.64,True,True,False,True,False,False
0,21,33.62,0,706.02,True,False,False,False,True,False
0,50,55.68,0,2784.0,True,False,True,True,False,False
0,40,108.9,1,4356.0,False,True,False,False,True,False
0,3,95.26,1,285.78,True,False,True,False,False,True
1,17,47.76,0,811.92,False,False,False,False,False,False
0,61,56.79,0,3464.19,False,False,True,False,True,False
1,50,81.64,1,4082.0,True,False,False,False,True,False
0,6,61.61,0,369.66,False,False,False,False,False,False
0,28,70.3,1,1968.4,False,False,True,False,True,False
0,55,89.82,0,4940.1,False,False,True,True,False,False
1,58,66.73,0,3870.34,False,False,False,False,True,False
0,45,39.1,0,1759.5,True,False,True,False,True,False
0,19,72.06,0,1369.14,False,True,False,True,False,False
1,29,55.61,1,1612.69,True,True,False,False,False,False
1,23,49.07,0,1128.61,False,False,True,False,True,False
1,32,52.81,0,1689.92,False,False,True,False,False,True
1,10,63.9,1,639.0,True,True,False,False,False,False
0,49,108.66,0,5324.34,False,False,False,False,False,True
1,65,93.41,0,6071.65,False,False,False,False,False,True
0,29,86.79,0,2516.91,False,True,False,False,False,True
0,59,67.13,0,3960.67,True,False,False,False,True,False
1,45,20.18,0,908.1,False,False,True,True,False,False
0,67,54.06,0,3622.02,True,False,True,False,True,False
1,51,101.32,0,5167.32,False,True,False,False,False,True
0,11,58.82,0,647.02,True,True,False,False,False,True
1,6,76.38,0,458.28,True,True,False,True,False,False
1,67,40.47,0,2711.49,False,True,False,False,False,False
1,62,111.59,0,6918.58,False,False,False,False,False,True
1,5,112.32,0,561.6,True,False,False,False,True,False
1,9,34.61,0,311.49,True,False,False,False,False,True
1,28,92.42,0,2587.76,False,False,True,False,False,True
0,38,27.52,0,1045.76,True,False,True,False,False,False
0,43,79.85,1,3433.55,False,True,False,True,False,False
0,21,37.87,0,795.27,False,True,False,False,False,True
1,62,34.57,0,2143.34,False,False,False,False,False,False
0,46,20.41,1,938.86,False,False,False,False,False,False
1,70,114.09,0,7986.3,True,False,False,False,False,True
0,38,102.93,1,3911.34,False,True,False,False,False,True
0,49,27.75,0,1359.75,True,False,False,True,False,False
1,39,79.94,0,3117.66,False,True,False,False,True,False
0,71,43.29,0,3073.59,True,True,False,False,True,False
0,30,46.4,0,1392.0,False,False,True,True,False,False
0,21,107.42,0,2255.82,True,False,True,False,False,False
1,1,31.43,1,31.43,True,True,False,False,False,False
0,32,80.15,0,2564.8,False,False,False,True,False,False
1,8,60.13,0,481.04,False,True,False,False,True,False
0,69,39.08,0,2696.52,False,True,False,False,False,False
0,30,65.19,1,1955.7,False,True,False,False,True,False
0,8,114.05,0,912.4,True,True,False,False,False,False
0,19,98.16,1,1865.04,False,False,True,False,True,False
1,59,33.21,1,1959.39,True,False,True,True,False,False
0,55,104.94,1,5771.7,True,True,False,False,True,False
1,30,113.74,1,3412.2,False,False,True,False,False,False
1,36,47.7,0,1717.2,True,False,True,False,False,False
0,55,53.34,1,2933.7,True,False,False,False,False,False
0,44,32.63,0,1435.72,True,False,True,False,False,True
1,27,54.49,0,1471.23,True,False,True,False,False,True
1,54,87.31,0,4714.74,False,True,False,False,False,False
0,48,47.22,0,2266.56,False,False,True,True,False,False
0,30,20.68,0,620.4,False,False,True,False,False,False
0,39,53.85,0,2100.15,False,False,True,True,False,False
0,13,65.32,0,849.16,True,True,False,False,False,False
0,16,76.64,1,1226.24,True,True,False,False,False,False
1,44,88.38,0,3888.72,False,False,True,True,False,False
0,71,26.18,0,1858.78,False,True,False,False,True,False
0,27,66.98,0,1808.46,False,True,False,False,False,True
1,45,46.64,0,2098.8,True,False,False,False,False,False
0,35,114.8,0,4018.0,False,False,True,True,False,False
0,28,55.99,1,1567.72,False,False,False,True,False,False
1,7,30.01,0,210.07,False,False,True,False,False,True
0,62,24.15,0,1497.3,True,False,True,False,False,True
1,51,46.54,0,2373.54,True,False,False,False,True,False
0,46,37.89,0,1742.94,True,False,False,False,False,False
0,20,84.98,0,1699.6,True,False,True,False,False,True
0,38,104.7,0,3978.6,True,False,False,False,True,False
1,61,51.26,0,3126.86,True,False,False,False,False,False
1,32,77.78,0,2488.96,True,True,False,False,False,False
1,26,93.03,0,2418.78,True,False,True,True,False,False
1,58,59.85,0,3471.3,False,True,False,False,False,True
0,39,26.63,0,1038.57,False,False,True,False,True,False
1,20,42.92,1,858.4,True,True,False,False,True,False
1,50,108.31,0,5415.5,True,False,True,True,False,False
1,52,102.45,0,5327.4,False,True,False,False,True,False
0,22,28.65,0,630.3,True,False,True,False,True,False
0,53,42.39,1,2246.67,True,True,False,False,False,False
1,66,96.92,1,6396.72,True,False,False,False,False,True
1,43,68.59,1,2949.37,False,False,True,True,False,False
0,23,96.0,0,2208.0,False,False,False,False,False,True
1,64,41.11,1,2631.04,False,True,False,False,True,False
1,9,115.27,1,1037.43,False,False,True,False,True,False
1,7,98.36,0,688.52,False,True,False,False,True,False
1,41,39.75,1,1629.75,True,True,False,False,False,True
0,54,75.84,1,4095.36,False,False,False,True,False,False
0,65,31.31,1,2035.15,True,False,True,True,False,False
0,2,56.14,1,112.28,True,True,False,False,False,False
1,4,85.96,1,343.84,False,False,False,True,False,False
1,32,53.01,1,1696.32,False,False,False,False,False,False
0,2,85.68,0,171.36,True,False,False,False,True,False
0,64,44.48,1,2846.72,True,False,False,True,False,False
0,14,92.12,0,1289.68,True,True,False,False,False,False
1,20,55.96,1,1119.2,False,True,False,False,False,False
0,49,99.05,1,4853.45,False,True,False,False,False,True
1,8,33.67,0,269.36,False,False,True,False,True,False
1,63,56.2,1,3540.6,False,False,True,True,False,False
0,46,66.39,0,3053.94,False,False,False,True,False,False
0,21,62.38,0,1309.98,True,True,False,True,False,False
1,32,63.31,0,2025.92,False,False,False,False,False,False
0,8,64.48,0,515.84,True,True,False,True,False,False
0,16,118.88,0,1902.08,True,False,True,True,False,False
1,40,39.32,0,1572.8,True,False,False,True,False,False
1,27,96.87,0,2615.49,False,True,False,False,True,False
1,18,75.18,0,1353.24,False,True,False,False,True,False
1,35,61.36,0,2147.6,False,True,False,False,False,False
1,52,83.35,0,4334.2,True,False,False,False,False,True
0,15,105.35,0,1580.25,True,False,True,True,False,False
1,63,66.66,0,4199.58,True,True,False,True,False,False
1,53,106.48,1,5643.44,True,False,False,False,False,False
1,66,29.38,0,1939.08,True,True,False,True,False,False
0,31,85.31,0,2644.61,True,False,False,False,False,True
1,61,53.32,0,3252.52,False,False,True,False,False,False
1,64,58.67,1,3754.88,False,True,False,False,True,False
1,34,77.1,0,2621.4,False,False,False,False,False,True
0,55,67.99,1,3739.45,False,True,False,True,False,False
1,59,58.18,0,3432.62,True,False,False,False,False,True
1,3,50.83,0,152.49,True,False,True,False,True,False
1,17,81.83,0,1391.11,False,False,True,False,False,False
0,46,70.56,0,3245.76,True,False,False,False,False,True
0,38,52.33,1,1988.54,False,False,True,False,False,False
0,35,40.5,0,1417.5,False,True,False,False,False,False
0,1,97.45,0,97.45,False,False,True,True,False,False
1,29,99.97,0,2899.13,True,True,False,True,False,False
1,4,41.38,0,165.52,False,False,True,False,False,False
0,61,46.16,0,2815.76,False,False,True,False,True,False
0,17,43.91,1,746.47,False,True,False,False,False,False
1,28,108.46,0,3036.88,True,False,True,False,True,False
1,50,97.41,0,4870.5,True,True,False,False,False,True
0,8,27.46,0,219.68,False,True,False,False,False,False
0,34,103.27,0,3511.18,True,False,True,False,False,True
0,59,23.69,0,1397.71,True,False,True,False,False,False
0,18,45.32,0,815.76,True,True,False,False,False,True
1,59,111.9,1,6602.1,True,False,False,False,True,False
0,27,106.43,0,2873.61,True,False,True,False,False,True
0,16,98.14,1,1570.24,True,False,True,False,False,True
1,10,65.75,0,657.5,True,False,False,True,False,False
1,22,52.14,0,1147.08,True,False,False,False,False,False
1,16,108.15,1,1730.4,True,False,True,False,False,False
1,12,85.71,0,1028.52,True,False,True,False,False,False
1,51,49.55,0,2527.05,False,False,True,False,False,False
0,1,66.32,0,66.32,False,False,False,True,False,False
0,27,108.15,1,2920.05,True,False,True,False,True,False
0,67,110.35,0,7393.45,False,False,False,False,False,True
1,12,85.93,1,1031.16,False,False,False,False,False,True
0,30,93.26,0,2797.8,True,True,False,False,True,False
1,9,23.93,0,215.37,True,False,False,False,False,True
0,53,80.46,0,4264.38,True,True,False,True,False,False
0,61,88.9,1,5422.9,False,False,False,False,False,False
1,54,22.04,1,1190.16,False,False,False,False,False,False
1,37,104.39,0,3862.43,True,True,False,True,False,False
0,65,112.83,0,7333.95,True,True,False,False,False,False
0,42,43.79,0,1839.18,True,True,False,False,False,True
0,49,104.58,0,5124.42,False,True,False,False,True,False
0,4,86.55,0,346.2,False,True,False,False,True,False
0,64,78.07,0,4996.48,False,True,False,False,False,True
1,51,104.31,0,5319.81,False,True,False,False,True,False
1,60,48.56,1,2913.6,True,False,False,False,True,False
1,31,99.09,0,3071.79,True,False,False,False,False,False
1,58,51.45,0,2984.1,True,True,False,False,False,True
0,4,98.75,1,395.0,True,False,True,True,False,False
0,22,65.11,0,1432.42,False,True,False,False,True,False
1,3,31.69,0,95.07,False,False,True,False,False,True
0,47,58.15,1,2733.05,True,False,False,True,False,False
1,38,43.35,0,1647.3,True,False,False,True,False,False
0,33,30.05,0,991.65,False,False,True,False,False,False
0,48,31.03,0,1489.44,True,False,False,False,False,False
0,65,98.01,0,6370.65,False,True,False,False,True,False
1,26,108.14,0,2811.64,True,False,True,False,False,True
1,8,112.71,0,901.68,True,False,True,False,False,True
1,50,105.39,0,5269.5,True,False,False,False,False,False
1,38,103.02,0,3914.76,True,False,True,False,False,False
0,10,26.88,1,268.8,True,False,True,False,False,False
0,42,99.01,0,4158.42,True,False,True,False,True,False
0,37,98.33,0,3638.21,True,False,False,False,False,True
0,26,33.13,0,861.38,False,False,True,False,True,False
1,12,86.2,1,1034.4,False,False,True,False,False,True
0,49,65.25,0,3197.25,False,True,False,False,False,False
0,14,110.0,0,1540.0,False,True,False,False,True,False
0,46,89.54,0,4118.84,False,False,True,True,False,False
1,35,115.1,1,4028.5,True,False,False,False,True,False
1,29,30.49,0,884.21,True,False,True,False,True,False
1,12,24.06,0,288.72,False,False,False,True,False,False
0,44,117.36,0,5163.84,True,True,False,True,False,False
1,66,28.02,0,1849.32,False,True,False,False,False,False
0,2,58.62,1,117.24,False,False,True,True,False,False
0,59,85.0,1,5015.0,True,False,False,True,False,False
0,17,108.01,0,1836.17,True,False,False,False,True,False
1,10,45.46,1,454.6,True,False,False,False,True,False
1,18,22.91,0,412.38,False,False,True,False,False,False
0,22,72.13,1,1586.86,True,False,False,True,False,False
0,58,67.11,0,3892.38,False,True,False,False,False,True
1,53,50.69,0,2686.57,False,False,False,False,True,False
1,1,107.39,1,107.39,False,False,False,False,False,False
1,61,94.93,1,5790.73,True,False,True,False,True,False
0,31,105.81,1,3280.11,True,False,True,False,True,False
0,31,36.18,1,1121.58,False,False,True,False,False,True
0,66,89.24,0,5889.84,True,False,True,False,False,False
1,19,117.51,0,2232.69,True,False,True,False,False,True
1,53,81.19,0,4303.07,True,False,False,False,False,True
1,22,37.14,0,817.08,False,False,False,False,False,False
0,23,119.58,0,2750.34,False,False,True,True,False,False
0,15,72.83,0,1092.45,True,False,True,False,False,True
1,26,104.01,0,2704.26,False,False,False,True,False,False
0,3,34.94,0,104.82,True,False,True,False,True,False
1,20,86.61,0,1732.2,True,True,False,False,False,False
0,40,111.26,0,4450.4,True,False,False,False,False,False
1,39,73.2,0,2854.8,True,True,False,False,True,False
0,18,48.87,1,879.66,False,False,False,False,True,False
0,41,32.74,0,1342.34,False,False,False,False,True,False
1,70,49.59,0,3471.3,False,False,False,False,False,True
1,27,55.49,0,1498.23,True,False,False,False,False,True
1,15,91.0,1,1365.0,True,False,False,False,False,True
1,37,37.86,0,1400.82,True,False,False,False,False,True
1,58,30.61,1,1775.38,False,False,False,False,False,True
0,5,58.69,0,293.45,True,False,True,True,False,False
1,7,65.87,0,461.09,False,False,True,True,False,False
1,41,82.84,0,3396.44,False,False,True,False,False,True
1,10,90.75,1,907.5,False,True,False,False,False,False
0,62,108.93,0,6753.66,False,False,False,False,False,False
1,26,48.9,0,1271.4,False,False,True,True,False,False
1,68,72.86,0,4954.48,False,False,True,True,False,False
1,24,56.6,0,1358.4,True,False,True,False,False,False
0,41,20.14,1,825.74,True,False,False,False,False,False
0,65,77.94,0,5066.1,False,False,False,False,False,False
1,17,101.58,0,1726.86,False,True,False,True,False,False
0,24,23.64,0,567.36,True,True,False,True,False,False
1,27,20.35,0,549.45,False,False,False,False,False,False
0,7,92.78,0,649.46,False,True,False,True,False,False
1,12,88.39,0,1060.68,True,False,True,False,False,True
0,3,60.59,0,181.77,False,True,False,False,False,False
1,10,86.16,1,861.6,False,False,True,False,True,False
1,33,115.34,0,3806.22,False,True,False,False,False,False
0,46,44.79,1,2060.34,True,False,True,True,False,False
1,59,44.59,1,2630.81,True,True,False,False,True,False
1,52,38.62,0,2008.24,True,True,False,False,True,False
1,6,92.4,0,554.4,False,False,False,False,False,False
1,2,55.32,1,110.64,False,False,False,False,False,True
0,29,118.87,0,3447.23,True,False,True,False,False,True
1,40,91.46,0,3658.4,False,False,False,True,False,False
0,61,56.74,0,3461.14,False,False,True,False,True,False
0,68,34.92,0,2374.56,False,False,False,False,False,True
0,68,79.2,0,5385.6,False,False,False,True,False,False
0,29,49.49,0,1435.21,False,False,True,False,True,False
1,62,110.55,0,6854.1,True,True,False,True,False,False
1,60,64.14,1,3848.4,False,False,True,False,False,True
0,41,49.26,0,2019.66,True,False,True,True,False,False
1,65,78.86,0,5125.9,False,False,True,True,False,False
0,64,33.7,0,2156.8,True,False,False,False,False,True
1,63,76.15,0,4797.45,False,False,False,False,False,True
1,48,25.61,1,1229.28,True,False,False,True,False,False
1,20,80.69,0,1613.8,False,False,True,False,False,True
0,37,73.02,1,2701.74,True,True,False,False,False,False
0,64,72.08,1,4613.12,False,True,False,False,False,False
1,5,88.42,0,442.1,True,False,True,False,False,False
0,34,24.45,0,831.3,False,False,True,False,True,False
0,39,65.97,1,2572.83,True,True,False,False,False,False
1,67,64.4,0,4314.8,True,False,False,False,False,False
0,62,65.98,1,4090.76,False,False,True,False,False,False
1,24,117.99,0,2831.76,False,True,False,False,False,True
1,3,33.93,0,101.79,True,True,False,False,False,True
1,71,89.04,1,6321.84,False,True,False,False,False,True
0,67,60.2,1,4033.4,True,False,False,False,False,True
1,50,71.17,1,3558.5,True,True,False,False,False,True
1,29,96.24,0,2790.96,True,True,False,False,False,False
0,32,35.74,1,1143.68,False,True,False,False,False,False
0,39,96.36,0,3758.04,True,False,True,False,False,True
0,9,27.03,0,243.27,True,False,True,True,False,False
0,14,68.33,1,956.62,False,False,True,False,False,True
1,68,94.21,0,6406.28,False,True,False,False,False,False
0,64,39.26,0,2512.64,False,True,False,False,False,False
0,20,97.09,0,1941.8,False,False,False,False,False,True
0,28,36.68,0,1027.04,True,True,False,False,True,False
0,14,99.92,1,1398.88,True,False,False,True,False,False
1,44,66.89,0,2943.16,True,True,False,False,False,True
0,39,88.46,1,3449.94,True,False,False,False,False,False
1,28,111.74,1,3128.72,False,False,True,True,False,False
0,64,60.84,0,3893.76,True,True,False,False,True,False
1,32,43.3,0,1385.6,True,False,False,True,False,False
1,9,106.72,0,960.48,False,False,True,False,False,True
0,28,36.16,1,1012.48,True,False,True,False,False,False
1,17,83.15,0,1413.55,True,True,False,False,False,False
0,55,112.33,1,6178.15,True,False,False,False,False,False
1,10,87.44,0,874.4,True,False,False,True,False,False
1,6,39.57,0,237.42,True,False,False,False,False,True
1,48,35.23,0,1691.04,True,False,True,False,False,True
0,67,45.23,0,3030.41,False,False,False,True,False,False
1,41,59.14,0,2424.74,False,False,True,True,False,False
0,60,35.92,1,2155.2,True,False,False,False,True,False
1,42,99.78,0,4190.76,True,False,True,False,False,False
1,71,55.7,0,3954.7,False,True,False,True,False,False
1,28,113.61,0,3181.08,True,False,True,False,False,False
1,13,104.25,0,1355.25,True,False,False,False,True,False
1,15,110.88,0,1663.2,True,False,True,False,False,True
1,36,49.45,0,1780.2,False,False,False,False,False,False
0,15,77.37,0,1160.55,True,True,False,True,False,False
0,56,52.14,0,2919.84,False,False,True,True,False,False
0,4,45.69,1,182.76,True,True,False,False,True,False
1,52,80.71,0,4196.92,False,False,True,False,False,False
0,10,101.8,0,1018.0,False,False,True,False,False,True
1,45,29.36,0,1321.2,True,True,False,False,False,True
0,29,47.58,1,1379.82,False,True,False,True,False,False
0,53,40.51,0,2147.03,True,False,True,False,True,False
1,29,99.84,0,2895.36,False,False,True,True,False,False
1,23,113.34,1,2606.82,True,False,True,True,False,False
0,57,27.99,0,1595.43,True,True,False,True,False,False
0,50,57.92,0,2896.0,False,False,False,True,False,False
0,21,111.45,0,2340.45,True,True,False,False,True,False
0,43,54.46,1,2341.78,True,False,True,True,False,False
1,10,91.27,0,912.7,False,False,True,False,False,False
0,30,30.07,0,902.1,True,True,False,True,False,False
1,51,64.44,0,3286.44,True,False,True,True,False,False
1,33,70.33,0,2320.89,False,False,True,False,False,True
0,18,95.77,0,1723.86,False,False,True,False,False,True
1,22,48.88,0,1075.36,True,False,True,False,True,False
0,64,46.42,0,2970.88,True,False,True,False,True,False
1,21,50.3,0,1056.3,False,False,False,False,False,False
1,1,75.57,0,75.57,False,True,False,True,False,False
0,15,107.6,0,1614.0,True,True,False,False,False,True
1,36,103.09,0,3711.24,False,True,False,False,False,False
1,47,25.79,0,1212.13,True,False,False,False,False,False
0,54,107.9,0,5826.6,True,False,False,False,True,False
1,32,29.51,0,944.32,True,True,False,False,False,True
1,58,61.53,0,3568.74,True,True,False,True,False,False
0,46,96.54,1,4440.84,True,True,False,False,True,False
0,54,28.15,0,1520.1,False,False,True,False,False,False
1,33,24.04,0,793.32,False,False,False,False,False,False
1,39,53.0,0,2067.0,False,False,False,False,False,True
1,23,92.99,0,2138.77,False,False,True,False,False,True
0,43,72.18,0,3103.74,True,False,False,True,False,False
1,55,61.7,0,3393.5,True,True,False,False,False,True
1,2,101.31,1,202.62,True,False,False,False,False,True
1,66,96.67,0,6380.22,True,False,True,False,True,False
1,38,98.6,0,3746.8,False,True,False,False,True,False
1,29,65.97,0,1913.13,True,False,False,True,False,False
1,67,21.94,1,1469.98,True,True,False,False,True,False
0,71,37.21,1,2641.91,False,False,False,True,False,False
0,36,94.13,1,3388.68,False,True,False,False,True,False
1,29,95.32,0,2764.28,False,False,True,False,False,False
1,37,117.23,0,4337.51,False,False,True,False,True,False
0,45,39.02,0,1755.9,True,False,False,True,False,False
0,16,32.29,0,516.64,True,False,False,False,True,False
0,31,33.88,1,1050.28,False,True,False,False,False,True
1,34,38.48,0,1308.32,True,False,True,False,False,False
1,50,72.85,0,3642.5,True,True,False,False,True,False
1,65,117.52,0,7638.8,True,False,True,False,False,False
1,62,78.94,0,4894.28,False,True,False,False,False,False
0,43,72.27,0,3107.61,True,True,False,False,False,False
0,56,87.34,0,4891.04,False,True,False,False,False,False
0,15,27.39,0,410.85,True,False,False,False,False,True
0,48,101.54,0,4873.92,True,False,True,False,False,True
1,49,84.69,0,4149.81,True,False,False,True,False,False
1,44,37.12,1,1633.28,False,False,False,True,False,False
0,10,83.07,0,830.7,True,True,False,True,False,False
0,20,79.62,0,1592.4,False,False,True,True,False,False
0,70,26.49,0,1854.3,False,False,False,False,False,False
0,8,46.69,0,373.52,False,True,False,False,False,False
0,45,59.09,1,2659.05,True,False,True,False,False,False
1,34,44.49,1,1512.66,True,False,True,False,False,True
1,51,44.32,0,2260.32,True,False,False,False,False,True
0,4,77.29,0,309.16,True,True,False,False,False,False
0,39,67.09,0,2616.51,False,False,False,False,False,False
0,24,86.73,0,2081.52,False,False,True,False,False,False
1,55,115.64,1,6360.2,False,False,False,False,False,False
1,26,86.06,0,2237.56,True,True,False,False,False,True
1,25,78.21,0,1955.25,False,False,True,False,True,False
0,36,104.76,0,3771.36,True,True,False,True,False,False
1,71,83.21,0,5907.91,False,True,False,True,False,False
0,58,36.56,0,2120.48,True,False,True,False,True,False
1,12,51.47,1,617.64,True,True,False,False,False,True
1,1,93.34,0,93.34,False,True,False,False,False,True
1,50,93.84,1,4692.0,False,True,False,False,True,False
0,25,118.7,0,2967.5,False,False,True,True,False,False
0,5,82.7,1,413.5,False,True,False,True,False,False
1,68,109.95,0,7476.6,True,False,False,False,True,False
0,6,25.46,0,152.76,False,False,False,False,True,False
0,26,76.62,0,1992.12,False,True,False,False,False,False
0,55,111.98,0,6158.9,False,False,False,False,True,False
0,39,48.72,0,1900.08,True,False,False,False,True,False
0,9,35.49,0,319.41,True,False,True,True,False,False
0,45,55.05,0,2477.25,False,True,False,False,False,False
0,14,99.22,0,1389.08,True,False,True,False,False,False
1,55,28.47,1,1565.85,False,True,False,True,False,False
0,9,80.03,0,720.27,True,False,False,True,False,False
0,15,33.56,0,503.4,True,False,True,False,False,True
1,37,63.55,0,2351.35,True,False,True,False,False,False
1,50,116.6,1,5830.0,True,False,False,False,True,False
1,21,39.51,1,829.71,False,False,False,False,False,False
1,57,23.4,0,1333.8,False,True,False,False,False,True
0,19,62.72,1,1191.68,False,True,False,False,True,False
1,58,77.77,1,4510.66,True,False,False,False,False,True
1,6,49.75,0,298.5,False,False,False,True,False,False
0,4,74.18,0,296.72,False,False,True,False,False,True
0,43,115.34,0,4959.62,False,False,True,True,False,False
0,42,51.18,0,2149.56,True,True,False,False,False,True
1,3,50.94,0,152.82,True,False,True,True,False,False
0,1,68.28,0,68.28,True,False,False,False,False,False
1,55,71.53,0,3934.15,False,False,False,True,False,False
0,15,20.14,0,302.1,False,False,False,False,False,False
0,47,81.59,1,3834.73,False,False,False,True,False,False
1,46,119.74,0,5508.04,True,True,False,False,False,True
0,58,49.2,0,2853.6,True,False,False,False,False,True
0,71,83.08,1,5898.68,False,False,False,False,False,True
0,39,20.46,0,797.94,True,False,False,True,False,False
0,3,80.43,0,241.29,True,False,False,True,False,False
0,30,64.71,0,1941.3,True,True,False,False,False,True
1,35,73.03,1,2556.05,True,True,False,False,False,False
1,57,74.39,0,4240.23,False,False,True,True,False,False
0,29,37.7,1,1093.3,True,True,False,False,False,False
1,50,97.0,1,4850.0,True,True,False,True,False,False
1,62,75.55,0,4684.1,True,True,False,False,False,True
1,52,47.02,0,2445.04,True,False,True,False,False,False
0,14,113.74,0,1592.36,False,False,False,False,True,False
0,35,21.28,0,744.8,False,False,True,True,False,False
0,28,92.59,0,2592.52,True,False,False,False,False,False
1,58,58.12,1,3370.96,True,True,False,False,False,True
1,30,72.25,0,2167.5,True,False,False,False,False,False
0,7,49.15,0,344.05,True,False,True,False,True,False
0,39,52.13,0,2033.07,True,False,False,False,True,False
1,69,21.52,0,1484.88,True,False,False,False,False,False
1,35,92.98,0,3254.3,False,True,False,False,True,False
0,52,91.08,0,4736.16,True,False,False,True,False,False
1,14,85.44,1,1196.16,False,False,False,False,True,False
1,63,107.8,0,6791.4,False,True,False,False,False,False
1,36,110.13,1,3964.68,True,False,True,False,False,False
1,24,75.64,1,1815.36,False,True,False,True,False,False
1,40,88.48,0,3539.2,False,False,False,True,False,False
1,29,21.1,0,611.9,False,True,False,False,False,False
1,53,104.63,0,5545.39,False,True,False,False,False,True
0,22,101.64,0,2236.08,False,False,False,True,False,False
0,15,22.02,0,330.3,False,False,True,False,False,True
1,69,74.28,0,5125.32,True,True,False,False,True,False
1,64,110.67,0,7082.88,False,False,True,False,True,False
1,4,38.14,0,152.56,False,True,False,True,False,False
0,18,55.26,0,994.68,False,False,False,True,False,False
0,42,53.11,0,2230.62,True,False,False,False,False,False
1,30,55.59,0,1667.7,False,True,False,False,True,False
0,15,24.19,0,362.85,True,True,False,True,False,False
1,70,47.9,1,3353.0,False,True,False,False,False,False
1,55,49.49,0,2721.95,True,False,False,False,False,True
1,53,106.59,1,5649.27,True,True,False,False,False,False
1,16,55.21,0,883.36,False,False,False,False,True,False
1,34,64.72,0,2200.48,False,True,False,False,False,False
1,27,58.07,0,1567.89,True,False,False,False,False,False
1,13,32.07,1,416.91,False,True,False,True,False,False
0,27,119.04,0,3214.08,True,False,True,False,False,False
1,69,102.58,1,7078.02,True,False,True,False,True,False
0,31,74.09,0,2296.79,True,False,False,False,False,False
1,3,67.64,0,202.92,True,True,False,False,False,False
1,30,84.93,0,2547.9,True,False,True,False,True,False
0,21,52.64,1,1105.44,False,True,False,False,False,True
0,6,25.03,1,150.18,True,True,False,False,False,True
1,32,60.43,0,1933.76,True,True,False,False,True,False
0,42,118.4,1,4972.8,False,False,True,False,False,True
1,62,38.23,0,2370.26,True,False,False,False,False,False
1,32,72.77,0,2328.64,False,False,True,True,False,False
0,39,20.85,0,813.15,False,False,False,False,True,False
0,64,32.2,0,2060.8,False,False,True,False,False,False
0,30,78.72,0,2361.6,True,True,False,True,False,False
0,63,49.74,1,3133.62,True,True,False,False,False,False
1,31,110.57,0,3427.67,True,True,False,False,True,False
0,40,60.62,1,2424.8,False,False,True,False,False,False
0,33,40.8,1,1346.4,True,False,True,False,True,False
0,63,74.56,1,4697.28,False,False,False,False,False,False
0,25,99.5,0,2487.5,True,False,True,True,False,False
0,36,21.94,0,789.84,False,False,False,True,False,False
1,24,70.55,0,1693.2,True,False,True,True,False,False
1,58,97.34,1,5645.72,True,True,False,False,False,True
0,39,30.36,0,1184.04,True,False,True,False,False,False
0,46,110.28,0,5072.88,False,True,False,False,False,False
1,10,46.45,0,464.5,False,False,True,True,False,False
0,32,37.06,0,1185.92,True,False,False,False,True,False
1,36,78.93,0,2841.48,True,False,True,False,False,True
1,28,37.5,0,1050.0,False,True,False,False,False,False
0,16,87.97,0,1407.52,False,False,True,False,False,False
1,16,69.01,1,1104.16,False,False,False,False,False,True
0,18,31.0,0,558.0,True,False,False,False,False,True
0,8,111.25,0,890.0,False,False,False,True,False,False
1,70,87.32,0,6112.4,True,False,False,False,False,True
1,1,74.6,1,74.6,False,False,True,True,False,False
0,62,57.43,1,3560.66,True,False,False,False,False,True
1,38,33.49,1,1272.62,False,False,True,False,False,True
0,45,90.75,0,4083.75,False,False,True,False,False,False
1,58,101.37,1,5879.46,False,False,True,True,False,False
1,1,32.58,0,32.58,False,False,False,False,False,True
0,32,69.46,0,2222.72,False,False,False,False,False,True
0,8,68.48,0,547.84,True,False,True,False,False,False
0,40,54.99,0,2199.6,False,False,True,False,True,False
1,56,98.93,0,5540.08,False,False,True,False,False,False
0,63,29.95,0,1886.85,False,True,False,True,False,False
0,36,40.5,1,1458.0,True,True,False,False,True,False
1,57,20.16,0,1149.12,False,False,False,False,False,True
1,45,57.3,0,2578.5,True,True,False,True,False,False
0,2,49.12,0,98.24,False,False,True,False,True,False
0,68,106.7,0,7255.6,False,False,True,True,False,False
0,50,94.58,0,4729.0,True,False,False,False,False,False
0,29,28.45,0,825.05,False,False,False,False,True,False
1,10,94.1,1,941.0,True,True,False,False,True,False
1,27,87.54,1,2363.58,True,False,True,False,True,False
0,15,48.17,0,722.55,False,False,False,False,False,True
0,60,21.55,0,1293.0,True,False,False,False,False,False
0,31,31.52,0,977.12,False,True,False,False,True,False
1,21,44.99,0,944.79,False,False,False,True,False,False
0,60,101.66,0,6099.6,True,True,False,False,False,True
0,58,66.53,0,3858.74,True,False,True,False,False,False
1,41,111.84,0,4585.44,True,True,False,False,False,False
1,46,98.91,0,4549.86,True,False,False,False,False,False
0,45,48.71,0,2191.95,False,True,False,False,False,False
0,26,104.54,1,2718.04,False,True,False,False,False,True
1,51,31.67,1,1615.17,True,False,True,False,False,False
0,36,23.61,1,849.96,False,True,False,True,False,False
0,52,80.85,1,4204.2,False,False,False,True,False,False
1,51,54.17,0,2762.67,False,False,False,True,False,False
1,3,52.94,0,158.82,False,False,True,False,True,False
1,14,88.72,0,1242.08,True,False,True,False,False,False
0,49,105.01,1,5145.49,True,False,True,True,False,False
1,1,52.22,1,52.22,False,False,False,False,False,False
1,57,52.5,0,2992.5,True,True,False,False,False,True
0,17,73.39,0,1247.63,True,False,False,True,False,False
0,50,85.32,0,4266.0,True,False,False,False,True,False
1,14,40.29,0,564.06,False,False,True,False,True,False
1,59,111.27,1,6564.93,False,False,True,False,False,True
0,3,85.44,1,256.32,False,True,False,True,False,False
0,40,82.52,0,3300.8,True,True,False,False,False,True
1,66,110.42,0,7287.72,False,True,False,False,True,False
1,34,110.73,0,3764.82,False,True,False,False,True,False
0,9,33.56,1,302.04,True,False,False,False,False,False
1,21,34.51,1,724.71,False,True,False,False,False,True
0,25,96.19,0,2404.75,False,False,False,False,True,False
1,44,115.69,0,5090.36,True,False,False,True,False,False
0,25,86.65,1,2166.25,True,True,False,True,False,False
0,9,61.13,0,550.17,True,True,False,False,True,False
1,62,88.35,1,5477.7,False,False,False,False,False,True
1,26,42.88,0,1114.88,False,False,True,False,False,True
0,57,119.8,0,6828.6,False,True,False,True,False,False
1,37,63.11,0,2335.07,True,False,True,False,True,False
1,16,113.17,0,1810.72,True,False,False,True,False,False
1,37,63.08,0,2333.96,False,False,True,False,False,True
0,24,112.81,0,2707.44,False,False,False,False,True,False
1,26,53.57,1,1392.82,True,False,True,True,False,False
1,20,96.05,1,1921.0,True,False,True,False,True,False
0,9,115.1,0,1035.9,True,False,True,False,False,False
1,29,84.6,0,2453.4,True,False,False,True,False,False
1,31,87.76,0,2720.56,False,False,False,True,False,False
0,19,30.29,0,575.51,True,False,False,False,False,False
0,20,67.42,0,1348.4,False,True,False,False,False,True
1,27,108.68,1,2934.36,False,False,False,True,False,False
1,44,44.09,1,1939.96,False,True,False,True,False,False
0,35,98.84,0,3459.4,True,False,False,False,False,True
0,71,87.57,1,6217.47,True,True,False,False,True,False
1,22,42.3,0,930.6,True,False,True,False,False,False
1,15,48.28,1,724.2,True,False,True,False,False,True
1,13,62.76,0,815.88,False,False,False,False,True,False
0,4,32.51,0,130.04,True,True,False,False,False,False
1,56,111.34,0,6235.04,True,False,True,False,True,False
0,23,93.94,0,2160.62,False,False,True,True,False,False
0,34,56.5,0,1921.0,True,True,False,False,False,False
0,17,49.97,0,849.49,False,False,False,False,True,False
1,28,88.96,0,2490.88,False,False,True,False,False,False
1,14,62.42,0,873.88,False,False,False,False,True,False
1,34,42.93,0,1459.62,False,False,False,False,True,False
0,57,63.02,0,3592.14,False,True,False,True,False,False
1,55,107.13,1,5892.15,False,True,False,False,False,True
0,66,26.86,0,1772.76,False,False,True,False,False,False
0,37,56.84,1,2103.08,False,True,False,True,False,False
0,68,116.23,0,7903.64,True,False,True,False,False,False
0,26,21.48,0,558.48,True,False,True,False,False,True
0,61,109.06,0,6652.66,True,False,True,True,False,False
0,67,57.48,0,3851.16,True,False,False,False,False,True
1,52,38.95,0,2025.4,False,False,False,True,False,False
0,18,21.5,1,387.0,True,True,False,True,False,False
1,53,27.05,0,1433.65,False,True,False,True,False,False
0,63,37.18,1,2342.34,True,False,True,True,False,False
1,53,22.54,1,1194.62,True,False,True,False,True,False
1,27,53.58,0,1446.66,True,False,False,False,False,False
1,31,24.49,0,759.19,False,False,False,False,True,False
1,1,89.22,1,89.22,True,False,True,False,True,False
0,6,101.89,1,611.34,False,False,True,False,True,False
0,11,108.75,1,1196.25,False,True,False,True,False,False
0,34,74.91,1,2546.94,True,False,True,True,False,False
0,63,114.65,0,7222.95,True,False,True,False,False,True
1,53,20.56,1,1089.68,True,False,True,False,False,False
1,18,33.4,0,601.2,False,False,False,False,False,True
1,21,49.32,0,1035.72,True,False,False,False,False,True
0,19,98.9,0,1879.1,False,True,False,False,False,False
1,4,108.54,0,434.16,False,True,False,False,False,False
0,29,81.81,0,2372.49,True,True,False,False,False,True
1,25,58.32,1,1458.0,True,False,True,False,False,True
1,56,86.58,1,4848.48,False,False,True,False,False,True
1,63,38.09,0,2399.67,False,False,False,True,False,False
1,27,65.79,0,1776.33,False,False,True,False,False,False
1,60,70.75,1,4245.0,True,False,True,False,False,False
0,49,30.49,0,1494.01,False,False,False,False,True,False
1,65,23.39,0,1520.35,True,True,False,True,False,False
0,38,95.01,0,3610.38,False,False,True,True,False,False
0,52,73.47,1,3820.44,False,False,False,False,False,False
0,1,53.22,0,53.22,True,False,False,True,False,False
0,40,63.72,1,2548.8,False,True,False,False,False,True
0,21,115.77,0,2431.17,True,False,False,False,False,False
0,15,58.49,0,877.35,True,True,False,False,False,False
0,50,30.35,0,1517.5,False,True,False,True,False,False
0,48,66.36,0,3185.28,True,True,False,False,False,False
1,32,84.8,0,2713.6,True,True,False,True,False,False
1,49,21.21,0,1039.29,False,True,False,True,False,False
0,68,53.23,0,3619.64,True,False,False,True,False,False
0,45,59.35,0,2670.75,True,False,True,False,False,True
0,32,66.37,1,2123.84,True,True,False,True,False,False
1,4,50.17,1,200.68,False,True,False,True,False,False
1,65,86.69,0,5634.85,True,False,True,False,True,False
0,71,114.47,1,8127.37,False,False,True,False,True,False
0,65,111.4,0,7241.0,False,True,False,False,False,True
1,18,86.44,0,1555.92,True,False,True,False,False,True
1,54,70.69,0,3817.26,True,True,False,True,False,False
0,47,102.58,0,4821.26,True,False,False,False,True,False
0,6,103.59,0,621.54,False,False,True,False,False,True
0,66,102.96,1,6795.36,True,False,True,False,False,False
0,9,35.78,1,322.02,True,False,False,False,False,False
1,68,22.54,0,1532.72,True,False,True,True,False,False
1,23,118.32,0,2721.36,True,False,False,False,True,False
0,43,115.97,0,4986.71,True,True,False,False,False,False
0,51,76.44,1,3898.44,False,False,True,False,True,False
0,25,119.31,0,2982.75,False,False,True,False,False,True
1,35,97.05,0,3396.75,True,False,False,False,True,False
0,17,71.74,1,1219.58,True,True,False,True,False,False
0,18,58.93,1,1060.74,True,True,False,False,True,False
0,27,79.29,0,2140.83,True,False,False,False,False,False
1,15,71.58,0,1073.7,False,False,True,False,True,False
0,69,119.38,0,8237.22,True,False,True,False,True,False
1,15,69.05,1,1035.75,False,False,False,False,True,False
0,42,103.59,0,4350.78,False,False,False,False,False,True
0,34,101.36,1,3446.24,True,False,False,True,False,False
0,48,27.14,0,1302.72,False,False,True,False,False,False
1,8,28.7,0,229.6,False,False,False,False,False,False
0,10,85.98,0,859.8,False,True,False,False,True,False
0,5,45.91,0,229.55,False,False,False,False,True,False
1,48,85.75,0,4116.0,True,True,False,False,False,True
1,26,34.46,0,895.96,True,True,False,True,False,False
1,23,59.71,1,1373.33,False,False,False,False,False,False
0,62,30.25,0,1875.5,True,True,False,True,False,False
1,13,48.21,0,626.73,True,False,True,False,False,False
0,9,28.83,0,259.47,True,False,False,False,True,False
1,20,117.06,0,2341.2,True,False,True,False,False,True
1,57,59.51,1,3392.07,True,False,True,False,False,True
1,24,110.12,0,2642.88,False,True,False,False,True,False
0,33,117.12,0,3864.96,True,False,True,False,True,False
0,20,110.96,0,2219.2,True,False,True,False,True,False
0,60,65.5,0,3930.0,True,False,False,True,False,False
0,48,97.89,0,4698.72,True,False,False,False,True,False
0,64,35.37,1,2263.68,False,False,True,True,False,False
0,30,29.48,0,884.4,False,True,False,False,True,False
0,17,107.69,0,1830.73,False,True,False,False,False,True
0,14,23.11,0,323.54,False,False,False,True,False,False
0,19,117.23,0,2227.37,True,False,False,False,False,True
1,71,87.21,0,6191.91,False,False,False,False,True,False
1,59,61.96,0,3655.64,True,True,False,False,True,False
0,67,34.14,0,2287.38,True,False,False,False,False,False
0,44,92.32,1,4062.08,True,False,True,True,False,False
0,32,76.31,1,2441.92,True,True,False,True,False,False
0,11,91.11,0,1002.21,True,False,True,True,False,False
1,2,61.79,0,123.58,False,False,False,True,False,False
1,68,26.63,1,1810.84,False,True,False,False,False,True
0,17,51.5,0,875.5,False,False,False,True,False,False
1,40,51.5,1,2060.0,False,True,False,False,False,True
1,46,20.87,0,960.02,True,False,False,False,True,False
0,4,20.96,1,83.84,False,True,False,False,False,True
0,38,53.08,0,2017.04,True,True,False,True,False,False
0,63,92.76,0,5843.88,False,True,False,False,False,True
0,29,82.4,0,2389.6,True,False,True,True,False,False
1,19,43.9,0,834.1,True,False,False,False,False,True
0,29,80.28,0,2328.12,False,False,False,False,False,False
1,35,84.74,0,2965.9,True,True,False,True,False,False
0,70,72.26,0,5058.2,True,False,True,False,False,True
1,23,72.14,0,1659.22,False,True,False,True,False,False
0,46,56.97,0,2620.62,True,False,False,False,True,False
0,44,32.34,0,1422.96,False,False,False,False,False,True
1,48,58.55,0,2810.4,False,True,False,False,False,True
1,52,54.53,0,2835.56,False,True,False,False,False,False
1,8,79.2,0,633.6,True,True,False,True,False,False
0,55,105.63,1,5809.65,True,False,False,False,False,True
1,66,57.54,1,3797.64,True,True,False,False,False,False
1,40,90.97,0,3638.8,False,True,False,False,False,False
1,31,101.18,0,3136.58,True,False,False,False,False,False
1,48,41.18,0,1976.64,False,True,False,True,False,False
1,61,110.17,0,6720.37,False,False,True,True,False,False
1,52,27.04,0,1406.08,True,False,False,False,False,True
1,38,110.17,0,4186.46,False,True,False,True,False,False
1,36,36.36,0,1308.96,True,True,False,True,False,False
1,55,53.72,0,2954.6,True,False,False,False,True,False
0,13,80.52,0,1046.76,True,False,False,True,False,False
0,37,110.57,0,4091.09,True,False,True,False,True,False
1,47,45.57,0,2141.79,True,True,False,False,False,True
0,71,96.36,0,6841.56,False,True,False,False,False,False
0,22,91.04,0,2002.88,False,True,False,False,True,False
1,39,35.97,0,1402.83,False,False,False,False,False,True
1,58,67.95,0,3941.1,True,False,False,False,True,False
1,30,68.15,0,2044.5,True,False,False,True,False,False
1,18,50.46,1,908.28,True,True,False,False,False,True
1,18,97.99,0,1763.82,False,True,False,False,False,False
1,39,112.59,0,4391.01,True,False,False,False,True,False
0,26,91.66,0,2383.16,False,False,True,True,False,False
1,71,117.3,0,8328.3,False,True,False,False,False,True
0,7,25.05,1,175.35,True,False,True,True,False,False
1,69,23.72,1,1636.68,True,False,False,False,False,True
1,65,109.39,0,7110.35,False,True,False,False,True,False
0,46,109.78,0,5049.88,True,False,True,False,False,True
1,18,30.71,0,552.78,False,True,False,False,True,False
1,13,55.74,1,724.62,True,False,True,False,False,True
0,25,103.54,1,2588.5,True,True,False,True,False,False
1,8,32.85,0,262.8,False,False,True,True,False,False
0,32,46.74,0,1495.68,True,False,True,False,True,False
1,17,88.1,1,1497.7,False,False,False,False,False,False
1,48,118.19,0,5673.12,True,False,False,False,True,False
0,63,99.71,0,6281.73,False,False,True,True,False,False
1,40,97.73,0,3909.2,False,True,False,False,False,True
0,15,54.27,0,814.05,True,False,True,False,False,False
0,6,86.13,1,516.78,False,True,False,True,False,False
0,63,31.31,1,1972.53,True,True,False,False,False,False
1,8,119.23,0,953.84,True,True,False,False,True,False
1,32,68.06,0,2177.92,True,True,False,True,False,False
0,45,83.88,0,3774.6,False,False,False,False,True,False
1,52,107.62,0,5596.24,False,False,True,True,False,False
1,13,20.1,0,261.3,True,True,False,True,False,False
1,24,117.6,0,2822.4,True,False,False,False,True,False
0,40,55.92,1,2236.8,False,True,False,True,False,False
1,14,53.96,0,755.44,True,True,False,False,False,False
0,70,34.51,0,2415.7,True,False,False,False,False,False
1,62,105.82,0,6560.84,False,False,False,False,True,False
1,61,107.08,0,6531.88,True,True,False,False,False,True
0,1,22.0,0,22.0,False,False,True,False,False,False
1,66,25.57,0,1687.62,True,False,False,True,False,False
0,32,111.83,0,3578.56,False,False,True,False,True,False
1,13,32.29,0,419.77,True,True,False,False,False,True
0,33,82.09,0,2708.97,True,True,False,False,True,False
1,32,81.97,0,2623.04,False,True,False,False,False,False
1,56,106.97,0,5990.32,True,True,False,True,False,False
1,24,77.27,0,1854.48,False,True,False,False,False,False
0,4,63.4,0,253.6,True,True,False,False,True,False
0,23,117.44,0,2701.12,False,False,True,True,False,False
0,29,42.88,0,1243.52,False,False,False,False,False,True
1,21,46.27,0,971.67,False,True,False,False,False,False
0,30,28.48,0,854.4,False,False,False,False,True,False
0,20,117.53,0,2350.6,True,False,True,True,False,False
0,16,90.64,0,1450.24,True,True,False,False,True,False
0,67,21.21,0,1421.07,False,True,False,False,False,True
0,49,90.43,0,4431.07,False,False,False,False,False,True
0,58,60.41,1,3503.78,False,False,False,False,False,False
0,44,116.75,0,5137.0,True,False,False,False,False,True
0,25,47.74,1,1193.5,True,True,False,False,False,True
0,23,91.03,0,2093.69,True,False,False,False,False,False
0,59,82.74,0,4881.66,True,False,False,False,True,False
1,1,21.2,1,21.2,False,False,True,False,False,False
1,15,108.52,1,1627.8,False,True,False,False,False,False
0,52,33.96,0,1765.92,False,True,False,True,False,False
1,58,86.36,0,5008.88,True,True,False,False,False,True
1,41,97.55,0,3999.55,True,False,False,False,False,True
0,44,83.09,1,3655.96,True,False,True,False,True,False
0,4,29.71,0,118.84,False,False,False,False,False,True
0,68,117.52,0,7991.36,False,True,False,False,True,False
1,7,43.68,0,305.76,True,False,False,True,False,False
0,46,82.79,0,3808.34,False,True,False,False,True,False
1,9,99.72,0,897.48,True,False,False,False,True,False
0,33,113.92,0,3759.36,True,False,False,True,False,False
1,33,80.4,0,2653.2,False,True,False,False,False,False
1,4,45.91,0,183.64,True,False,False,True,False,False
0,65,103.66,1,6737.9,False,True,False,False,False,True
0,34,36.32,0,1234.88,True,False,False,False,False,True
1,64,22.23,0,1422.72,False,False,False,True,False,False
1,25,110.81,0,2770.25,False,False,False,False,True,False
0,55,77.54,0,4264.7,False,True,False,True,False,False
0,9,26.96,1,242.64,True,False,False,False,False,True
1,17,77.97,0,1325.49,True,False,False,True,False,False
0,21,34.5,0,724.5,False,False,True,False,True,False
1,60,23.14,0,1388.4,False,False,True,False,False,True
0,13,31.65,0,411.45,True,True,False,False,False,False
0,3,97.51,0,292.53,True,True,False,True,False,False
0,68,95.57,1,6498.76,True,True,False,True,False,False
1,4,80.43,0,321.72,False,True,False,True,False,False
0,7,40.93,0,286.51,True,False,False,True,False,False
1,26,93.9,0,2441.4,True,False,False,False,False,True
0,24,60.8,0,1459.2,False,True,False,False,True,False
1,10,71.08,1,710.8,True,True,False,False,False,False
1,13,109.76,0,1426.88,True,False,True,True,False,False
0,44,65.79,1,2894.76,True,True,False,False,False,True
1,39,82.64,0,3222.96,False,False,True,True,False,False
1,19,116.18,1,2207.42,False,True,False,False,False,False
1,51,65.14,0,3322.14,False,True,False,True,False,False
1,19,76.07,0,1445.33,False,False,False,False,True,False
0,52,78.44,1,4078.88,False,True,False,True,False,False
0,47,44.07,0,2071.29,False,False,True,True,False,False
0,30,93.69,0,2810.7,False,False,False,True,False,False
1,46,92.66,1,4262.36,True,False,True,False,True,False
1,21,41.36,1,868.56,True,True,False,False,False,True
0,48,21.33,1,1023.84,False,False,False,False,True,False
0,62,119.89,0,7433.18,True,False,True,False,False,True
1,58,78.16,0,4533.28,True,True,False,False,True,False
0,18,38.1,0,685.8,False,False,True,False,True,False
0,59,48.36,0,2853.24,True,True,False,True,False,False
1,48,81.78,0,3925.44,True,False,True,False,True,False
0,63,33.76,0,2126.88,True,True,False,False,False,True
1,12,23.73,0,284.76,True,False,True,False,False,True
0,34,99.85,0,3394.9,True,False,False,False,False,True
1,61,91.58,0,5586.38,False,True,False,False,False,True
1,53,50.96,0,2700.88,False,True,False,False,True,False
1,25,25.85,1,646.25,False,False,True,True,False,False
1,62,68.63,0,4255.06,True,True,False,False,False,False
1,4,47.62,0,190.48,False,False,False,False,False,True
0,13,59.78,0,777.14,True,False,True,False,True,False
0,42,47.4,0,1990.8,True,False,True,True,False,False
0,49,37.53,0,1838.97,True,False,True,False,True,False
1,56,58.7,0,3287.2,True,False,False,False,False,True
0,47,116.49,0,5475.03,False,False,False,False,False,True
1,8,46.62,1,372.96,False,True,False,True,False,False
1,55,53.6,0,2948.0,True,False,True,False,True,False
0,18,52.92,0,952.56,False,False,False,False,False,True
1,35,68.03,0,2381.05,True,True,False,False,False,True
0,32,104.35,1,3339.2,False,False,False,False,False,False
1,24,60.21,0,1445.04,False,False,False,False,False,False
1,7,100.61,1,704.27,True,False,False,False,False,True
0,13,31.5,1,409.5,False,True,False,False,False,False
1,69,109.49,0,7554.81,True,False,False,False,False,False
0,42,38.53,0,1618.26,False,False,False,False,False,True
1,31,23.92,0,741.52,True,False,False,False,True,False
0,26,35.84,0,931.84,True,False,True,False,True,False
1,32,39.07,0,1250.24,False,False,False,False,True,False
0,52,70.85,1,3684.2,False,False,True,True,False,False
0,20,64.99,0,1299.8,True,False,False,False,True,False
1,40,91.59,0,3663.6,False,False,True,True,False,False
0,59,25.1,0,1480.9,False,False,False,True,False,False
1,14,69.77,0,976.78,True,False,True,False,False,False
1,44,53.25,0,2343.0,True,False,True,True,False,False
0,48,83.07,0,3987.36,False,False,True,True,False,False
0,43,24.37,0,1047.91,True,False,False,True,False,False
0,16,23.49,0,375.84,True,True,False,True,False,False
0,35,62.73,1,2195.55,True,False,True,False,False,False
0,53,101.13,0,5359.89,False,False,True,False,False,True
1,34,87.11,0,2961.74,False,False,True,True,False,False
0,3,21.67,1,65.01,True,False,True,False,False,True
1,68,37.85,1,2573.8,False,False,True,False,True,False
0,5,42.67,0,213.35,True,True,False,False,True,False
0,10,62.31,0,623.1,False,False,False,False,False,True
0,52,78.67,1,4090.84,True,True,False,False,False,True
1,29,41.65,1,1207.85,True,False,False,False,True,False
0,31,58.25,0,1805.75,False,True,False,False,False,False
1,66,78.39,0,5173.74,True,False,False,False,False,False
1,69,58.34,0,4025.46,False,False,True,True,False,False
1,37,34.32,0,1269.84,False,False,False,False,False,False
0,27,69.17,0,1867.59,True,False,False,False,False,False
1,33,52.4,0,1729.2,True,False,True,True,False,False
0,68,106.42,1,7236.56,False,False,True,True,False,False
1,59,97.56,0,5756.04,True,False,False,False,False,False
0,64,39.03,1,2497.92,True,False,False,False,False,True
1,44,35.26,0,1551.44,True,False,True,True,False,False
0,49,54.77,0,2683.73,True,True,False,False,False,True
0,53,61.22,0,3244.66,True,False,True,False,True,False
0,49,113.2,0,5546.8,False,False,False,True,False,False
1,66,50.16,0,3310.56,False,False,False,False,False,True
1,63,106.76,0,6725.88,True,False,False,True,False,False
0,25,70.53,1,1763.25,True,False,True,True,False,False
1,4,108.56,0,434.24,True,False,True,True,False,False
1,51,90.2,1,4600.2,False,True,False,True,False,False
1,11,90.84,0,999.24,True,False,False,False,False,True
1,17,71.88,1,1221.96,False,False,False,False,False,True
1,66,104.03,0,6865.98,False,False,True,False,False,True
1,70,45.44,1,3180.8,False,False,False,False,True,False
1,69,110.74,0,7641.06,True,True,False,True,False,False
0,29,83.68,0,2426.72,False,False,True,True,False,False
0,20,63.87,0,1277.4,True,False,False,False,False,True
1,27,118.22,0,3191.94,False,False,True,False,False,True
0,8,106.2,1,849.6,True,False,True,True,False,False
0,61,97.2,0,5929.2,False,True,False,True,False,False
0,28,47.39,0,1326.92,True,False,True,False,True,False
1,70,117.37,0,8215.9,False,False,False,True,False,False
1,3,94.3,0,282.9,True,True,False,False,False,True
1,69,80.52,0,5555.88,True,False,True,False,True,False
1,7,112.18,0,785.26,True,False,False,False,False,False
1,60,36.22,1,2173.2,True,False,True,False,False,False
0,4,33.9,0,135.6,False,False,True,True,False,False
1,5,76.37,0,381.85,False,True,False,False,False,True
0,11,25.67,0,282.37,True,True,False,True,False,False
1,15,86.4,0,1296.0,False,True,False,False,False,True
0,64,44.07,1,2820.48,True,True,False,False,False,True
1,13,31.9,0,414.7,True,False,False,False,False,True
1,7,60.95,0,426.65,False,False,True,False,False,False
1,6,66.59,0,399.54,True,True,False,True,False,False
1,56,37.05,0,2074.8,True,False,False,True,False,False
1,64,24.15,0,1545.6,False,True,False,False,False,False
1,50,61.41,1,3070.5,True,False,True,False,False,True
0,30,95.95,0,2878.5,True,True,False,False,True,False
1,22,107.42,0,2363.24,True,False,True,False,True,False
0,25,29.75,1,743.75,True,False,True,False,False,False
1,28,72.47,0,2029.16,False,False,False,False,True,False
0,39,46.34,0,1807.26,False,True,False,False,False,True
0,67,57.46,0,3849.82,False,True,False,False,False,True
0,5,113.34,0,566.7,True,False,True,True,False,False
0,65,55.21,0,3588.65,True,True,False,False,False,True
0,15,56.53,0,847.95,False,False,True,False,False,True
0,67,40.94,0,2742.98,True,False,False,False,False,True
1,40,116.0,0,4640.0,True,True,False,False,True,False
0,69,65.65,0,4529.85,True,False,True,False,True,False
1,43,77.04,0,3312.72,True,True,False,False,False,False
1,1,65.32,0,65.32,False,True,False,False,False,False
0,22,45.29,0,996.38,False,False,False,False,True,False
0,62,101.04,0,6264.48,False,False,True,True,False,False
1,26,22.85,0,594.1,True,False,False,True,False,False
0,18,89.02,1,1602.36,False,False,False,False,True,False
0,48,79.43,1,3812.64,False,False,False,False,False,False
0,9,34.43,0,309.87,True,False,True,True,False,False
0,1,36.59,1,36.59,True,False,True,False,False,True
0,9,85.92,0,773.28,False,True,False,True,False,False
0,23,51.21,0,1177.83,False,False,True,True,False,False
0,45,46.57,0,2095.65,False,False,False,True,False,False
1,2,25.92,0,51.84,False,False,True,False,False,False
0,14,96.65,0,1353.1,True,True,False,False,False,False
1,38,108.27,0,4114.26,False,False,False,False,True,False
1,40,101.98,0,4079.2,False,True,False,True,False,False
1,63,66.6,0,4195.8,True,False,True,False,False,False
1,16,73.4,0,1174.4,False,True,False,False,False,False
0,6,44.23,0,265.38,True,True,False,False,True,False
1,3,37.29,0,111.87,True,False,True,False,False,True
1,14,102.3,0,1432.2,True,True,False,False,False,True
1,66,99.83,0,6588.78,False,False,True,True,False,False
1,67,97.74,1,6548.58,False,False,False,False,False,True
1,31,66.34,0,2056.54,True,True,False,False,True,False
0,33,106.45,0,3512.85,False,False,False,False,False,False
0,1,112.62,0,112.62,False,False,True,False,False,True
1,44,52.83,1,2324.52,True,False,True,True,False,False
0,15,42.47,0,637.05,True,True,False,True,False,False
0,37,66.43,0,2457.91,False,True,False,False,False,False
1,27,37.93,0,1024.11,True,False,True,True,False,False
1,48,108.4,0,5203.2,False,False,True,False,True,False
1,27,53.8,0,1452.6,False,False,False,False,False,True
0,12,77.62,0,931.44,False,False,False,True,False,False
1,67,79.47,0,5324.49,False,True,False,False,False,True
0,30,71.5,0,2145.0,True,True,False,False,False,False
0,66,35.65,0,2352.9,True,True,False,False,False,True
0,7,119.1,0,833.7,True,True,False,False,True,False
1,34,37.26,0,1266.84,True,True,False,False,False,False
0,32,95.15,1,3044.8,False,True,False,True,False,False
1,39,99.14,1,3866.46,False,True,False,False,False,False
1,43,34.52,1,1484.36,True,True,False,False,False,True
1,43,113.32,1,4872.76,False,False,False,False,False,True
1,3,68.78,0,206.34,False,False,True,False,False,True
1,46,82.89,1,3812.94,False,False,True,False,False,True
0,32,84.22,0,2695.04,True,True,False,False,False,False
0,43,70.5,0,3031.5,True,False,True,False,False,False
0,3,34.2,0,102.6,True,True,False,False,False,True
0,63,95.18,0,5996.34,False,False,False,True,False,False
0,40,78.18,1,3127.2,True,True,False,False,False,False
1,18,31.87,0,573.66,True,False,False,False,True,False
1,67,90.03,1,6032.01,True,False,False,False,False,False
0,62,90.28,0,5597.36,True,False,False,False,True,False
0,10,74.85,0,748.5,True,True,False,True,False,False
0,52,29.05,0,1510.6,True,False,False,False,True,False
1,46,55.26,0,2541.96,False,True,False,False,True,False
1,55,25.09,1,1379.95,False,False,False,True,False,False
1,46,67.76,1,3116.96,True,False,False,False,False,True
0,60,110.64,1,6638.4,True,False,True,False,False,False
0,26,20.23,1,525.98,False,True,False,True,False,False
0,27,46.66,0,1259.82,False,False,True,False,True,False
0,38,99.99,0,3799.62,True,False,False,False,False,True
1,22,20.99,0,461.78,True,False,True,False,False,False
0,26,21.02,0,546.52,True,False,False,True,False,False
0,69,81.08,0,5594.52,True,False,True,False,False,False
0,35,98.92,0,3462.2,False,False,True,False,False,True
1,66,97.65,0,6444.9,True,True,False,False,False,False
1,51,97.96,0,4995.96,True,True,False,False,False,True
0,18,56.1,0,1009.8,True,False,True,True,False,False
1,43,108.27,0,4655.61,True,False,True,False,False,True
1,12,21.28,1,255.36,False,True,False,True,False,False
1,3,51.22,0,153.66,False,False,False,False,False,True
1,7,53.72,0,376.04,False,False,False,False,False,False
1,6,36.56,1,219.36,True,False,False,False,False,True
0,45,53.62,0,2412.9,True,False,False,False,False,True
0,39,78.59,0,3065.01,False,False,True,False,False,False
0,51,72.03,1,3673.53,True,False,False,False,True,False
1,9,51.94,0,467.46,True,False,True,False,False,True
1,23,94.93,0,2183.39,False,False,True,True,False,False
1,12,91.48,0,1097.76,False,False,False,False,False,True
1,62,48.07,0,2980.34,False,False,False,False,True,False
0,40,52.32,0,2092.8,False,False,False,True,False,False
0,54,48.75,0,2632.5,True,True,False,False,False,False
0,7,32.89,1,230.23,True,False,True,False,False,False
0,17,95.28,0,1619.76,False,False,False,False,False,False
0,50,24.63,0,1231.5,True,True,False,True,False,False
0,24,35.06,0,841.44,False,False,True,False,False,True
1,2,30.53,1,61.06,False,False,True,True,False,False
1,33,102.53,0,3383.49,True,False,True,True,False,False
0,21,24.4,0,512.4,False,False,False,False,True,False
1,53,86.46,0,4582.38,True,False,False,True,False,False
0,46,24.45,0,1124.7,True,False,True,False,False,False
0,45,98.64,0,4438.8,True,False,True,True,False,False
1,9,111.27,0,1001.43,True,True,False,False,True,False
0,6,68.68,0,412.08,False,True,False,True,False,False
0,51,100.45,0,5122.95,True,False,True,True,False,False
0,35,90.64,0,3172.4,False,True,False,False,False,False
1,53,99.56,0,5276.68,False,False,True,True,False,False
1,19,96.68,0,1836.92,False,True,False,False,False,True
1,69,40.54,0,2797.26,False,False,True,False,False,False
1,25,69.96,1,1749.0,True,False,False,False,True,False
0,11,116.04,0,1276.44,True,False,True,False,True,False
1,17,54.35,1,923.95,False,False,False,False,True,False
1,36,117.05,0,4213.8,False,False,True,True,False,False
1,21,78.32,0,1644.72,True,False,False,False,False,True
0,18,66.16,0,1190.88,False,True,False,False,False,False
1,60,85.78,0,5146.8,True,False,False,False,False,True
1,18,101.58,0,1828.44,False,True,False,False,False,True
0,1,59.42,0,59.42,True,False,True,False,True,False
0,14,23.3,0,326.2,False,True,False,False,True,False
0,8,90.88,1,727.04,False,True,False,False,False,True
0,66,115.62,0,7630.92,True,True,False,False,False,True
1,51,82.5,1,4207.5,False,False,True,False,False,False
0,60,38.84,1,2330.4,False,False,False,False,True,False
1,34,44.82,0,1523.88,True,True,False,False,True,False
1,36,110.98,0,3995.28,False,False,True,True,False,False
1,62,21.36,0,1324.32,True,True,False,False,True,False
1,1,74.87,0,74.87,True,False,False,False,False,False
1,42,35.87,0,1506.54,False,True,False,True,False,False
0,1,48.28,0,48.28,False,True,False,False,False,False
1,54,50.7,0,2737.8,False,True,False,False,True,False
1,47,41.93,0,1970.71,False,False,False,False,True,False
1,39,99.24,0,3870.36,False,False,False,False,False,True
0,30,53.22,0,1596.6,False,False,True,False,False,True
1,7,54.55,0,381.85,False,True,False,False,False,False
1,22,65.3,1,1436.6,True,True,False,True,False,False
0,50,110.23,1,5511.5,False,True,False,False,True,False
1,45,88.82,0,3996.9,True,True,False,False,False,True
1,10,26.17,1,261.7,False,False,False,False,False,True
0,14,23.93,0,335.02,False,False,False,False,True,False
1,46,76.64,1,3525.44,True,True,False,False,True,False
1,6,108.71,0,652.26,False,True,False,True,False,False
1,21,52.33,0,1098.93,False,True,False,False,False,True
1,62,44.78,0,2776.36,True,True,False,True,False,False
1,19,94.82,0,1801.58,False,False,True,True,False,False
0,62,80.21,1,4973.02,False,False,True,False,True,False
0,53,76.5,0,4054.5,False,True,False,True,False,False
0,24,34.93,0,838.32,True,True,False,False,True,False
1,56,37.6,0,2105.6,False,True,False,False,False,False
1,62,48.18,0,2987.16,False,False,True,True,False,False
1,34,40.68,0,1383.12,False,False,False,False,False,True
0,22,117.14,1,2577.08,False,False,True,False,False,True
1,68,21.86,0,1486.48,True,False,True,False,False,False
1,57,82.61,0,4708.77,True,True,False,False,False,False
1,10,71.76,1,717.6,False,True,False,True,False,False
0,66,52.33,0,3453.78,False,False,False,False,False,True
0,8,108.76,0,870.08,True,True,False,False,False,True
1,38,87.02,0,3306.76,True,True,False,False,True,False
1,62,119.84,0,7430.08,False,False,False,False,True,False
1,28,36.87,0,1032.36,True,True,False,False,False,True
0,10,28.79,0,287.9,False,True,False,False,True,False
0,45,33.94,0,1527.3,True,True,False,False,True,False
0,65,46.93,1,3050.45,True,False,True,False,True,False
1,67,61.68,0,4132.56,True,True,False,False,False,False
0,9,106.26,1,956.34,True,False,True,False,False,True
1,5,48.36,0,241.8,False,True,False,False,False,True
1,10,111.52,0,1115.2,True,True,False,False,False,True
0,12,66.29,0,795.48,True,False,True,False,True,False
1,58,84.71,0,4913.18,False,False,True,True,False,False
0,21,46.44,0,975.24,True,True,False,True,False,False
1,21,35.6,0,747.6,True,False,False,False,True,False
1,65,106.95,1,6951.75,False,True,False,False,False,False
0,3,30.95,0,92.85,True,False,True,False,False,False
1,69,97.4,0,6720.6,False,True,False,False,False,True
1,64,78.1,0,4998.4,False,True,False,True,False,False
1,49,106.11,1,5199.39,False,False,True,False,False,False
1,17,91.78,0,1560.26,False,False,False,True,False,False
1,32,48.17,0,1541.44,True,False,False,True,False,False
1,70,77.44,1,5420.8,False,False,True,False,False,False
1,21,21.31,1,447.51,True,False,True,False,True,False
1,7,67.52,0,472.64,True,True,False,False,False,True
0,7,28.6,0,200.2,True,False,True,False,False,True
0,27,62.89,0,1698.03,True,False,True,False,False,False
1,8,30.96,1,247.68,True,True,False,False,True,False
1,28,115.55,0,3235.4,True,True,False,False,False,False
0,66,72.31,0,4772.46,True,True,False,False,False,False
1,71,111.32,0,7903.72,True,False,False,True,False,False
0,47,22.24,0,1045.28,True,False,False,True,False,False
0,10,83.77,0,837.7,True,False,True,False,False,True
0,33,50.7,0,1673.1,False,True,False,True,False,False
1,7,63.18,0,442.26,False,False,True,True,False,False
1,3,107.31,1,321.93,False,False,True,False,True,False
1,14,118.0,1,1652.0,True,False,False,False,False,False
0,44,44.65,1,1964.6,False,False,False,False,False,False
0,46,114.83,1,5282.18,False,False,True,False,True,False
0,61,88.87,0,5421.07,False,True,False,True,False,False
1,36,115.14,0,4145.04,True,False,False,True,False,False
0,13,76.24,0,991.12,True,False,False,False,False,False
0,16,116.08,0,1857.28,True,False,False,False,False,True
1,5,109.25,0,546.25,True,False,True,False,False,False
0,38,32.86,0,1248.68,False,False,False,False,False,True
0,50,51.08,1,2554.0,False,True,False,True,False,False
1,38,44.31,0,1683.78,False,False,False,False,False,True
1,56,77.21,0,4323.76,False,False,True,False,False,True
0,63,100.28,0,6317.64,True,False,True,False,False,True
1,48,95.94,1,4605.12,True,False,True,False,False,True
0,59,92.67,1,5467.53,True,False,True,False,False,True
1,44,57.53,0,2531.32,False,True,False,False,False,False
0,55,33.96,0,1867.8,True,False,True,False,True,False
1,55,41.06,0,2258.3,True,False,False,True,False,False
0,1,94.17,1,94.17,False,True,False,False,False,False
1,8,34.75,0,278.0,False,False,True,False,True,False
1,4,42.29,0,169.16,True,False,True,False,False,False
1,53,62.46,0,3310.38,True,True,False,False,True,False
1,58,27.21,0,1578.18,True,False,False,False,False,False
1,37,41.27,0,1526.99,True,True,False,True,False,False
1,49,34.98,1,1714.02,True,False,False,True,False,False
1,67,115.13,1,7713.71,True,False,False,False,False,True
0,19,39.15,1,743.85,False,False,True,False,True,False
0,1,106.18,0,106.18,False,True,False,False,False,False
1,29,31.48,0,912.92,False,True,False,False,False,True
1,33,106.97,1,3530.01,True,False,True,False,False,False
0,52,79.94,0,4156.88,False,False,True,True,False,False
0,41,104.97,1,4303.77,True,False,False,True,False,False
1,23,106.73,0,2454.79,True,False,True,False,True,False
0,5,79.64,1,398.2,False,True,False,False,False,False
0,71,111.77,1,7935.67,True,False,True,False,False,False
1,57,78.54,0,4476.78,True,False,True,False,False,True
1,6,91.26,0,547.56,False,False,True,True,False,False
1,49,61.61,0,3018.89,False,False,True,False,False,True
0,22,111.41,0,2451.02,False,False,True,False,False,True
1,4,102.42,0,409.68,True,False,False,False,True,False
1,64,36.67,0,2346.88,False,False,True,False,False,True
0,37,77.64,0,2872.68,False,False,True,False,True,False
1,31,109.68,0,3400.08,True,True,False,True,False,False
0,37,99.31,1,3674.47,False,False,True,False,False,True
0,45,116.26,0,5231.7,False,True,False,False,False,True
0,8,43.13,1,345.04,False,True,False,False,False,True
0,40,56.75,0,2270.0,True,True,False,False,False,True
0,5,70.72,1,353.6,True,True,False,True,False,False
0,28,43.27,0,1211.56,True,False,False,False,True,False
1,9,59.4,0,534.6,True,False,False,True,False,False
1,2,73.75,0,147.5,False,True,False,False,True,False
1,63,39.13,1,2465.19,True,False,False,False,True,False
0,51,45.67,0,2329.17,True,False,False,False,False,True
1,31,32.48,0,1006.88,False,False,True,False,False,True
0,7,91.34,1,639.38,False,False,False,False,False,True
1,30,56.16,0,1684.8,False,True,False,False,True,False
0,58,42.03,0,2437.74,True,True,False,False,False,False
1,3,70.73,0,212.19,True,True,False,False,False,False
0,51,26.82,0,1367.82,True,True,False,False,False,False
1,56,112.34,0,6291.04,False,False,True,True,False,False
0,10,49.45,0,494.5,False,False,False,False,True,False
1,61,108.65,0,6627.65,True,True,False,False,False,False
0,50,69.76,0,3488.0,False,False,True,False,True,False
1,47,105.02,0,4935.94,False,True,False,False,True,False
1,1,44.71,1,44.71,False,False,False,True,False,False
1,57,37.53,1,2139.21,True,False,True,False,False,True
0,38,104.94,0,3987.72,False,False,False,False,False,True
0,62,41.29,1,2559.98,False,False,True,True,False,False
0,70,94.62,1,6623.4,True,True,False,True,False,False
0,65,54.46,0,3539.9,True,True,False,False,True,False
0,62,94.82,1,5878.84,False,False,False,False,False,False
1,56,110.76,0,6202.56,False,False,False,False,True,False
0,67,118.16,1,7916.72,True,False,True,False,True,False
1,17,55.98,0,951.66,True,False,False,False,False,False
1,8,56.75,0,454.0,False,False,False,False,False,True
0,60,118.14,0,7088.4,False,True,False,False,True,False
1,40,106.15,0,4246.0,False,True,False,False,False,True
0,62,24.51,0,1519.62,False,True,False,False,False,True
0,41,77.34,0,3170.94,True,True,False,False,False,True
0,12,38.12,0,457.44,False,True,False,False,True,False
1,54,119.4,0,6447.6,False,True,False,False,False,False
0,11,33.89,0,372.79,True,True,False,False,False,False
0,60,75.93,0,4555.8,False,False,True,False,False,True
0,68,86.52,0,5883.36,True,True,False,False,False,True
1,46,113.71,0,5230.66,False,True,False,False,False,False
0,38,104.73,1,3979.74,False,True,False,True,False,False
1,61,44.58,1,2719.38,True,True,False,True,False,False
1,17,77.26,0,1313.42,True,True,False,False,False,True
0,66,115.36,1,7613.76,False,False,False,False,False,False
1,36,93.57,1,3368.52,False,False,False,True,False,False
1,7,88.83,0,621.81,False,True,False,False,False,False
0,16,95.49,0,1527.84,True,True,False,False,True,False
0,14,52.25,0,731.5,False,True,False,False,False,True
0,25,92.93,0,2323.25,True,False,True,True,False,False
1,4,43.29,1,173.16,True,True,False,False,False,True
0,29,62.81,0,1821.49,False,False,True,False,True,False
1,56,108.99,1,6103.44,True,False,True,False,False,False
1,6,21.9,0,131.4,False,True,False,False,False,True
1,1,61.43,1,61.43,False,False,False,True,False,False
1,39,46.68,0,1820.52,False,True,False,False,True,False
1,1,39.86,0,39.86,False,True,False,True,False,False
0,63,103.86,0,6543.18,False,False,False,False,False,False
0,57,89.65,1,5110.05,True,False,False,True,False,False
1,67,31.26,1,2094.42,True,True,False,True,False,False
1,65,69.45,0,4514.25,False,True,False,True,False,False
0,65,66.69,0,4334.85,False,False,True,False,True,False
0,21,34.25,0,719.25,True,False,False,True,False,False
1,30,99.98,1,2999.4,True,False,True,True,False,False
1,33,56.67,0,1870.11,True,False,True,False,True,False
0,48,96.19,0,4617.12,True,False,True,False,True,False
0,22,39.21,0,862.62,False,False,True,False,True,False
1,54,51.51,0,2781.54,False,False,False,False,False,False
0,4,29.52,0,118.08,True,False,False,False,True,False
0,55,34.35,1,1889.25,False,False,False,False,False,False
1,44,108.32,1,4766.08,True,True,False,False,True,False
1,12,30.91,1,370.92,False,False,True,False,True,False
1,52,29.57,0,1537.64,True,True,False,False,False,True
0,65,114.04,0,7412.6,False,False,False,False,False,True
1,65,84.59,1,5498.35,True,False,False,False,False,True
0,10,30.09,0,300.9,True,True,False,False,False,True
1,18,117.17,0,2109.06,False,False,True,False,True,False
1,47,34.71,0,1631.37,True,False,False,False,True,False
0,66,96.63,0,6377.58,False,False,True,False,False,False
0,49,23.49,0,1151.01,False,False,True,False,True,False
1,22,82.45,1,1813.9,True,False,False,False,False,False
1,26,74.67,1,1941.42,False,True,False,True,False,False
0,9,40.8,0,367.2,False,False,True,True,False,False
1,21,84.31,0,1770.51,False,True,False,False,True,False
0,63,81.71,0,5147.73,False,False,True,True,False,False
0,6,99.84,0,599.04,False,False,True,False,True,False
1,14,107.59,1,1506.26,True,False,False,False,False,False
0,33,71.01,0,2343.33,False,True,False,False,False,True
0,71,69.03,0,4901.13,False,False,True,True,False,False
0,24,82.16,0,1971.84,False,True,False,False,True,False
1,51,92.92,1,4738.92,False,False,True,False,False,True
0,2,55.62,0,111.24,False,True,False,False,False,False
1,15,70.46,0,1056.9,True,True,False,False,True,False
1,35,78.51,0,2747.85,False,False,False,True,False,False
1,36,118.84,0,4278.24,True,False,True,False,False,False
0,39,78.77,0,3072.03,True,False,True,False,True,False
0,4,42.42,1,169.68,True,False,True,True,False,False
1,64,78.8,0,5043.2,True,False,True,False,False,False
1,6,101.95,0,611.7,False,False,False,False,False,False
0,57,105.74,1,6027.18,True,False,False,False,False,True
1,30,100.03,0,3000.9,True,False,True,False,False,True
1,67,108.82,1,7290.94,False,True,False,False,False,True
0,15,53.48,0,802.2,False,False,False,False,True,False
1,17,70.76,0,1202.92,False,True,False,False,False,False
0,18,97.96,1,1763.28,True,True,False,False,False,True
0,19,46.44,0,882.36,False,True,False,True,False,False
1,69,57.16,0,3944.04,False,False,True,False,True,False
0,24,103.12,1,2474.88,True,False,False,False,False,True
0,48,97.01,1,4656.48,False,False,True,False,True,False
0,30,117.12,0,3513.6,False,True,False,False,False,False
1,15,119.6,0,1794.0,False,False,True,True,False,False
1,47,44.07,0,2071.29,False,True,False,False,False,False
1,44,110.04,1,4841.76,True,False,True,True,False,False
0,27,29.45,1,795.15,False,False,True,False,False,False
0,64,90.98,0,5822.72,False,False,False,False,True,False
1,41,42.01,0,1722.41,True,False,False,False,False,False
1,68,50.03,1,3402.04,False,True,False,True,False,False
0,5,114.63,0,573.15,True,True,False,False,True,False
1,53,46.32,0,2454.96,False,True,False,False,True,False
1,8,87.32,0,698.56,True,False,True,True,False,False
1,22,37.81,0,831.82,True,True,False,True,False,False
1,7,29.34,1,205.38,True,False,False,False,True,False
1,22,53.93,1,1186.46,True,True,False,True,False,False
0,46,82.42,0,3791.32,False,True,False,False,False,False
1,30,44.79,1,1343.7,True,False,True,False,False,False
1,16,50.02,0,800.32,False,False,False,False,False,False
0,5,90.87,1,454.35,True,True,False,False,True,False
0,67,30.28,0,2028.76,True,False,False,False,False,False
0,23,64.69,1,1487.87,True,True,False,False,True,False
0,61,114.17,0,6964.37,False,False,False,True,False,False
1,5,59.7,0,298.5,True,True,False,False,False,False
1,23,63.42,1,1458.66,False,True,False,False,True,False
1,25,93.82,0,2345.5,False,False,True,False,False,True
1,8,97.9,1,783.2,False,False,True,False,False,False
0,21,96.96,0,2036.16,False,False,False,False,False,False
0,2,119.79,0,239.58,False,False,False,False,True,False
1,22,27.15,1,597.3,False,False,False,False,True,False
1,68,118.23,0,8039.64,False,False,False,True,False,False
1,64,115.02,0,7361.28,False,False,True,False,True,False
1,19,105.21,0,1998.99,False,False,False,True,False,False
0,53,65.41,0,3466.73,True,True,False,False,False,True
1,52,107.09,0,5568.68,True,True,False,True,False,False
0,47,42.08,0,1977.76,True,True,False,False,False,False
0,54,99.17,0,5355.18,True,False,True,False,True,False
0,44,38.52,0,1694.88,True,False,False,False,False,True
0,7,101.54,1,710.78,False,True,False,False,False,True
1,1,81.45,0,81.45,False,True,False,False,True,False
1,63,29.8,0,1877.4,False,False,True,False,False,False
1,39,109.53,0,4271.67,False,False,True,False,True,False
1,19,77.8,0,1478.2,False,False,True,False,True,False
0,31,85.62,0,2654.22,False,True,False,False,True,False
0,24,48.35,0,1160.4,False,False,True,True,False,False
0,69,107.16,1,7394.04,True,True,False,False,False,True
1,65,74.52,1,4843.8,True,False,False,False,False,True
0,33,62.11,0,2049.63,True,True,False,False,False,False
0,59,73.43,0,4332.37,True,False,False,False,False,True
0,33,90.33,0,2980.89,False,True,False,False,True,False
0,32,89.5,0,2864.0,False,False,False,False,False,True
1,59,55.76,1,3289.84,False,True,False,False,False,False
0,41,58.53,1,2399.73,True,True,False,True,False,False
0,12,76.22,0,914.64,False,True,False,True,False,False
1,11,112.44,1,1236.84,False,True,False,False,True,False
1,19,94.54,0,1796.26,False,False,True,False,True,False
1,54,59.04,0,3188.16,True,True,False,False,False,True
0,57,53.7,0,3060.9,False,True,False,False,False,True
0,42,72.36,1,3039.12,True,False,True,False,False,False
0,71,107.0,0,7597.0,True,False,True,False,True,False
0,31,20.87,1,646.97,True,False,True,False,False,False
1,52,91.05,0,4734.6,True,False,True,True,False,False
0,2,49.45,0,98.9,False,False,True,False,False,True
0,38,40.84,0,1551.92,True,False,True,False,True,False
1,32,21.21,0,678.72,True,False,True,False,False,True
1,10,109.66,0,1096.6,False,False,True,False,True,False
1,8,111.22,1,889.76,False,False,True,True,False,False
0,20,26.14,0,522.8,True,False,True,False,False,False
0,20,72.18,1,1443.6,False,False,True,False,True,False
0,9,35.26,0,317.34,True,False,False,False,False,True
0,15,95.87,0,1438.05,True,True,False,False,True,False
0,63,86.54,0,5452.02,True,True,False,False,False,False
1,21,49.71,0,1043.91,True,False,True,True,False,False
1,5,31.7,0,158.5,False,False,True,False,False,True
0,35,103.12,0,3609.2,True,False,False,True,False,False
0,68,87.43,0,5945.24,False,False,True,True,False,False
0,48,20.68,0,992.64,False,False,False,False,False,False
0,62,82.79,0,5132.98,False,True,False,False,True,False
0,35,101.03,0,3536.05,False,True,False,False,True,False
1,70,79.08,1,5535.6,True,False,True,False,True,False
1,21,62.47,1,1311.87,False,False,False,False,True,False
1,39,78.39,0,3057.21,True,False,False,False,False,True
0,34,81.97,1,2786.98,False,True,False,True,False,False
0,15,84.0,0,1260.0,False,True,False,False,True,False
1,6,116.7,0,700.2,True,False,False,True,False,False
1,66,37.86,0,2498.76,True,False,False,False,False,True
0,56,82.31,1,4609.36,True,True,False,False,False,True
1,49,38.8,0,1901.2,False,False,False,False,False,True
1,1,41.0,0,41.0,False,True,False,True,False,False
0,65,86.93,0,5650.45,True,False,False,False,True,False
1,28,111.6,0,3124.8,True,False,True,True,False,False
1,20,35.9,0,718.0,True,True,False,False,True,False
1,48,116.25,1,5580.0,True,False,False,False,False,False
0,65,51.94,1,3376.1,False,True,False,False,True,False
1,51,59.13,1,3015.63,True,False,False,False,True,False
1,43,35.37,1,1520.91,True,False,True,False,True,False
1,49,81.58,0,3997.42,True,False,True,False,False,True
0,25,79.64,0,1991.0,True,False,True,False,False,False
0,41,64.23,0,2633.43,False,True,False,False,True,False
1,71,67.61,0,4800.31,True,False,True,False,False,False
0,64,82.3,0,5267.2,False,True,False,True,False,False
1,61,78.35,0,4779.35,True,False,True,True,False,False
0,12,57.43,0,689.16,True,True,False,False,False,True
0,69,108.41,1,7480.29,False,False,True,True,False,False
1,14,86.77,0,1214.78,True,False,False,False,False,False
1,34,40.54,0,1378.36,False,False,False,False,False,False
1,48,51.99,0,2495.52,False,True,False,False,False,False
0,61,98.79,0,6026.19,True,False,True,False,False,False
1,35,30.45,0,1065.75,False,False,True,False,False,False
0,65,95.02,0,6176.3,False,False,False,False,False,True
0,59,55.88,0,3296.92,False,False,True,False,True,False
1,36,75.17,0,2706.12,False,False,True,True,False,False
0,19,48.06,0,913.14,False,True,False,False,False,False
1,42,118.65,0,4983.3,False,False,False,True,False,False
0,69,110.58,1,7630.02,False,False,True,False,False,True
1,19,112.84,0,2143.96,False,False,True,False,False,True
0,39,38.48,0,1500.72,True,True,False,False,True,False
0,69,104.17,1,7187.73,True,True,False,False,False,True
1,52,73.54,1,3824.08,False,True,False,False,True,False
0,12,90.79,1,1089.48,True,True,False,False,False,False
1,47,41.75,0,1962.25,False,False,True,False,False,True
0,36,91.2,0,3283.2,False,False,True,True,False,False
0,63,111.43,0,7020.09,True,False,True,False,False,True
0,51,46.75,0,2384.25,False,True,False,False,False,True
1,43,43.34,1,1863.62,False,False,True,False,False,False
1,34,30.44,0,1034.96,False,False,False,False,True,False
1,49,46.68,0,2287.32,False,False,False,False,True,False
1,18,73.58,0,1324.44,True,False,True,False,False,True
1,61,103.27,1,6299.47,False,True,False,True,False,False
0,57,47.88,0,2729.16,False,False,False,False,False,True
0,5,82.11,1,410.55,False,False,True,True,False,False
1,24,67.96,0,1631.04,True,False,False,False,False,False
0,64,48.86,1,3127.04,False,False,False,False,False,False
0,59,71.04,0,4191.36,True,False,False,False,True,False
0,38,36.8,1,1398.4,True,False,False,True,False,False
0,33,83.96,0,2770.68,False,False,True,False,False,True
1,10,31.57,1,315.7,False,False,False,False,False,True
0,37,93.1,0,3444.7,True,False,True,False,False,True
1,11,37.77,0,415.47,False,False,False,False,False,True
1,24,119.82,0,2875.68,True,False,False,False,False,False
0,71,102.37,1,7268.27,True,False,False,True,False,False
1,21,54.38,0,1141.98,False,False,True,False,False,False
0,20,62.62,0,1252.4,False,False,False,True,False,False
0,10,45.92,0,459.2,True,False,False,False,True,False
0,47,96.71,0,4545.37,True,True,False,True,False,False
1,47,58.07,0,2729.29,True,False,False,False,False,True
1,15,95.52,0,1432.8,True,True,False,False,False,False
1,44,21.84,0,960.96,False,False,True,False,False,True
0,62,33.56,0,2080.72,False,False,False,True,False,False
0,6,56.5,0,339.0,False,False,False,True,False,False
0,66,30.89,0,2038.74,False,True,False,False,True,False
1,4,80.11,0,320.44,False,True,False,True,False,False
0,23,25.08,0,576.84,True,False,False,True,False,False
0,13,105.98,0,1377.74,False,False,True,False,False,True
1,31,96.13,1,2980.03,False,True,False,True,False,False
1,16,41.63,0,666.08,False,False,False,True,False,False
1,41,68.38,1,2803.58,False,True,False,False,False,False
0,1,65.18,0,65.18,False,False,True,False,False,False
0,12,92.49,0,1109.88,True,True,False,False,True,False
0,56,60.15,0,3368.4,True,False,False,False,True,False
1,50,23.29,0,1164.5,True,True,False,False,False,True
1,20,47.37,0,947.4,False,False,True,False,False,True
1,66,66.62,1,4396.92,True,False,False,False,False,False
1,36,117.45,0,4228.2,True,False,False,False,False,False
0,38,108.12,0,4108.56,False,False,False,False,False,False
0,22,38.14,0,839.08,False,False,False,False,True,False
0,61,92.33,1,5632.13,False,False,True,False,True,False
0,50,113.68,1,5684.0,True,False,False,True,False,False
0,59,20.88,0,1231.92,True,False,True,False,True,False
0,20,92.09,1,1841.8,False,False,True,True,False,False
0,36,65.93,0,2373.48,False,True,False,False,False,True
0,15,88.02,1,1320.3,True,True,False,False,True,False
1,62,80.56,0,4994.72,True,False,False,False,False,True
1,3,118.47,0,355.41,False,False,False,True,False,False
0,5,48.88,0,244.4,False,False,True,False,False,True
1,56,98.61,1,5522.16,True,True,False,False,False,True
0,31,43.46,1,1347.26,False,False,False,False,True,False
0,35,63.56,1,2224.6,True,False,False,True,False,False
1,71,117.54,0,8345.34,True,False,True,True,False,False
0,70,96.61,0,6762.7,True,True,False,False,False,False
0,26,51.58,0,1341.08,True,False,False,False,True,False
0,1,81.94,1,81.94,False,False,False,False,True,False
0,7,24.97,1,174.79,False,False,False,True,False,False
0,36,46.64,0,1679.04,True,False,False,False,True,False
0,25,91.84,0,2296.0,True,False,False,False,False,True
0,59,77.01,0,4543.59,True,False,False,False,False,False
1,61,66.97,0,4085.17,True,True,False,True,False,False
1,29,89.09,0,2583.61,True,False,True,False,True,False
0,18,59.85,0,1077.3,False,False,True,False,True,False
1,41,22.62,0,927.42,False,False,True,False,False,True
0,19,64.1,1,1217.9,False,False,False,False,True,False
0,4,110.21,1,440.84,False,False,True,False,True,False
0,65,105.66,0,6867.9,True,True,False,False,False,True
0,41,60.9,0,2496.9,True,False,False,False,True,False
1,15,22.22,0,333.3,True,True,False,False,False,False
1,54,83.63,1,4516.02,True,False,False,False,False,True
1,64,94.12,0,6023.68,True,False,False,True,False,False
1,15,49.42,0,741.3,False,False,True,False,False,False
0,50,67.67,1,3383.5,True,True,False,False,True,False
1,22,119.19,1,2622.18,False,False,True,False,False,True
0,18,77.63,1,1397.34,False,False,False,False,False,True
0,2,55.11,1,110.22,False,True,False,False,True,False
1,36,82.75,0,2979.0,False,True,False,True,False,False
0,20,38.0,1,760.0,True,False,False,False,False,False
1,16,39.93,0,638.88,False,False,True,False,True,False
1,67,112.49,0,7536.83,False,False,False,True,False,False
1,30,43.92,0,1317.6,False,True,False,False,False,True
1,55,51.08,0,2809.4,True,True,False,False,False,True
1,66,74.38,0,4909.08,True,True,False,False,False,True
0,26,109.97,1,2859.22,True,False,False,False,True,False
1,57,98.14,0,5593.98,False,True,False,True,False,False
1,69,24.38,1,1682.22,False,True,False,False,True,False
0,2,89.3,0,178.6,True,False,True,False,True,False
1,56,70.41,0,3942.96,False,False,True,False,False,False
1,62,67.56,0,4188.72,True,True,False,False,False,False
0,34,89.16,1,3031.44,True,False,True,False,False,False
0,56,39.62,0,2218.72,False,False,False,True,False,False
1,55,118.15,1,6498.25,False,False,True,False,False,True
0,20,84.53,1,1690.6,False,False,True,False,False,False
1,50,56.57,1,2828.5,False,False,True,False,False,True
0,25,80.02,0,2000.5,True,False,True,True,False,False
1,25,41.65,0,1041.25,True,False,False,False,False,False
1,53,83.38,1,4419.14,True,False,True,False,False,False
1,14,22.82,0,319.48,True,True,False,False,False,True
0,60,54.12,0,3247.2,True,False,True,False,True,False
1,43,94.75,0,4074.25,False,False,True,True,False,False
0,62,100.8,1,6249.6,True,True,False,True,False,False
1,69,45.29,0,3125.01,True,False,False,False,False,False
1,63,73.94,0,4658.22,True,True,False,True,False,False
1,2,72.85,0,145.7,False,True,False,False,False,True
1,54,62.15,1,3356.1,False,True,False,False,True,False
1,16,42.84,0,685.44,False,True,False,False,True,False
0,55,90.32,0,4967.6,False,False,True,True,False,False
0,43,45.24,0,1945.32,True,False,True,False,True,False
0,61,111.1,0,6777.1,True,False,True,False,False,True
1,38,72.85,0,2768.3,False,False,True,False,False,False
1,45,107.05,0,4817.25,False,False,False,False,False,False
0,51,49.07,0,2502.57,True,False,True,True,False,False
1,42,100.71,0,4229.82,True,False,True,True,False,False
1,24,31.37,0,752.88,False,False,False,True,False,False
1,30,96.68,1,2900.4,False,True,False,False,False,False
0,37,58.69,0,2171.53,False,False,True,True,False,False
0,53,67.0,0,3551.0,False,False,True,False,True,False
0,63,36.68,0,2310.84,True,True,False,False,False,False
0,11,21.86,0,240.46,True,False,True,False,False,True
0,23,86.62,1,1992.26,True,True,False,True,False,False
1,50,78.77,1,3938.5,False,True,False,False,False,False
1,55,82.24,0,4523.2,False,True,False,True,False,False
1,55,45.5,1,2502.5,True,False,True,False,False,False
1,4,43.93,1,175.72,True,True,False,False,False,False
0,54,103.03,0,5563.62,True,False,True,False,False,False
0,61,96.13,0,5863.93,True,False,False,False,False,True
1,5,53.68,0,268.4,False,True,False,False,False,False
0,18,83.78,1,1508.04,True,False,True,False,True,False
1,44,102.82,0,4524.08,True,True,False,True,False,False
1,31,108.88,0,3375.28,True,False,True,True,False,False
1,21,20.58,1,432.18,True,False,True,True,False,False
1,47,101.35,0,4763.45,True,False,False,False,False,False
0,30,55.04,0,1651.2,True,True,False,True,False,False
1,55,91.84,0,5051.2,True,False,True,False,True,False
0,68,57.14,0,3885.52,False,False,False,False,True,False
1,69,80.62,0,5562.78,False,False,True,False,True,False
1,41,84.68,0,3471.88,False,False,True,False,False,True
1,45,60.5,0,2722.5,False,False,False,False,True,False
1,30,71.28,1,2138.4,True,True,False,False,True,False
0,45,92.63,0,4168.35,False,False,False,True,False,False
1,45,67.63,0,3043.35,False,True,False,False,False,False
0,45,21.4,0,963.0,True,False,True,True,False,False
1,55,21.29,1,1170.95,True,False,True,False,False,True
1,59,86.13,1,5081.67,False,False,False,False,False,True
1,5,104.72,0,523.6,False,False,False,False,False,True
0,32,98.53,0,3152.96,True,False,False,False,True,False
1,6,51.04,1,306.24,False,False,True,False,True,False
1,26,67.11,0,1744.86,True,True,False,False,True,False
1,37,43.42,0,1606.54,True,False,False,False,False,False
1,13,118.91,0,1545.83,True,True,False,True,False,False
1,69,46.05,1,3177.45,True,False,False,False,True,False
0,25,61.63,1,1540.75,False,False,False,False,False,True
0,13,88.11,0,1145.43,True,False,False,False,False,False
1,20,107.6,0,2152.0,True,False,False,False,False,False
1,60,25.15,1,1509.0,False,False,True,False,False,True
0,21,50.1,0,1052.1,True,False,True,False,True,False
1,61,76.9,0,4690.9,False,False,False,False,False,False
0,26,81.83,0,2127.58,False,False,True,False,False,True
1,54,27.0,0,1458.0,False,False,True,False,True,False
1,42,86.41,1,3629.22,True,False,True,False,False,False
0,11,72.81,0,800.91,False,False,True,False,False,False
1,37,102.76,0,3802.12,False,True,False,True,False,False
0,11,42.22,0,464.42,True,True,False,True,False,False
0,27,39.5,1,1066.5,False,False,True,False,False,False
0,34,99.33,1,3377.22,False,True,False,False,False,False
1,38,90.39,0,3434.82,False,False,False,False,False,False
0,61,99.17,1,6049.37,False,True,False,True,False,False
0,53,98.19,0,5204.07,False,False,False,False,True,False
1,65,30.4,1,1976.0,True,True,False,True,False,False
1,3,47.86,0,143.58,False,True,False,False,False,True
1,67,46.01,0,3082.67,False,False,False,False,False,False
1,28,113.46,0,3176.88,True,False,False,False,False,True
1,14,68.75,0,962.5,True,False,True,False,False,True
1,52,31.11,1,1617.72,True,True,False,False,False,True
0,30,48.96,1,1468.8,False,False,False,True,False,False
1,58,107.19,0,6217.02,True,False,True,True,False,False
0,54,104.71,0,5654.34,False,False,False,False,True,False
1,69,110.03,1,7592.07,False,False,True,False,False,True
0,15,58.85,0,882.75,True,False,True,False,False,True
0,38,84.13,0,3196.94,True,False,False,True,False,False
1,14,47.82,1,669.48,False,False,False,False,False,True
1,57,38.08,0,2170.56,True,True,False,True,False,False
0,59,22.19,0,1309.21,False,True,False,False,False,False
1,8,42.34,0,338.72,True,False,True,False,False,False
1,19,80.44,0,1528.36,True,False,False,False,False,True
0,32,110.42,0,3533.44,True,True,False,False,True,False
0,29,33.34,0,966.86,False,False,True,True,False,False
0,41,111.8,0,4583.8,True,True,False,False,False,False
1,45,54.54,0,2454.3,False,False,True,False,False,False
1,13,62.68,0,814.84,False,True,False,False,False,True
1,27,56.5,0,1525.5,False,False,False,True,False,False
1,19,60.86,1,1156.34,False,False,True,False,False,True
0,26,45.92,0,1193.92,True,False,True,True,False,False
1,53,89.86,1,4762.58,False,True,False,False,True,False
0,51,95.82,0,4886.82,False,True,False,True,False,False
1,37,102.31,0,3785.47,True,True,False,False,False,False
1,9,54.13,1,487.17,False,False,False,False,False,True
0,52,96.46,0,5015.92,True,True,False,True,False,False
1,54,83.77,0,4523.58,False,True,False,False,False,False
1,3,115.79,0,347.37,True,False,False,False,False,True
0,69,62.48,0,4311.12,False,True,False,False,False,True
1,8,119.23,1,953.84,True,False,False,False,True,False
0,14,94.04,0,1316.56,False,False,False,False,False,False
0,3,97.63,1,292.89,False,True,False,True,False,False
0,24,22.57,0,541.68,True,False,False,False,False,False
0,13,69.74,0,906.62,True,True,False,False,False,True
1,43,72.83,1,3131.69,True,False,False,False,True,False
1,29,24.06,1,697.74,True,False,True,True,False,False
1,51,51.21,1,2611.71,False,True,False,False,True,False
0,42,115.56,0,4853.52,False,False,True,False,True,False
1,31,62.61,0,1940.91,True,False,True,False,False,False
1,63,38.67,0,2436.21,False,False,True,False,False,True
1,26,71.33,0,1854.58,True,False,True,False,False,True
1,18,23.38,0,420.84,True,True,False,True,False,False
0,57,71.6,0,4081.2,False,False,False,False,True,False
0,7,79.43,1,556.01,False,True,False,False,True,False
1,48,55.77,0,2676.96,False,True,False,False,True,False
0,60,96.26,0,5775.6,False,False,False,False,False,False
1,33,33.57,1,1107.81,False,False,True,False,False,True
1,3,107.82,0,323.46,False,False,False,False,True,False
1,4,115.54,0,462.16,False,False,True,False,True,False
0,4,20.12,0,80.48,True,True,False,False,False,True
1,42,104.27,0,4379.34,True,False,False,True,False,False
0,9,70.61,0,635.49,True,False,False,False,False,False
0,51,66.14,0,3373.14,True,False,True,False,False,False
1,17,43.87,0,745.79,True,False,False,False,False,False
0,17,64.73,0,1100.41,False,True,False,False,False,True
0,20,115.04,0,2300.8,True,False,False,False,False,False
1,14,41.08,0,575.12,True,False,False,False,True,False
0,22,37.9,1,833.8,True,True,False,False,False,False
0,52,44.19,0,2297.88,True,False,True,False,False,True
1,27,75.18,0,2029.86,True,False,False,False,False,False
1,43,113.03,1,4860.29,True,False,True,True,False,False
0,3,77.39,0,232.17,True,False,False,True,False,False
1,8,44.35,0,354.8,False,True,False,False,False,True
1,10,64.05,1,640.5,False,False,True,False,False,True
0,29,59.04,0,1712.16,True,False,False,True,False,False
0,40,24.66,1,986.4,False,False,True,False,False,False
1,65,71.06,1,4618.9,False,False,False,False,True,False
0,21,32.6,0,684.6,False,True,False,False,False,True
1,24,104.22,0,2501.28,False,True,False,True,False,False
1,60,74.9,0,4494.0,True,False,False,False,False,False
0,26,104.46,0,2715.96,False,False,False,False,False,True
0,9,115.6,1,1040.4,False,False,True,False,False,False
1,20,114.32,0,2286.4,False,False,False,False,True,False
1,56,30.04,0,1682.24,True,False,True,False,False,True
1,36,114.48,0,4121.28,True,False,False,False,True,False
1,36,99.57,0,3584.52,True,True,False,False,True,False
0,22,97.77,0,2150.94,True,False,True,False,True,False
1,1,29.01,0,29.01,True,False,True,True,False,False
0,69,37.95,1,2618.55,True,True,False,False,True,False
0,37,117.52,0,4348.24,True,False,True,False,True,False
1,13,41.34,0,537.42,False,True,False,False,False,False
0,43,36.91,0,1587.13,False,True,False,True,False,False
0,37,56.24,0,2080.88,False,True,False,True,False,False
1,25,111.34,0,2783.5,True,False,False,True,False,False
0,21,67.62,0,1420.02,True,True,False,True,False,False
0,41,112.06,0,4594.46,True,False,True,False,True,False
1,42,53.43,0,2244.06,True,False,False,False,False,False
1,42,42.65,0,1791.3,True,True,False,False,True,False
1,2,69.52,1,139.04,False,True,False,False,True,False
1,68,81.55,0,5545.4,False,True,False,True,False,False
1,8,59.15,1,473.2,True,False,True,True,False,False
1,61,54.6,0,3330.6,True,False,False,False,False,True
1,14,41.81,1,585.34,True,False,False,False,False,False
0,21,47.5,0,997.5,True,False,False,True,False,False
0,24,87.31,0,2095.44,False,False,True,True,False,False
1,50,56.99,1,2849.5,True,True,False,False,True,False
0,45,27.98,1,1259.1,True,False,False,False,True,False
0,64,33.82,1,2164.48,True,True,False,False,True,False
1,64,57.24,0,3663.36,True,False,True,True,False,False
0,26,112.45,0,2923.7,False,False,False,False,False,False
1,32,57.9,0,1852.8,True,False,True,True,False,False
0,57,26.06,0,1485.42,True,False,False,True,False,False
1,53,61.8,1,3275.4,False,False,False,False,False,False
0,33,86.88,0,2867.04,False,True,False,True,False,False
0,52,79.36,0,4126.72,False,False,True,True,False,False
0,18,47.88,0,861.84,True,False,False,False,False,False
1,35,88.81,0,3108.35,True,False,False,True,False,False
0,12,83.06,0,996.72,False,False,True,False,False,True
0,51,37.22,0,1898.22,False,True,False,False,False,True
1,10,36.21,0,362.1,False,False,True,False,True,False
1,52,74.72,0,3885.44,False,False,False,True,False,False
0,34,85.94,0,2921.96,False,False,True,False,False,False
0,67,116.19,0,7784.73,False,True,False,False,False,False
0,39,62.19,1,2425.41,True,True,False,False,False,True
0,8,96.49,0,771.92,True,True,False,False,True,False
1,29,31.65,0,917.85,True,True,False,True,False,False
0,22,108.96,0,2397.12,False,True,False,False,False,False
0,70,83.31,1,5831.7,False,True,False,False,False,False
1,61,82.9,0,5056.9,False,True,False,True,False,False
0,43,34.24,1,1472.32,False,False,False,False,True,False
0,49,23.96,0,1174.04,False,False,True,False,False,True
0,29,90.14,0,2614.06,False,True,False,True,False,False
1,31,31.71,0,983.01,True,False,True,True,False,False
1,53,32.7,0,1733.1,True,False,True,True,False,False
0,34,38.75,0,1317.5,False,False,False,False,False,True
0,38,29.77,0,1131.26,True,False,True,False,False,False
1,57,82.54,0,4704.78,False,False,True,True,False,False
0,4,62.2,0,248.8,True,True,False,True,False,False
0,2,46.61,0,93.22,False,True,False,True,False,False
1,12,64.07,1,768.84,False,False,True,True,False,False
1,35,104.41,0,3654.35,True,True,False,False,True,False
1,70,112.71,0,7889.7,True,False,False,False,True,False
0,21,68.75,0,1443.75,False,False,True,False,True,False
0,61,76.68,0,4677.48,False,False,True,False,False,False
0,35,45.72,1,1600.2,True,False,False,True,False,False
0,48,71.36,0,3425.28,True,False,False,True,False,False
1,15,94.81,0,1422.15,False,False,False,True,False,False
0,71,69.21,0,4913.91,True,False,False,True,False,False
0,15,50.21,0,753.15,False,False,True,False,False,True
1,6,78.2,1,469.2,False,True,False,False,False,True
1,68,114.67,0,7797.56,False,True,False,False,False,True
0,22,108.8,1,2393.6,False,True,False,True,False,False
1,32,96.92,1,3101.44,True,True,False,False,False,True
1,22,47.62,1,1047.64,True,False,False,False,False,True
0,27,44.16,0,1192.32,True,True,False,False,False,False
0,15,103.85,0,1557.75,True,True,False,False,False,False
0,44,38.13,0,1677.72,True,False,True,False,False,True
0,9,80.56,1,725.04,True,False,True,False,False,True
1,34,63.89,0,2172.26,True,True,False,False,False,False
1,15,66.8,0,1002.0,False,False,False,False,False,True
0,62,65.45,1,4057.9,True,True,False,True,False,False
0,45,110.0,1,4950.0,True,False,False,False,False,True
1,58,28.71,0,1665.18,False,False,True,True,False,False
0,19,98.29,0,1867.51,True,False,False,False,False,True
0,16,103.5,0,1656.0,True,True,False,False,True,False
0,8,114.29,0,914.32,False,False,True,False,False,True
0,33,65.26,1,2153.58,True,True,False,False,True,False
1,18,70.01,1,1260.18,True,True,False,False,False,True
0,35,116.13,0,4064.55,True,False,False,False,False,True
1,43,65.85,0,2831.55,False,True,False,True,False,False
0,50,70.35,0,3517.5,True,True,False,False,False,False
0,3,53.23,0,159.69,True,False,True,False,False,False
1,59,23.16,0,1366.44,False,False,False,True,False,False
0,28,63.31,0,1772.68,True,False,False,False,False,False
1,46,85.51,1,3933.46,False,False,True,False,True,False
0,64,88.99,1,5695.36,False,False,True,False,True,False
0,70,20.65,0,1445.5,True,False,False,False,False,True
0,47,100.11,0,4705.17,False,False,True,False,True,False
0,14,69.24,0,969.36,False,False,False,False,False,False
0,7,72.07,1,504.49,True,False,True,False,True,False
1,31,116.17,0,3601.27,False,False,False,False,False,True
1,51,48.45,0,2470.95,False,False,False,False,True,False
0,29,96.17,0,2788.93,True,False,True,False,False,False
0,15,77.48,0,1162.2,True,True,False,True,False,False
1,25,90.08,1,2252.0,True,True,False,False,False,True
1,61,61.78,1,3768.58,False,False,True,True,False,False
0,41,47.92,0,1964.72,True,False,False,False,True,False
0,69,74.61,1,5148.09,False,False,True,False,False,True
1,4,57.49,0,229.96,False,True,False,False,False,True
0,57,42.29,0,2410.53,False,False,False,False,True,False
1,31,103.92,1,3221.52,False,False,False,False,False,True
0,3,67.58,0,202.74,False,False,False,False,True,False
1,67,104.73,0,7016.91,False,True,False,True,False,False
1,50,67.4,1,3370.0,False,True,False,True,False,False
0,17,75.68,0,1286.56,True,False,False,False,False,False
1,60,119.53,0,7171.8,True,False,False,False,False,False
0,66,115.15,0,7599.9,False,True,False,False,True,False
0,24,47.17,0,1132.08,False,True,False,False,True,False
0,32,106.87,0,3419.84,True,False,False,True,False,False
0,19,59.04,0,1121.76,False,False,True,False,False,True
1,66,27.12,0,1789.92,True,False,True,False,True,False
0,60,77.58,1,4654.8,True,False,True,False,False,True
0,66,117.71,1,7768.86,True,True,False,False,False,False
0,15,117.43,0,1761.45,False,False,True,True,False,False
0,35,32.65,1,1142.75,False,False,True,False,True,False
1,69,97.12,0,6701.28,True,True,False,False,False,False
0,27,100.28,1,2707.56,True,False,True,False,True,False
1,7,56.87,1,398.09,True,False,False,False,False,False
1,6,85.86,0,515.16,True,True,False,True,False,False
1,33,68.82,0,2271.06,True,False,False,False,True,False
0,58,42.79,1,2481.82,False,False,True,False,True,False
0,49,96.13,0,4710.37,True,False,False,False,False,True
0,17,46.28,0,786.76,False,True,False,False,False,True
0,42,54.04,0,2269.68,True,False,True,False,True,False
1,40,39.0,0,1560.0,False,True,False,True,False,False
1,46,91.93,0,4228.78,False,False,True,False,False,True
0,71,65.87,0,4676.77,False,True,False,False,True,False
0,70,64.34,0,4503.8,False,True,False,False,True,False
0,68,80.46,0,5471.28,False,False,False,False,False,False
0,1,35.73,0,35.73,False,True,False,True,False,False
0,52,109.82,1,5710.64,True,True,False,False,False,True
0,35,66.51,1,2327.85,False,False,False,False,False,True
0,69,56.65,0,3908.85,True,False,True,False,False,False
1,5,32.67,1,163.35,False,False,True,False,True,False
1,17,36.8,1,625.6,False,True,False,False,False,True
1,53,112.04,1,5938.12,True,False,False,False,True,False
1,52,65.66,1,3414.32,False,False,True,False,False,True
0,14,92.22,1,1291.08,True,False,False,False,False,True
0,29,28.05,0,813.45,True,True,False,False,True,False
0,8,84.35,0,674.8,True,False,False,False,True,False
0,1,112.15,0,112.15,True,True,False,False,False,True
0,29,50.0,0,1450.0,False,False,True,False,False,False
1,36,77.91,1,2804.76,False,False,True,False,False,False
0,51,114.02,0,5815.02,True,False,True,False,False,False
1,37,91.93,1,3401.41,False,False,True,False,False,False
0,69,26.23,1,1809.87,False,False,False,False,False,False
1,53,57.87,0,3067.11,True,False,False,False,True,False
0,52,28.58,0,1486.16,False,False,False,False,False,True
1,12,106.13,0,1273.56,True,True,False,False,False,False
0,52,82.17,0,4272.84,True,False,True,True,False,False
0,1,115.64,1,115.64,False,False,True,False,False,True
0,7,21.98,1,153.86,False,False,True,True,False,False
0,17,62.31,0,1059.27,False,False,False,False,True,False
1,43,30.44,0,1308.92,True,False,False,False,False,True
0,71,55.05,0,3908.55,True,False,True,False,True,False
1,17,36.19,0,615.23,False,True,False,True,False,False
0,59,52.88,1,3119.92,False,False,False,False,False,True
1,3,101.93,0,305.79,False,False,True,False,False,True
0,29,36.07,0,1046.03,False,False,True,False,True,False
0,22,67.37,0,1482.14,True,False,True,False,False,True
1,38,112.16,0,4262.08,False,True,False,True,False,False
0,54,119.88,0,6473.52,True,False,True,False,True,False
0,50,45.06,0,2253.0,True,False,False,True,False,False
1,69,113.56,0,7835.64,False,True,False,False,False,True
0,30,46.14,0,1384.2,False,True,False,True,False,False
1,23,61.35,0,1411.05,False,False,True,False,False,True
0,47,107.79,0,5066.13,True,False,False,True,False,False
1,21,98.62,1,2071.02,False,False,False,True,False,False
1,20,105.75,0,2115.0,False,False,True,False,False,False
1,23,100.03,0,2300.69,True,False,True,False,False,True
1,68,43.51,1,2958.68,False,False,False,False,False,False
0,21,75.88,1,1593.48,True,True,False,False,False,False
0,21,58.53,0,1229.13,False,True,False,False,True,False
1,1,65.97,0,65.97,True,False,True,False,True,False
0,15,35.4,0,531.0,False,False,True,True,False,False
0,17,51.58,1,876.86,False,False,False,False,False,True
0,51,105.76,0,5393.76,True,False,False,False,True,False
1,63,109.76,1,6914.88,True,False,False,False,False,False
0,14,81.02,0,1134.28,False,False,False,False,False,True
0,59,69.83,0,4119.97,True,False,True,True,False,False
1,50,91.28,0,4564.0,True,False,True,True,False,False
0,34,80.89,0,2750.26,True,False,False,False,True,False
1,6,118.37,0,710.22,True,False,True,False,True,False
1,49,39.01,0,1911.49,False,False,True,False,True,False
1,6,64.9,0,389.4,False,False,False,True,False,False
0,69,111.82,0,7715.58,True,True,False,False,False,False
0,7,111.47,0,780.29,True,True,False,False,True,False
1,51,69.53,0,3546.03,True,False,False,True,False,False
1,1,33.48,0,33.48,True,True,False,False,False,True
1,13,101.5,0,1319.5,False,False,True,True,False,False
1,43,78.52,0,3376.36,False,True,False,False,False,True
1,27,97.32,0,2627.64,True,False,False,False,False,True
1,71,66.25,0,4703.75,True,False,False,False,False,False
0,3,40.39,0,121.17,True,True,False,False,True,False
1,58,22.4,0,1299.2,False,True,False,False,False,True
1,17,75.91,0,1290.47,True,False,True,False,True,False
1,45,36.1,0,1624.5,False,True,False,True,False,False
0,58,38.71,0,2245.18,True,True,False,False,True,False
0,56,63.63,0,3563.28,False,True,False,True,False,False
0,54,64.21,1,3467.34,True,False,True,False,False,True
0,29,47.44,1,1375.76,False,True,False,False,False,False
1,54,33.19,1,1792.26,True,False,True,False,False,True
0,27,114.5,0,3091.5,True,False,True,True,False,False
1,45,33.16,0,1492.2,True,False,False,False,False,True
1,31,55.08,1,1707.48,False,False,False,False,False,False
1,36,50.49,0,1817.64,True,False,True,False,True,False
1,61,106.63,0,6504.43,False,False,True,True,False,False
1,37,61.01,0,2257.37,False,False,True,False,True,False
1,67,32.4,0,2170.8,True,False,False,False,False,False
0,36,21.03,0,757.08,True,False,True,False,False,True
0,5,92.19,1,460.95,True,False,False,False,False,False
0,46,91.45,1,4206.7,False,False,False,True,False,False
0,52,61.78,0,3212.56,True,False,True,True,False,False
0,49,32.63,1,1598.87,False,False,True,False,False,True
1,6,57.16,0,342.96,False,False,True,True,False,False
0,10,78.99,0,789.9,True,False,False,False,False,False
0,23,90.39,0,2078.97,True,True,False,True,False,False
0,17,27.82,0,472.94,True,False,True,False,True,False
1,44,75.63,0,3327.72,True,True,False,False,False,False
1,41,47.61,0,1952.01,True,True,False,False,False,False
1,15,81.73,0,1225.95,True,True,False,True,False,False
0,44,84.81,0,3731.64,False,True,False,False,False,True
0,58,111.06,1,6441.48,False,True,False,False,False,True
0,50,61.04,0,3052.0,False,False,False,False,False,True
0,52,73.76,0,3835.52,True,False,False,True,False,False
0,70,46.82,0,3277.4,False,False,False,True,False,False
1,68,48.66,1,3308.88,False,True,False,True,False,False
0,63,24.6,0,1549.8,False,False,False,False,False,False
1,58,48.61,0,2819.38,False,False,True,False,False,False
0,23,26.38,0,606.74,False,True,False,True,False,False
1,44,116.39,0,5121.16,True,False,True,False,False,True
1,44,82.43,0,3626.92,True,True,False,False,True,False
1,52,37.31,1,1940.12,False,True,False,False,False,True
1,67,31.68,0,2122.56,False,True,False,False,False,False
0,28,57.01,1,1596.28,False,True,False,False,False,False
0,67,50.76,0,3400.92,True,False,True,False,False,True
0,18,47.93,0,862.74,True,True,False,False,False,True
1,27,66.82,0,1804.14,False,True,False,False,False,False
0,51,111.29,0,5675.79,True,False,False,False,False,False
0,60,76.81,0,4608.6,True,True,False,True,False,False
0,49,72.12,0,3533.88,False,True,False,False,True,False
0,15,100.65,1,1509.75,True,True,False,True,False,False
1,68,20.4,0,1387.2,True,True,False,True,False,False
1,15,39.74,0,596.1,False,True,False,False,False,True
0,51,69.62,0,3550.62,True,True,False,False,False,True
0,48,90.53,0,4345.44,True,False,True,False,True,False
0,1,68.5,0,68.5,False,False,True,True,False,False
1,7,36.37,0,254.59,True,True,False,True,False,False
1,53,113.0,0,5989.0,True,False,True,False,False,False
1,31,52.87,1,1638.97,False,False,False,False,False,False
0,18,98.82,0,1778.76,False,False,False,False,True,False
1,12,109.14,0,1309.68,False,True,False,False,False,True
1,48,54.64,0,2622.72,True,True,False,False,False,False
1,30,104.53,0,3135.9,False,False,True,False,True,False
1,7,91.08,0,637.56,True,False,False,True,False,False
1,3,110.43,0,331.29,False,True,False,False,True,False
0,63,45.13,0,2843.19,True,False,False,False,True,False
0,6,113.13,0,678.78,False,False,True,False,False,False
0,15,26.53,1,397.95,False,True,False,False,False,False
0,71,99.37,0,7055.27,False,True,False,True,False,False
1,43,63.57,0,2733.51,False,True,False,True,False,False
0,18,37.79,0,680.22,True,False,False,True,False,False
0,22,27.94,0,614.68,False,False,True,False,True,False
0,61,58.95,0,3595.95,False,False,False,False,True,False
1,61,58.93,0,3594.73,True,False,False,False,False,False
0,53,43.0,1,2279.0,False,True,False,True,False,False
1,26,41.55,0,1080.3,True,False,True,False,False,False
1,40,59.95,0,2398.0,False,False,True,True,False,False
1,8,61.01,0,488.08,False,True,False,True,False,False
0,21,64.24,0,1349.04,False,False,True,False,False,False
1,43,106.88,0,4595.84,True,True,False,False,False,False
0,21,81.13,1,1703.73,False,True,False,False,False,False
0,3,22.04,0,66.12,False,False,True,True,False,False
0,31,71.91,1,2229.21,False,False,True,False,True,False
1,27,96.25,0,2598.75,True,False,True,False,False,False
1,27,25.64,0,692.28,True,False,True,False,False,False
0,57,62.26,1,3548.82,False,False,False,False,True,False
1,33,65.12,0,2148.96,True,True,False,False,True,False
1,44,115.4,0,5077.6,False,True,False,False,False,True
1,43,67.57,1,2905.51,False,True,False,False,False,False
0,31,94.99,1,2944.69,False,True,False,False,False,True
1,65,50.29,0,3268.85,False,False,False,False,False,True
1,17,97.93,0,1664.81,False,False,True,False,True,False
0,15,52.27,0,784.05,False,False,True,True,False,False
1,34,63.0,1,2142.0,False,False,True,True,False,False
0,4,67.95,0,271.8,True,True,False,False,True,False
1,28,112.64,0,3153.92,True,False,False,False,False,True
1,2,25.35,0,50.7,True,False,False,False,False,True
1,17,39.69,0,674.73,True,False,True,False,False,True
1,58,90.57,0,5253.06,True,True,False,False,False,True
1,9,77.76,0,699.84,True,False,True,False,False,False
1,31,45.15,0,1399.65,True,True,False,False,False,True
0,66,48.92,1,3228.72,False,False,True,False,True,False
1,62,56.73,0,3517.26,False,False,True,False,False,True
1,19,65.03,0,1235.57,False,False,False,False,False,True
1,55,101.8,0,5599.0,False,True,False,False,True,False
0,28,21.38,0,598.64,True,False,False,False,False,True
0,50,109.8,0,5490.0,True,False,False,True,False,False
0,65,61.3,0,3984.5,False,False,True,False,True,False
1,3,43.05,0,129.15,False,True,False,False,False,False
1,52,70.84,0,3683.68,True,True,False,False,False,False
0,10,85.97,0,859.7,False,False,True,False,True,False
0,21,24.48,1,514.08,False,False,True,False,False,False
0,37,91.58,0,3388.46,False,False,True,False,False,False
1,15,96.08,0,1441.2,False,True,False,False,False,False
0,9,36.62,1,329.58,True,False,True,False,True,False
1,44,36.79,0,1618.76,False,False,True,False,False,True
1,39,40.38,0,1574.82,False,False,False,False,False,False
1,5,99.66,0,498.3,True,False,True,True,False,False
0,25,47.2,1,1180.0,True,False,True,False,False,True
1,56,99.59,1,5577.04,False,True,False,False,False,True
0,64,74.05,0,4739.2,True,False,True,False,False,False
0,52,96.72,0,5029.44,False,True,False,False,False,False
0,9,75.37,0,678.33,False,False,False,False,False,True
0,10,53.58,0,535.8,True,False,False,False,False,False
1,10,111.07,0,1110.7,False,True,False,False,True,False
1,62,91.53,0,5674.86,False,False,True,False,True,False
1,60,68.41,0,4104.6,False,True,False,False,False,False
1,19,83.74,0,1591.06,False,False,True,False,False,True
0,38,81.58,0,3100.04,True,False,True,False,False,False
0,6,55.81,0,334.86,True,False,True,True,False,False
0,15,62.38,0,935.7,False,True,False,False,True,False
0,47,51.83,0,2436.01,True,False,False,False,False,True
1,45,119.95,0,5397.75,False,True,False,True,False,False
0,5,78.01,0,390.05,False,False,True,False,False,False
1,53,29.21,0,1548.13,False,True,False,False,True,False
0,66,71.91,0,4746.06,False,False,False,True,False,False
0,62,25.0,0,1550.0,False,True,False,False,False,True
0,23,48.87,0,1124.01,True,False,False,False,True,False
0,44,64.6,1,2842.4,False,False,False,False,False,False
1,52,73.43,0,3818.36,True,False,True,False,False,False
1,46,117.62,1,5410.52,True,False,False,False,True,False
1,19,118.22,0,2246.18,False,True,False,True,False,False
1,47,29.81,0,1401.07,False,True,False,False,True,False
0,52,73.81,1,3838.12,False,False,True,False,True,False
0,24,101.71,0,2441.04,False,True,False,False,True,False
1,17,43.77,1,744.09,False,False,True,True,False,False
1,46,95.06,0,4372.76,True,True,False,False,True,False
0,64,107.86,0,6903.04,False,True,False,False,False,True
0,28,86.25,0,2415.0,False,False,False,False,False,False
1,50,52.77,0,2638.5,True,False,False,True,False,False
1,64,112.31,1,7187.84,True,False,False,False,False,True
1,28,108.35,0,3033.8,False,True,False,False,True,False
0,56,91.58,0,5128.48,True,False,True,False,False,True
1,59,56.37,1,3325.83,False,False,True,True,False,False
1,5,99.19,1,495.95,True,False,True,False,False,False
1,54,51.61,0,2786.94,True,False,False,True,False,False
1,44,45.3,1,1993.2,False,True,False,False,True,False
1,42,71.5,0,3003.0,True,False,False,False,True,False
0,57,119.71,0,6823.47,True,True,False,False,False,False
1,47,100.43,1,4720.21,True,True,False,True,False,False
0,25,92.98,1,2324.5,True,True,False,True,False,False
1,44,65.2,0,2868.8,True,False,False,True,False,False
1,15,51.2,0,768.0,True,True,False,False,False,True
1,51,105.59,0,5385.09,False,False,False,False,False,False
0,53,76.77,0,4068.81,False,False,False,True,False,False
0,34,101.33,0,3445.22,True,True,False,False,False,False
0,8,68.78,0,550.24,False,True,False,False,False,True
1,70,95.4,0,6678.0,False,True,False,True,False,False
1,21,106.77,0,2242.17,False,False,False,False,False,True
0,7,59.14,0,413.98,True,True,False,False,True,False
0,56,21.36,0,1196.16,False,True,False,False,True,False
1,49,45.49,1,2229.01,True,False,True,False,True,False
0,42,111.49,0,4682.58,False,False,True,False,False,False
1,23,88.75,0,2041.25,True,False,True,True,False,False
0,52,93.72,0,4873.44,True,True,False,True,False,False
0,53,52.53,1,2784.09,False,False,False,False,False,True
0,16,90.13,1,1442.08,False,False,True,False,False,True
1,37,84.63,0,3131.31,True,False,False,False,True,False
1,18,37.84,0,681.12,False,False,True,False,False,False
0,20,116.87,0,2337.4,False,False,True,False,False,False
1,46,55.4,0,2548.4,False,False,False,False,False,True
1,2,52.93,0,105.86,True,False,True,False,False,True
1,63,56.92,0,3585.96,True,False,False,True,False,False
1,3,29.17,0,87.51,False,True,False,True,False,False
0,46,82.5,0,3795.0,False,True,False,False,False,True
1,49,43.86,0,2149.14,False,False,False,True,False,False
1,1,100.33,0,100.33,True,False,False,False,False,True
0,22,59.42,0,1307.24,True,True,False,False,False,False
1,14,65.86,0,922.04,False,False,False,False,True,False
1,45,84.64,1,3808.8,False,True,False,False,False,True
1,6,96.19,0,577.14,False,True,False,False,False,True
0,65,43.11,0,2802.15,False,False,False,True,False,False
0,21,116.63,0,2449.23,False,False,True,False,False,True
1,4,82.23,0,328.92,False,False,False,False,False,False
1,3,20.56,0,61.68,True,True,False,False,True,False
0,30,61.56,0,1846.8,False,False,True,True,False,False
0,31,63.68,1,1974.08,True,False,True,False,False,False
0,34,100.92,1,3431.28,False,True,False,False,True,False
1,20,50.51,1,1010.2,False,False,True,True,False,False
1,54,53.12,0,2868.48,True,False,True,False,False,False
0,25,27.05,0,676.25,True,False,False,False,False,True
1,15,48.35,0,725.25,True,True,False,True,False,False
1,38,91.7,0,3484.6,True,False,True,False,False,True
1,23,83.48,0,1920.04,False,True,False,True,False,False
1,52,28.14,1,1463.28,True,False,False,False,True,False
1,66,31.47,0,2077.02,False,False,False,True,False,False
1,57,57.69,0,3288.33,True,False,False,True,False,False
1,57,94.38,0,5379.66,False,False,True,False,False,False
0,52,103.29,0,5371.08,False,False,False,True,False,False
0,35,21.46,0,751.1,False,True,False,False,True,False
0,14,52.9,0,740.6,False,False,False,False,False,False
0,14,62.43,0,874.02,False,False,True,False,False,True
0,33,111.11,0,3666.63,False,False,False,True,False,False
0,52,70.14,0,3647.28,True,False,True,False,True,False
0,1,46.97,0,46.97,False,True,False,False,True,False
0,34,59.0,0,2006.0,True,False,False,True,False,False
0,19,63.64,1,1209.16,True,False,False,True,False,False
1,24,87.0,0,2088.0,False,True,False,False,False,True
1,4,24.11,1,96.44,True,True,False,False,False,True
0,36,58.95,0,2122.2,False,False,True,False,False,True
1,58,84.66,1,4910.28,True,False,False,False,False,True
1,32,48.33,0,1546.56,False,False,False,False,False,True
0,9,79.18,0,712.62,True,False,False,False,False,True
0,67,55.73,0,3733.91,False,False,False,False,False,False
0,20,95.87,1,1917.4,False,True,False,False,False,False
1,62,26.06,1,1615.72,False,False,False,False,True,False
1,58,111.8,0,6484.4,False,False,False,False,False,False
0,22,37.16,0,817.52,True,False,False,True,False,False
1,67,35.85,0,2401.95,False,False,True,True,False,False
1,48,104.06,0,4994.88,True,False,True,True,False,False
1,8,106.93,0,855.44,True,False,True,False,True,False
0,15,29.3,0,439.5,True,True,False,False,False,False
1,32,110.87,0,3547.84,False,True,False,True,False,False
1,53,47.33,1,2508.49,True,True,False,False,False,False
1,67,81.86,0,5484.62,True,False,False,True,False,False
1,4,26.86,0,107.44,True,False,False,False,False,True
1,30,58.07,0,1742.1,False,True,False,False,False,False
1,13,65.07,0,845.91,False,False,True,False,False,False
1,21,79.98,0,1679.58,True,False,False,True,False,False
0,41,72.53,0,2973.73,False,False,True,False,False,False
0,19,66.15,1,1256.85,False,False,False,False,False,True
1,48,115.96,0,5566.08,True,False,False,True,False,False
0,63,38.5,0,2425.5,True,False,True,False,False,True
1,20,35.8,0,716.0,False,True,False,True,False,False
1,64,91.34,0,5845.76,True,False,True,False,False,False
1,37,27.46,0,1016.02,False,True,False,True,False,False
0,31,68.29,0,2116.99,False,True,False,False,True,False
1,18,68.41,0,1231.38,False,False,False,True,False,False
1,20,51.0,0,1020.0,False,False,False,False,False,False
0,11,113.04,1,1243.44,False,False,False,False,False,True
0,44,48.25,0,2123.0,False,True,False,False,False,True
1,64,48.84,0,3125.76,True,True,False,False,True,False
0,34,43.43,0,1476.62,True,False,True,True,False,False
0,65,34.58,0,2247.7,False,False,False,True,False,False
1,55,56.4,0,3102.0,False,False,False,False,False,True
1,1,88.09,0,88.09,False,True,False,False,False,True
1,38,94.22,0,3580.36,True,False,False,False,False,False
0,9,101.34,0,912.06,False,True,False,False,True,False
0,71,39.75,1,2822.25,True,False,True,False,False,True
0,17,23.56,1,400.52,False,False,True,True,False,False
1,52,117.47,0,6108.44,False,False,False,False,False,True
0,18,21.43,0,385.74,True,False,True,False,False,False
0,63,116.07,0,7312.41,True,False,False,True,False,False
1,33,102.88,1,3395.04,False,False,False,False,False,False
1,4,111.21,1,444.84,False,True,False,False,False,False
1,52,58.72,1,3053.44,False,True,False,False,False,False
0,9,39.72,0,357.48,True,False,False,False,True,False
1,64,80.65,0,5161.6,True,False,True,True,False,False
0,30,94.13,0,2823.9,True,False,True,True,False,False
0,8,33.09,1,264.72,True,False,False,False,False,False
1,5,99.76,1,498.8,True,False,False,False,True,False
1,63,40.86,0,2574.18,True,False,True,False,False,True
1,1,69.17,0,69.17,False,False,True,True,False,False
1,15,105.65,1,1584.75,False,True,False,False,False,True
1,38,39.34,0,1494.92,True,True,False,True,False,False
0,42,44.19,1,1855.98,False,False,True,False,False,False
0,46,26.28,0,1208.88,False,True,False,True,False,False
0,53,34.66,0,1836.98,True,True,False,False,False,False
1,26,34.65,0,900.9,False,False,False,True,False,False
0,61,40.34,0,2460.74,True,True,False,False,False,False
1,67,48.62,0,3257.54,True,True,False,False,False,True
1,54,101.5,1,5481.0,False,False,False,False,False,True
0,22,111.58,1,2454.76,True,False,True,False,False,True
0,26,60.63,0,1576.38,True,True,False,True,False,False
1,60,32.82,0,1969.2,True,True,False,False,True,False
0,39,42.38,0,1652.82,True,False,True,False,False,True
1,36,93.62,0,3370.32,True,True,False,True,False,False
0,21,87.74,1,1842.54,True,False,True,False,False,False
0,41,116.72,0,4785.52,True,False,False,False,True,False
0,48,21.45,0,1029.6,True,False,True,False,True,False
0,26,95.08,1,2472.08,False,False,True,False,True,False
0,63,70.58,0,4446.54,False,False,True,False,False,True
1,36,110.27,1,3969.72,False,False,False,False,False,True
0,24,77.62,0,1862.88,True,False,True,False,False,True
0,21,64.67,1,1358.07,True,False,True,False,False,True
0,18,86.59,1,1558.62,False,False,False,False,False,False
1,15,103.35,1,1550.25,False,True,False,True,False,False
1,6,48.25,1,289.5,False,True,False,False,True,False
1,43,30.75,0,1322.25,True,False,True,True,False,False
1,31,63.3,0,1962.3,False,False,False,False,True,False
1,28,41.45,0,1160.6,False,False,False,False,True,False
0,8,62.95,1,503.6,True,False,True,False,True,False
0,29,119.1,0,3453.9,False,False,True,False,True,False
0,21,77.41,1,1625.61,True,True,False,False,False,False
1,58,89.36,0,5182.88,True,True,False,False,False,False
1,60,87.79,1,5267.4,True,False,True,False,True,False
0,50,102.07,0,5103.5,False,False,False,False,True,False
1,31,114.41,0,3546.71,False,False,True,False,False,True
1,47,85.88,0,4036.36,True,False,False,False,True,False
1,34,67.61,0,2298.74,False,True,False,True,False,False
0,2,51.78,0,103.56,False,False,True,False,False,False
0,67,56.03,0,3754.01,False,False,False,True,False,False
1,52,53.45,0,2779.4,False,True,False,False,False,True
1,7,52.45,1,367.15,True,False,True,False,False,False
1,19,89.46,0,1699.74,False,False,True,False,False,True
1,15,78.77,0,1181.55,True,True,False,False,False,True
0,48,40.2,1,1929.6,True,False,True,True,False,False
1,14,116.96,1,1637.44,False,True,False,False,True,False
0,3,62.77,0,188.31,True,False,False,False,False,False
0,50,76.61,1,3830.5,False,False,True,False,False,False
0,54,90.26,1,4874.04,False,True,False,False,True,False
1,6,81.37,1,488.22,True,True,False,True,False,False
0,49,51.11,1,2504.39,True,False,False,False,False,True
0,23,99.77,0,2294.71,True,False,True,True,False,False
1,20,31.02,0,620.4,True,True,False,False,False,True
1,60,76.9,0,4614.0,False,True,False,False,False,False
1,45,47.33,0,2129.85,False,True,False,False,True,False
0,61,81.58,0,4976.38,False,False,True,False,True,False
1,56,41.8,0,2340.8,True,False,True,False,False,False
0,2,97.22,0,194.44,True,False,False,False,False,True
0,45,42.75,0,1923.75,True,False,False,True,False,False
1,40,109.04,0,4361.6,False,False,False,False,False,True
0,24,106.16,0,2547.84,True,False,True,False,True,False
0,29,56.24,1,1630.96,False,True,False,True,False,False
0,67,58.58,0,3924.86,True,False,True,True,False,False
0,68,90.15,1,6130.2,False,False,True,False,False,True
1,66,29.04,0,1916.64,False,False,True,False,False,True
0,54,28.09,0,1516.86,True,False,False,False,False,True
1,53,33.63,0,1782.39,True,True,False,True,False,False
0,49,76.25,0,3736.25,False,False,True,False,False,False
0,32,34.9,0,1116.8,False,False,False,True,False,False
1,61,47.76,1,2913.36,True,False,True,False,True,False
0,42,84.69,1,3556.98,True,True,False,False,False,False
0,1,21.56,1,21.56,False,False,False,False,False,False
0,63,38.02,0,2395.26,True,False,True,False,False,True
0,35,112.99,0,3954.65,False,False,False,True,False,False
0,51,86.36,0,4404.36,False,True,False,False,True,False
0,71,50.56,0,3589.76,True,True,False,True,False,False
1,45,24.53,0,1103.85,True,False,False,False,False,True
1,65,78.6,0,5109.0,True,False,True,True,False,False
1,14,42.29,1,592.06,True,True,False,False,True,False
0,3,116.02,0,348.06,True,True,False,False,False,True
0,24,88.7,1,2128.8,False,False,True,True,False,False
0,65,117.41,0,7631.65,False,False,False,False,True,False
1,48,104.89,0,5034.72,True,False,False,False,True,False
0,10,68.3,1,683.0,True,False,True,False,False,True
1,13,86.96,0,1130.48,True,True,False,False,False,True
0,14,101.21,0,1416.94,False,True,False,False,False,False
0,10,77.82,0,778.2,True,False,True,False,False,False
0,40,26.15,0,1046.0,True,False,True,False,True,False
1,23,67.04,0,1541.92,False,False,False,False,False,True
0,55,33.06,0,1818.3,False,False,False,False,False,True
1,63,91.48,0,5763.24,True,False,True,True,False,False
0,71,88.06,1,6252.26,True,True,False,True,False,False
0,42,119.29,0,5010.18,True,False,False,True,False,False
1,66,82.88,0,5470.08,False,False,True,True,False,False
0,47,100.01,0,4700.47,True,True,False,False,False,False
0,52,46.83,1,2435.16,True,False,False,True,False,False
0,18,54.0,0,972.0,True,False,True,False,False,True
0,18,111.7,0,2010.6,False,False,True,False,True,False
1,24,95.52,0,2292.48,False,True,False,False,True,False
1,23,85.53,1,1967.19,True,True,False,False,True,False
0,12,45.4,0,544.8,True,False,True,False,False,False
0,23,89.86,0,2066.78,False,True,False,False,True,False
1,21,108.68,0,2282.28,False,False,True,False,False,False
0,64,43.08,0,2757.12,False,True,False,False,False,False
1,34,90.61,0,3080.74,False,True,False,False,True,False
0,2,59.37,1,118.74,False,False,False,False,False,False
1,69,31.88,0,2199.72,False,False,False,True,False,False
1,31,96.35,0,2986.85,False,True,False,True,False,False
1,68,36.71,0,2496.28,False,False,True,True,False,False
1,70,45.29,0,3170.3,False,True,False,False,False,False
0,19,98.29,0,1867.51,True,False,False,True,False,False
0,13,94.21,0,1224.73,True,False,True,False,True,False
1,65,45.42,1,2952.3,True,True,False,False,True,False
1,6,114.1,0,684.6,False,True,False,False,False,False
1,71,41.53,0,2948.63,True,True,False,False,False,False
1,27,119.36,0,3222.72,False,True,False,True,False,False
0,52,93.79,1,4877.08,False,False,False,False,False,True
1,48,59.25,1,2844.0,True,False,False,False,True,False
1,68,33.03,0,2246.04,False,False,False,False,False,True
1,44,52.05,0,2290.2,True,False,False,True,False,False
1,17,39.37,0,669.29,True,False,True,False,False,False
1,38,82.18,0,3122.84,True,False,True,True,False,False
1,10,55.69,0,556.9,False,False,True,False,False,True
1,54,49.5,0,2673.0,True,True,False,True,False,False
0,6,95.71,1,574.26,False,False,True,False,False,False
1,6,43.06,0,258.36,True,False,False,False,False,True
1,52,78.69,0,4091.88,True,False,False,True,False,False
1,15,39.46,0,591.9,True,True,False,False,False,False
0,68,91.48,0,6220.64,False,False,True,True,False,False
0,57,82.51,0,4703.07,False,True,False,True,False,False
0,56,99.82,0,5589.92,False,True,False,False,False,False
1,7,26.85,0,187.95,True,False,True,False,False,False
1,51,41.01,1,2091.51,True,True,False,True,False,False
1,58,35.45,1,2056.1,False,False,True,False,True,False
0,64,39.06,0,2499.84,False,False,True,True,False,False
1,26,30.3,0,787.8,False,True,False,False,False,False
0,58,76.21,0,4420.18,False,False,False,False,True,False
0,31,79.34,0,2459.54,False,False,True,False,False,False
0,66,104.35,1,6887.1,False,False,False,True,False,False
0,13,61.77,0,803.01,True,False,False,False,False,True
0,18,73.24,0,1318.32,False,False,True,False,False,False
1,13,119.13,0,1548.69,True,False,False,False,False,False
1,24,73.18,0,1756.32,True,True,False,False,False,True
0,57,77.36,0,4409.52,False,True,False,False,False,False
1,29,119.59,0,3468.11,False,False,False,False,False,False
1,56,119.41,1,6686.96,True,True,False,False,False,False
0,54,62.4,0,3369.6,False,False,True,False,False,True
0,5,83.49,0,417.45,False,False,True,True,False,False
1,35,68.08,1,2382.8,True,False,False,False,False,False
1,19,92.07,0,1749.33,True,True,False,False,True,False
1,55,113.84,1,6261.2,True,False,False,True,False,False
1,69,50.97,0,3516.93,False,True,False,True,False,False
0,44,101.89,1,4483.16,True,False,True,False,True,False
1,38,85.48,0,3248.24,False,True,False,False,True,False
0,62,48.02,0,2977.24,True,True,False,False,True,False
0,22,99.73,1,2194.06,True,False,False,False,False,True
1,40,62.71,1,2508.4,True,False,True,False,False,False
1,26,32.04,0,833.04,False,True,False,True,False,False
1,5,119.34,0,596.7,False,False,True,False,True,False
0,54,62.56,1,3378.24,True,True,False,False,False,False
0,49,74.16,0,3633.84,True,False,True,False,False,False
0,3,100.8,0,302.4,True,True,False,False,False,True
0,38,116.09,0,4411.42,False,False,True,True,False,False
1,14,107.29,0,1502.06,True,True,False,False,False,False
0,47,72.51,0,3407.97,False,False,True,False,True,False
0,14,74.57,1,1043.98,True,True,False,False,True,False
1,38,48.09,1,1827.42,True,True,False,False,False,True
0,64,66.28,1,4241.92,True,False,True,False,True,False
0,44,114.68,0,5045.92,True,False,False,False,True,False
1,70,92.69,0,6488.3,True,True,False,False,False,True
0,65,21.19,0,1377.35,True,True,False,False,False,True
0,25,31.65,0,791.25,False,False,False,False,True,False
0,16,112.38,0,1798.08,True,True,False,True,False,False
0,15,104.87,0,1573.05,False,False,True,True,False,False
1,3,68.62,0,205.86,True,False,False,False,False,True
0,67,81.7,0,5473.9,True,True,False,True,False,False
1,37,48.96,0,1811.52,False,False,True,True,False,False
0,55,99.28,1,5460.4,True,False,True,True,False,False
1,38,80.33,1,3052.54,False,False,False,False,False,True
1,63,89.48,1,5637.24,False,False,False,True,False,False
1,1,57.49,1,57.49,True,False,False,False,True,False
0,71,63.04,0,4475.84,False,False,True,False,True,False
0,19,40.77,0,774.63,False,True,False,False,False,True
0,52,114.81,1,5970.12,True,False,True,True,False,False
1,30,114.66,0,3439.8,False,False,True,False,False,False
0,55,101.78,1,5597.9,True,False,False,False,False,False
0,14,113.56,0,1589.84,True,True,False,False,True,False
0,13,86.53,0,1124.89,True,False,True,False,True,False
0,27,43.47,0,1173.69,True,False,False,False,False,False
1,9,96.02,0,864.18,False,False,False,False,False,True
1,41,52.53,0,2153.73,True,True,False,True,False,False
0,48,64.05,0,3074.4,True,True,False,False,False,False
0,12,47.44,0,569.28,False,False,False,True,False,False
0,10,62.36,0,623.6,True,True,False,False,False,False
1,6,87.93,1,527.58,True,True,False,False,True,False
0,34,31.06,1,1056.04,False,False,True,True,False,False
1,52,30.52,1,1587.04,False,True,False,False,False,True
1,41,88.38,0,3623.58,False,False,False,True,False,False
0,6,97.96,0,587.76,False,True,False,True,False,False
0,2,75.15,0,150.3,False,False,True,False,False,False
0,15,38.16,0,572.4,False,True,False,False,False,True
1,17,63.08,0,1072.36,False,False,True,False,True,False
1,16,95.82,0,1533.12,True,True,False,True,False,False
0,28,88.57,0,2479.96,False,True,False,True,False,False
1,10,30.99,0,309.9,False,False,False,False,False,False
0,10,116.91,0,1169.1,False,False,False,False,True,False
0,10,42.34,0,423.4,True,True,False,False,False,False
1,28,42.04,1,1177.12,True,True,False,False,False,True
1,24,65.99,0,1583.76,False,False,True,False,True,False
1,19,52.72,1,1001.68,False,False,True,False,False,True
1,68,118.4,0,8051.2,False,False,False,False,False,False
0,56,27.65,1,1548.4,True,True,False,False,True,False
0,67,50.64,0,3392.88,True,True,False,False,False,True
0,42,58.27,0,2447.34,False,False,True,False,False,True
1,12,69.35,0,832.2,True,True,False,False,False,False
0,18,21.64,1,389.52,False,True,False,False,True,False
1,23,28.24,0,649.52,True,True,False,False,False,True
1,6,45.78,0,274.68,True,False,True,True,False,False
1,53,75.4,0,3996.2,False,False,True,False,True,False
0,42,96.78,0,4064.76,False,False,True,False,True,False
1,66,88.65,0,5850.9,False,True,False,True,False,False
1,30,76.7,1,2301.0,False,False,True,False,True,False
1,9,59.72,0,537.48,True,False,False,False,True,False
1,42,107.07,0,4496.94,True,False,False,True,False,False
1,34,65.98,0,2243.32,True,False,True,False,False,False
1,40,49.93,0,1997.2,False,False,True,False,False,True
1,17,82.93,0,1409.81,True,True,False,True,False,False
1,29,89.21,0,2587.09,False,False,True,False,True,False
1,50,59.85,0,2992.5,True,False,True,False,False,True
1,49,22.81,0,1117.69,False,False,False,False,False,True
1,61,29.41,0,1794.01,False,False,False,False,False,True
1,46,104.56,0,4809.76,True,False,False,False,False,False
0,46,25.65,1,1179.9,False,False,False,False,True,False
0,17,79.2,0,1346.4,False,False,True,False,True,False
1,66,38.37,0,2532.42,True,False,False,False,False,True
1,5,42.89,0,214.45,False,True,False,False,False,True
1,54,47.33,0,2555.82,False,True,False,False,False,False
0,16,23.83,0,381.28,False,False,True,False,False,False
0,7,37.72,0,264.04,True,True,False,False,False,True
0,8,85.05,0,680.4,True,False,False,False,True,False
1,38,69.87,1,2655.06,False,False,False,True,False,False
1,54,99.73,0,5385.42,True,True,False,False,False,False
1,15,26.12,1,391.8,False,False,True,False,True,False
1,50,108.89,1,5444.5,False,False,False,False,False,False
0,56,119.64,0,6699.84,False,False,False,False,True,False
1,9,21.57,0,194.13,False,True,False,False,False,True
0,8,116.76,0,934.08,False,False,True,False,False,False
0,19,43.59,0,828.21,True,False,True,True,False,False
1,51,89.25,1,4551.75,False,True,False,False,False,True
0,57,49.25,0,2807.25,True,False,False,False,False,False
0,68,72.18,0,4908.24,True,True,False,False,False,True
0,31,71.04,0,2202.24,False,True,False,True,False,False
0,3,56.11,0,168.33,False,True,False,False,False,False
1,43,91.75,0,3945.25,True,False,False,False,False,False
1,29,79.96,0,2318.84,True,False,False,False,False,False
0,10,70.83,0,708.3,True,True,False,False,True,False
1,12,118.28,0,1419.36,False,False,True,False,True,False
0,46,114.0,1,5244.0,True,True,False,False,False,False
1,30,115.54,0,3466.2,False,False,False,False,False,True
1,32,108.13,0,3460.16,False,False,True,False,False,True
1,47,45.52,0,2139.44,False,False,True,False,False,False
1,63,55.0,1,3465.0,True,False,False,True,False,False
1,26,43.11,1,1120.86,False,False,False,True,False,False
0,3,118.62,0,355.86,False,True,False,True,False,False
1,23,35.27,0,811.21,False,False,False,False,True,False
0,50,56.65,1,2832.5,False,False,True,False,True,False
0,36,39.9,0,1436.4,False,True,False,False,True,False
1,13,42.35,0,550.55,True,True,False,False,True,False
0,29,44.71,0,1296.59,False,False,True,False,False,True
1,38,83.97,1,3190.86,False,False,False,False,False,False
0,5,27.6,0,138.0,True,True,False,False,False,False
0,20,77.25,0,1545.0,False,False,True,False,False,False
1,14,101.93,0,1427.02,True,False,True,False,False,True
1,8,96.65,0,773.2,False,False,True,True,False,False
1,48,35.12,0,1685.76,True,False,False,True,False,False
1,13,111.47,1,1449.11,True,False,False,False,True,False
0,24,97.01,1,2328.24,False,False,False,False,True,False
1,65,20.53,0,1334.45,False,False,False,False,False,True
0,34,93.74,0,3187.16,False,False,True,False,False,True
0,51,93.74,1,4780.74,True,True,False,True,False,False
0,3,69.68,0,209.04,True,False,True,False,False,False
0,58,24.6,0,1426.8,True,True,False,False,False,False
0,55,77.99,1,4289.45,False,True,False,False,False,True
0,42,96.57,1,4055.94,True,True,False,False,False,True
1,21,47.09,0,988.89,True,False,False,False,False,True
0,10,86.71,0,867.1,False,False,True,False,True,False
0,57,55.39,0,3157.23,True,True,False,False,False,False
0,25,77.39,1,1934.75,True,False,True,False,False,True
1,56,58.46,1,3273.76,False,False,False,False,False,True
1,38,50.38,0,1914.44,True,True,False,False,True,False
0,61,105.59,1,6440.99,False,False,False,False,False,True
1,47,95.38,1,4482.86,False,False,False,False,False,False
0,54,54.54,0,2945.16,False,False,True,False,True,False
1,46,63.46,0,2919.16,False,True,False,False,False,True
0,68,89.17,0,6063.56,False,False,False,False,False,False
1,4,101.11,1,404.44,True,False,True,False,False,False
1,66,88.43,0,5836.38,True,True,False,False,True,False
1,43,74.09,0,3185.87,False,True,False,False,False,False
0,62,115.44,0,7157.28,False,False,False,False,True,False
0,4,97.41,0,389.64,True,False,False,False,False,False
0,65,31.56,0,2051.4,False,False,False,False,False,True
1,62,75.81,0,4700.22,False,False,False,False,True,False
1,2,60.96,0,121.92,False,True,False,False,False,False
0,9,99.49,0,895.41,True,False,False,False,True,False
1,57,24.47,0,1394.79,True,False,False,False,False,False
0,45,61.07,0,2748.15,False,False,False,False,True,False
0,18,51.83,0,932.94,False,True,False,False,False,True
0,48,34.12,0,1637.76,True,False,True,False,True,False
0,42,57.88,0,2430.96,True,False,True,False,True,False
1,41,87.28,0,3578.48,False,True,False,False,False,True
1,58,56.17,0,3257.86,False,False,True,False,False,False
1,42,78.0,1,3276.0,True,True,False,True,False,False
0,35,79.28,0,2774.8,True,False,False,False,False,True
1,38,78.71,0,2990.98,True,False,True,False,True,False
0,67,72.95,0,4887.65,False,True,False,False,False,True
0,41,31.7,0,1299.7,True,True,False,False,False,True
0,50,41.85,0,2092.5,False,False,False,False,True,False
0,45,100.01,0,4500.45,True,True,False,False,True,False
0,71,70.24,0,4987.04,True,False,True,True,False,False
0,19,90.61,1,1721.59,True,False,False,False,False,True
1,17,76.99,0,1308.83,True,True,False,False,True,False
1,65,23.87,0,1551.55,False,False,False,False,False,False
1,56,99.62,1,5578.72,False,True,False,False,False,False
1,41,26.43,0,1083.63,True,False,True,False,False,False
0,42,114.32,0,4801.44,False,False,True,False,False,False
0,6,41.54,0,249.24,True,False,False,False,False,True
1,69,71.24,0,4915.56,True,True,False,False,False,True
1,40,26.36,0,1054.4,True,False,False,True,False,False
1,41,109.49,0,4489.09,True,False,False,False,False,True
1,9,117.99,0,1061.91,False,False,True,False,True,False
1,8,34.63,1,277.04,True,False,False,True,False,False
1,44,49.58,0,2181.52,True,True,False,False,False,True
1,58,21.59,1,1252.22,False,False,True,False,False,True
1,67,98.7,0,6612.9,True,True,False,False,True,False
0,13,51.15,0,664.95,True,False,False,False,True,False
0,19,78.88,1,1498.72,True,False,True,False,True,False
0,49,23.92,1,1172.08,False,True,False,False,False,False
0,30,91.55,1,2746.5,True,True,False,False,False,True
1,66,72.94,0,4814.04,False,False,False,False,False,True
0,59,92.5,1,5457.5,True,True,False,False,False,True
1,53,98.96,0,5244.88,True,False,False,True,False,False
0,52,28.92,1,1503.84,False,False,False,True,False,False
1,31,77.81,1,2412.11,True,False,False,True,False,False
1,15,84.99,0,1274.85,True,False,False,True,False,False
0,20,71.67,0,1433.4,False,False,True,True,False,False
0,5,38.24,1,191.2,False,True,False,False,True,False
1,7,99.56,0,696.92,False,True,False,True,False,False
1,18,119.75,0,2155.5,False,False,True,False,False,True
1,56,116.93,0,6548.08,False,False,False,False,False,False
0,45,97.75,0,4398.75,True,False,False,False,False,True
0,28,61.81,0,1730.68,False,False,False,False,False,True
1,50,53.73,0,2686.5,True,False,False,False,True,False
0,2,26.85,0,53.7,True,False,True,False,False,False
1,68,61.63,0,4190.84,True,True,False,False,False,True
0,24,35.6,0,854.4,False,False,False,False,True,False
0,48,45.43,0,2180.64,False,False,False,False,False,False
0,45,109.19,1,4913.55,True,False,False,False,False,False
0,58,116.85,0,6777.3,False,True,False,False,True,False
0,36,114.86,1,4134.96,False,True,False,True,False,False
1,2,39.34,1,78.68,False,False,True,False,True,False
1,18,110.09,0,1981.62,False,True,False,False,True,False
0,49,34.15,0,1673.35,True,True,False,True,False,False
1,8,70.77,1,566.16,True,False,False,False,True,False
1,58,84.37,0,4893.46,False,True,False,False,True,False
0,15,66.25,0,993.75,True,False,False,False,True,False
1,17,115.18,0,1958.06,False,False,True,False,False,True
0,23,53.32,0,1226.36,False,False,False,False,True,False
1,66,72.74,0,4800.84,True,False,True,False,True,False
1,70,27.54,0,1927.8,True,True,False,False,False,False
1,27,105.22,0,2840.94,True,False,True,False,False,False
1,37,61.34,0,2269.58,False,False,False,False,False,False
1,49,90.05,1,4412.45,True,True,False,False,True,False
1,64,88.22,0,5646.08,False,True,False,True,False,False
1,34,87.63,0,2979.42,True,False,False,False,True,False
0,18,70.69,1,1272.42,True,True,False,False,False,True
0,64,47.75,0,3056.0,False,False,False,False,False,True
0,44,82.51,0,3630.44,False,False,True,False,False,True
0,17,116.18,1,1975.06,False,False,True,False,False,True
1,59,103.39,1,6100.01,False,True,False,False,True,False
1,13,30.88,0,401.44,False,False,False,False,False,False
1,52,22.32,0,1160.64,False,False,False,False,True,False
0,60,69.9,0,4194.0,False,False,True,False,True,False
0,42,97.58,0,4098.36,False,False,False,False,True,False
0,64,51.39,0,3288.96,True,True,False,False,True,False
1,66,90.12,0,5947.92,False,True,False,True,False,False
0,34,113.19,0,3848.46,False,False,True,False,False,False
1,71,65.9,0,4678.9,True,False,False,False,False,False
0,64,44.42,0,2842.88,False,True,False,False,False,True
1,33,111.78,1,3688.74,True,True,False,False,True,False
0,12,67.23,1,806.76,True,True,False,False,False,True
1,19,60.78,1,1154.82,False,False,False,False,False,False
0,9,55.34,0,498.06,True,False,True,False,False,False
0,17,62.3,0,1059.1,False,False,True,False,False,True
1,50,87.37,0,4368.5,True,True,False,False,False,False
1,39,63.37,0,2471.43,True,False,True,False,False,False
0,41,52.42,0,2149.22,True,True,False,True,False,False
1,10,94.36,0,943.6,False,True,False,False,True,False
0,12,40.3,0,483.6,False,False,False,False,True,False
1,15,40.19,1,602.85,True,True,False,False,False,False
0,28,89.64,0,2509.92,True,True,False,False,False,False
1,4,106.67,0,426.68,False,False,False,True,False,False
0,36,44.12,0,1588.32,False,False,False,False,False,True
0,65,39.11,0,2542.15,True,False,True,True,False,False
0,47,87.03,0,4090.41,True,False,False,True,False,False
1,39,82.08,1,3201.12,False,True,False,False,False,True
0,38,64.73,0,2459.74,False,False,False,False,False,False
1,44,29.59,1,1301.96,False,False,False,False,True,False
1,51,29.18,0,1488.18,False,False,True,True,False,False
1,26,97.73,0,2540.98,False,False,False,True,False,False
0,36,65.18,1,2346.48,True,True,False,False,True,False
1,69,105.8,1,7300.2,False,True,False,True,False,False
1,1,77.47,1,77.47,True,True,False,False,False,True
1,53,81.87,0,4339.11,False,False,False,False,True,False
0,6,113.42,0,680.52,True,False,False,False,True,False
1,37,36.46,0,1349.02,False,True,False,False,False,True
1,2,74.3,0,148.6,False,False,False,False,False,True
1,69,25.81,0,1780.89,True,False,True,False,True,False
1,41,55.89,0,2291.49,True,False,True,False,False,True
0,51,34.81,1,1775.31,False,False,True,True,False,False
0,47,38.78,0,1822.66,False,False,True,False,False,False
1,13,113.48,0,1475.24,False,True,False,True,False,False
1,69,81.07,0,5593.83,False,False,False,False,False,True
1,66,109.22,0,7208.52,False,False,True,True,False,False
1,59,64.35,1,3796.65,True,True,False,False,False,False
0,68,79.76,0,5423.68,True,False,True,False,False,False
0,59,23.21,1,1369.39,False,False,False,False,False,False
0,10,66.95,1,669.5,True,False,True,False,False,True
0,13,76.41,1,993.33,True,False,True,False,False,True
1,2,21.68,1,43.36,True,False,True,False,False,True
1,15,98.95,0,1484.25,False,False,True,False,False,False
0,46,49.54,0,2278.84,True,False,False,False,False,True
0,57,65.25,0,3719.25,False,True,False,False,True,False
1,10,73.56,0,735.6,True,False,True,True,False,False
1,22,119.22,1,2622.84,False,True,False,True,False,False
1,8,29.92,1,239.36,True,False,False,False,True,False
1,21,75.53,0,1586.13,False,False,False,False,False,True
1,22,73.06,0,1607.32,False,False,True,True,False,False
0,45,26.89,0,1210.05,True,True,False,False,False,False
0,40,83.39,0,3335.6,False,False,True,True,False,False
1,22,48.69,0,1071.18,False,False,False,True,False,False
1,30,30.38,0,911.4,False,False,True,True,False,False
0,62,37.86,0,2347.32,False,False,True,False,False,True
1,45,102.36,0,4606.2,False,True,False,False,True,False
0,35,30.41,0,1064.35,False,False,False,True,False,False
0,42,66.69,0,2800.98,False,False,True,False,False,False
0,5,39.53,0,197.65,False,False,True,True,False,False
0,27,36.23,1,978.21,True,False,True,False,False,True
1,70,40.57,0,2839.9,True,True,False,False,False,True
1,62,69.28,0,4295.36,False,False,False,False,False,False
0,32,43.78,1,1400.96,False,False,True,True,False,False
1,8,29.67,0,237.36,True,False,True,True,False,False
1,18,100.14,0,1802.52,True,False,True,False,False,False
1,15,73.98,0,1109.7,True,False,False,False,True,False
1,26,35.69,0,927.94,False,True,False,False,False,True
0,53,67.14,0,3558.42,True,True,False,False,True,False
1,44,26.84,0,1180.96,False,False,True,False,True,False
0,32,78.04,0,2497.28,False,False,True,True,False,False
0,28,54.03,0,1512.84,True,True,False,False,False,False
1,39,30.35,0,1183.65,False,True,False,False,False,True
0,32,38.36,0,1227.52,False,True,False,False,True,False
1,18,54.57,0,982.26,False,False,True,False,True,False
1,70,100.64,0,7044.8,False,False,True,True,False,False
0,11,37.38,0,411.18,True,True,False,True,False,False
1,32,30.97,0,991.04,True,True,False,True,False,False
0,20,71.59,0,1431.8,False,False,False,False,False,False
0,40,75.87,0,3034.8,False,False,True,False,False,True
1,8,29.02,0,232.16,True,False,False,False,False,True
1,35,48.45,0,1695.75,False,True,False,True,False,False
1,69,46.28,1,3193.32,True,False,True,False,True,False
0,21,38.62,0,811.02,False,False,True,True,False,False
1,24,51.56,0,1237.44,False,False,False,True,False,False
0,17,23.71,0,403.07,True,False,False,False,False,False
0,18,85.15,0,1532.7,True,False,False,True,False,False
1,12,118.85,0,1426.2,True,False,False,False,False,True
1,16,83.4,1,1334.4,True,False,True,True,False,False
1,4,56.11,0,224.44,False,True,False,False,False,True
0,34,86.79,1,2950.86,True,True,False,False,True,False
1,46,77.15,0,3548.9,False,True,False,False,False,True
0,31,104.68,0,3245.08,True,False,False,False,False,True
1,25,82.19,1,2054.75,True,True,False,True,False,False
1,24,83.41,0,2001.84,False,False,False,False,False,True
0,65,42.17,0,2741.05,True,False,False,False,False,True
0,25,61.56,0,1539.0,True,True,False,False,True,False
1,28,54.44,1,1524.32,True,True,False,False,False,True
1,36,21.14,0,761.04,True,True,False,False,False,True
1,6,51.33,0,307.98,False,False,True,True,False,False
1,66,68.61,0,4528.26,False,False,False,False,False,False
1,67,79.98,0,5358.66,True,False,True,True,False,False
0,48,113.46,0,5446.08,True,True,False,False,True,False
0,70,43.91,0,3073.7,True,False,True,True,False,False
0,67,35.24,0,2361.08,False,False,True,False,False,True
0,48,106.94,1,5133.12,False,True,False,False,False,False
1,65,114.18,0,7421.7,False,True,False,True,False,False
0,44,68.8,1,3027.2,False,False,False,True,False,False
0,63,31.52,0,1985.76,True,False,False,False,True,False
0,46,68.54,0,3152.84,True,False,True,False,False,True
1,19,30.94,1,587.86,True,True,False,True,False,False
0,64,108.32,0,6932.48,False,False,False,True,False,False
1,71,90.82,0,6448.22,True,False,False,False,False,False
0,50,44.11,0,2205.5,False,False,True,False,True,False
1,63,108.67,0,6846.21,False,False,True,False,False,True
0,41,83.79,1,3435.39,True,False,True,True,False,False
1,7,115.33,0,807.31,True,True,False,False,False,False
0,9,118.05,1,1062.45,True,False,False,True,False,False
1,4,20.33,1,81.32,False,False,False,True,False,False
1,49,32.02,0,1568.98,False,False,False,False,True,False
0,6,74.69,0,448.14,True,False,True,False,False,False
1,21,115.59,0,2427.39,True,True,False,False,False,False
1,15,119.42,0,1791.3,False,False,True,False,False,True
0,67,76.74,1,5141.58,True,False,True,True,False,False
0,66,37.38,0,2467.08,False,True,False,False,False,False
1,56,36.31,0,2033.36,False,True,False,True,False,False
0,68,96.39,0,6554.52,True,False,True,True,False,False
0,32,79.19,0,2534.08,True,True,False,False,False,True
0,66,74.88,0,4942.08,True,False,True,False,False,True
1,29,66.58,0,1930.82,True,False,False,False,False,False
1,66,92.51,0,6105.66,False,True,False,True,False,False
1,34,105.81,1,3597.54,False,False,False,False,False,False
1,27,50.3,0,1358.1,False,True,False,True,False,False
1,60,42.09,0,2525.4,True,False,True,False,False,False
1,39,87.02,0,3393.78,False,False,True,False,False,False
1,44,111.47,0,4904.68,True,False,True,True,False,False
0,36,54.82,0,1973.52,True,False,True,False,True,False
1,19,47.24,1,897.56,True,False,True,False,False,True
1,45,42.61,0,1917.45,True,False,True,True,False,False
0,21,45.45,0,954.45,True,True,False,False,False,False
0,23,33.49,0,770.27,True,True,False,False,True,False
0,27,79.68,0,2151.36,False,False,False,False,False,False
1,19,48.08,0,913.52,True,True,False,False,True,False
0,41,81.49,0,3341.09,False,True,False,True,False,False
1,26,28.3,0,735.8,False,False,False,False,False,True
1,28,31.55,1,883.4,True,False,False,False,False,False
1,64,73.61,0,4711.04,True,False,True,False,True,False
0,68,71.15,0,4838.2,True,False,False,False,True,False
0,51,47.15,1,2404.65,False,False,False,False,False,True
1,48,102.71,0,4930.08,True,True,False,False,False,False
1,10,38.7,0,387.0,False,False,True,True,False,False
1,39,56.07,0,2186.73,True,False,False,True,False,False
0,19,75.55,0,1435.45,True,False,True,False,False,False
1,64,106.72,1,6830.08,False,False,True,False,False,True
0,19,61.86,0,1175.34,False,False,False,False,False,True
1,62,59.86,0,3711.32,True,False,False,False,False,True
0,13,77.95,0,1013.35,False,False,False,False,True,False
1,25,51.67,0,1291.75,False,False,False,False,True,False
0,42,90.92,0,3818.64,False,False,True,False,False,True
0,39,44.87,0,1749.93,False,True,False,False,False,False
0,30,102.32,0,3069.6,False,False,True,True,False,False
0,5,47.24,1,236.2,True,False,True,False,True,False
0,18,119.27,0,2146.86,True,False,True,False,False,True
0,21,51.65,0,1084.65,False,False,False,False,True,False
1,50,107.88,0,5394.0,True,False,False,False,True,False
1,6,59.74,0,358.44,True,True,False,False,False,True
1,50,44.61,0,2230.5,False,True,False,False,False,False
1,66,42.62,1,2812.92,True,True,False,True,False,False
0,1,105.02,1,105.02,False,False,True,False,False,False
1,57,50.88,1,2900.16,False,True,False,False,True,False
0,30,53.86,0,1615.8,True,False,True,False,False,False
0,58,39.7,0,2302.6,False,False,False,False,False,False
0,52,116.13,1,6038.76,False,False,True,True,False,False
1,37,44.47,1,1645.39,False,False,False,False,False,True
0,48,44.74,0,2147.52,False,False,False,False,False,True
1,1,114.39,1,114.39,False,True,False,False,False,True
1,19,110.09,1,2091.71,True,False,False,False,False,False
1,46,44.89,0,2064.94,True,True,False,False,False,False
1,67,106.47,0,7133.49,False,True,False,True,False,False
1,2,44.98,0,89.96,False,True,False,False,False,True
0,56,28.45,1,1593.2,True,False,True,True,False,False
0,17,102.04,0,1734.68,False,True,False,True,False,False
1,22,97.16,0,2137.52,True,True,False,False,False,False
0,27,49.47,0,1335.69,False,False,False,False,False,True
1,55,29.01,0,1595.55,False,False,True,False,True,False
0,32,40.64,0,1300.48,False,True,False,False,True,False
0,60,97.11,0,5826.6,False,True,False,False,False,False
0,28,116.47,1,3261.16,False,True,False,False,False,False
0,28,45.9,0,1285.2,False,False,False,False,False,False
0,25,101.83,1,2545.75,False,False,False,False,False,False
0,26,42.79,0,1112.54,True,False,False,False,True,False
0,71,87.96,0,6245.16,True,True,False,False,False,True
0,17,28.36,1,482.12,True,True,False,True,False,False
0,7,78.53,0,549.71,False,True,False,False,True,False
0,56,46.92,0,2627.52,False,True,False,False,False,True
0,64,112.58,0,7205.12,False,True,False,False,False,False
0,20,48.98,0,979.6,False,False,False,True,False,False
0,38,59.84,0,2273.92,False,True,False,False,False,True
1,58,104.07,0,6036.06,False,False,True,False,False,True
0,16,63.83,0,1021.28,False,True,False,True,False,False
0,51,43.84,0,2235.84,True,False,False,False,False,True
0,27,74.75,1,2018.25,False,True,False,False,False,True
0,51,104.0,0,5304.0,True,False,True,True,False,False
0,16,63.32,0,1013.12,True,True,False,True,False,False
0,60,33.29,0,1997.4,False,False,True,False,True,False
1,40,58.31,1,2332.4,False,False,True,False,False,False
1,67,115.45,1,7735.15,True,False,False,False,False,False
1,2,27.2,0,54.4,True,False,True,False,False,True
0,48,60.84,0,2920.32,False,True,False,False,False,False
0,52,84.8,0,4409.6,False,False,True,False,True,False
0,24,27.85,1,668.4,True,True,False,False,False,True
1,2,54.5,0,109.0,False,True,False,False,False,False
0,65,114.06,1,7413.9,False,True,False,False,False,False
0,20,23.06,0,461.2,False,True,False,False,False,True
1,34,95.17,0,3235.78,True,False,False,True,False,False
1,41,104.14,0,4269.74,True,True,False,False,True,False
0,41,47.71,1,1956.11,True,False,False,False,False,True
0,23,41.47,0,953.81,False,False,True,False,False,True
0,38,111.48,0,4236.24,False,True,False,False,False,False
0,44,96.4,1,4241.6,True,False,True,True,False,False
1,67,31.34,0,2099.78,True,False,False,False,False,False
0,62,41.22,0,2555.64,True,True,False,False,False,True
0,12,82.14,0,985.68,False,True,False,False,False,True
1,30,61.94,0,1858.2,True,False,False,False,False,False
0,65,70.42,0,4577.3,True,False,True,True,False,False
0,41,115.15,0,4721.15,False,False,False,False,False,True
1,20,62.02,0,1240.4,False,False,True,False,True,False
1,6,108.17,0,649.02,False,False,True,True,False,False
0,4,86.07,1,344.28,True,False,True,False,False,True
1,10,32.16,1,321.6,False,True,False,True,False,False
1,51,94.45,1,4816.95,False,False,False,True,False,False
0,38,72.02,1,2736.76,True,True,False,False,True,False
1,1,42.51,1,42.51,False,False,False,False,False,True
0,8,48.95,1,391.6,True,False,True,True,False,False
0,63,75.73,1,4770.99,True,True,False,False,False,True
0,33,80.17,1,2645.61,False,True,False,False,False,True
0,15,116.82,0,1752.3,False,True,False,True,False,False
1,31,105.47,0,3269.57,False,False,True,False,False,False
0,21,40.58,1,852.18,False,False,False,True,False,False
0,3,97.4,0,292.2,False,False,True,False,False,False
0,66,20.83,1,1374.78,False,True,False,False,False,False
0,35,32.98,0,1154.3,True,True,False,False,False,False
1,41,39.97,1,1638.77,True,False,True,False,False,False
1,59,79.72,0,4703.48,False,True,False,True,False,False
1,16,39.47,0,631.52,True,True,False,False,False,False
0,56,56.53,1,3165.68,False,False,False,False,False,True
1,45,44.28,0,1992.6,True,False,False,True,False,False
1,59,53.74,0,3170.66,True,False,False,False,True,False
0,50,114.25,0,5712.5,True,False,False,False,False,False
1,12,119.74,0,1436.88,False,False,False,True,False,False
0,12,88.57,0,1062.84,True,False,False,False,False,False
1,33,77.23,0,2548.59,False,True,False,False,False,True
1,49,90.84,1,4451.16,True,True,False,False,False,False
1,21,97.17,0,2040.57,True,False,False,True,False,False
1,60,93.9,0,5634.0,True,False,True,False,False,True
0,52,28.19,1,1465.88,True,False,False,False,False,False
0,54,51.03,0,2755.62,True,True,False,False,True,False
1,39,54.34,0,2119.26,False,False,True,False,False,False
0,49,56.93,0,2789.57,False,False,True,False,False,False
1,64,54.43,0,3483.52,True,False,True,False,False,True
1,26,98.71,0,2566.46,True,True,False,False,False,False
1,71,94.76,1,6727.96,True,False,True,True,False,False
1,7,20.46,0,143.22,True,True,False,True,False,False
1,62,49.64,0,3077.68,False,True,False,False,False,True
1,24,82.37,0,1976.88,True,False,False,True,False,False
0,40,32.03,0,1281.2,False,True,False,False,True,False
0,47,27.12,0,1274.64,True,False,True,False,False,False
1,8,102.84,0,822.72,False,True,False,False,False,True
0,54,65.27,0,3524.58,True,True,False,True,False,False
1,9,105.57,0,950.13,True,False,False,False,True,False
0,3,102.36,1,307.08,False,False,False,False,True,False
0,54,109.34,0,5904.36,True,True,False,False,False,True
0,21,24.83,1,521.43,True,True,False,False,False,True
1,48,38.61,0,1853.28,True,True,False,True,False,False
0,47,49.61,0,2331.67,False,False,False,False,False,False
1,68,33.62,0,2286.16,True,False,False,False,True,False
1,63,68.55,1,4318.65,True,False,True,False,True,False
1,16,99.9,0,1598.4,False,False,True,False,False,True
0,5,115.12,0,575.6,False,False,True,False,True,False
0,11,108.96,0,1198.56,False,False,True,False,False,True
0,29,65.73,1,1906.17,True,False,False,False,False,False
1,70,83.65,0,5855.5,True,False,False,False,False,True
1,48,43.07,0,2067.36,True,True,False,False,False,False
0,15,60.3,0,904.5,False,False,True,True,False,False
1,34,107.12,0,3642.08,True,True,False,False,False,True
0,60,22.92,0,1375.2,True,True,False,True,False,False
0,62,73.28,1,4543.36,False,False,False,False,False,False
0,2,107.28,0,214.56,False,True,False,False,True,False
0,19,32.2,0,611.8,False,True,False,True,False,False
1,49,118.25,0,5794.25,False,False,False,False,False,True
0,28,21.24,0,594.72,False,False,False,False,False,True
0,48,108.61,0,5213.28,True,False,False,True,False,False
0,37,55.37,0,2048.69,False,False,False,True,False,False
0,49,33.27,0,1630.23,True,False,True,True,False,False
0,48,35.74,1,1715.52,True,False,True,False,False,True
0,29,90.12,0,2613.48,False,False,True,True,False,False
0,60,107.07,0,6424.2,False,True,False,True,False,False
1,29,84.11,0,2439.19,False,False,True,False,False,False
1,58,112.87,1,6546.46,True,False,False,True,False,False
1,48,104.25,1,5004.0,False,False,True,True,False,False
1,23,20.9,0,480.7,False,False,False,False,False,True
0,27,86.94,0,2347.38,False,False,True,False,False,True
1,7,50.46,0,353.22,False,False,True,False,True,False
1,49,65.45,0,3207.05,False,False,False,False,False,True
1,54,29.4,1,1587.6,True,False,False,False,False,True
0,68,48.21,0,3278.28,True,True,False,False,False,True
1,42,83.27,0,3497.34,True,True,False,False,False,True
1,59,41.84,0,2468.56,False,True,False,True,False,False
0,44,84.75,0,3729.0,False,False,True,False,True,False
1,26,112.3,1,2919.8,False,False,True,False,False,True
0,23,20.49,0,471.27,True,False,False,True,False,False
1,8,98.58,0,788.64,False,False,False,False,False,True
0,53,84.13,0,4458.89,False,True,False,False,True,False
1,14,24.66,0,345.24,False,False,False,False,False,False
1,71,99.02,0,7030.42,True,False,True,False,False,False
1,7,42.45,0,297.15,False,False,False,False,True,False
0,9,46.58,0,419.22,True,False,False,True,False,False
1,3,29.35,1,88.05,False,False,False,True,False,False
0,17,73.44,0,1248.48,True,False,False,False,True,False
0,44,69.82,0,3072.08,True,False,False,False,False,False
0,46,54.72,1,2517.12,True,True,False,False,False,True
0,58,36.88,1,2139.04,False,True,False,False,False,False
1,28,103.8,1,2906.4,False,False,True,False,False,True
1,14,107.64,0,1506.96,True,True,False,False,True,False
1,9,74.06,0,666.54,True,False,False,False,True,False
0,26,44.42,0,1154.92,False,True,False,False,True,False
1,2,29.61,0,59.22,False,False,True,False,False,False
0,34,106.85,1,3632.9,True,True,False,False,True,False
0,19,29.61,0,562.59,False,False,True,False,False,False
0,39,21.32,1,831.48,False,False,True,True,False,False
1,13,66.94,0,870.22,False,False,True,False,False,True
1,5,93.13,0,465.65,False,False,False,False,False,True
0,50,65.75,0,3287.5,True,False,True,False,False,True
1,23,25.14,0,578.22,False,True,False,False,True,False
1,29,89.0,1,2581.0,False,True,False,False,False,True
0,26,84.23,0,2189.98,True,True,False,False,True,False
0,57,88.15,0,5024.55,True,False,True,False,False,False
1,1,41.12,1,41.12,False,False,True,False,True,False
0,28,99.57,1,2787.96,False,False,False,False,False,True
0,62,67.92,1,4211.04,False,False,True,False,True,False
1,47,73.64,0,3461.08,False,True,False,False,True,False
1,59,74.58,0,4400.22,True,False,False,False,False,False
0,31,48.68,1,1509.08,True,True,False,False,True,False
1,70,45.01,0,3150.7,True,False,False,False,False,True
0,49,20.48,0,1003.52,False,False,True,False,True,False
0,5,59.66,1,298.3,False,False,False,True,False,False
1,31,68.51,1,2123.81,False,False,True,False,True,False
0,37,94.28,0,3488.36,False,False,True,True,False,False
0,15,26.66,0,399.9,True,True,False,False,False,True
0,52,112.4,0,5844.8,True,False,True,True,False,False
1,69,46.4,0,3201.6,False,False,True,True,False,False
1,11,56.67,0,623.37,True,False,True,True,False,False
1,43,24.84,0,1068.12,False,True,False,True,False,False
0,70,85.31,0,5971.7,False,False,True,True,False,False
0,23,90.89,0,2090.47,True,True,False,False,True,False
1,40,112.88,0,4515.2,False,False,False,False,False,False
1,63,53.68,0,3381.84,False,True,False,True,False,False
1,2,45.74,0,91.48,True,True,False,False,False,True
0,47,92.61,0,4352.67,False,False,True,False,False,True
1,30,90.68,0,2720.4,False,True,False,False,True,False
0,16,113.71,1,1819.36,True,False,False,False,False,False
1,59,40.53,0,2391.27,False,True,False,False,False,False
0,47,90.53,1,4254.91,True,False,True,True,False,False
0,30,26.69,1,800.7,False,False,False,False,False,True
1,9,68.04,0,612.36,True,False,True,False,False,True
0,65,31.94,1,2076.1,True,False,True,False,True,False
1,59,85.31,0,5033.29,True,True,False,True,False,False
0,64,80.15,0,5129.6,False,False,True,False,False,True
0,8,24.88,0,199.04,True,False,False,True,False,False
1,52,51.96,0,2701.92,True,False,False,False,False,False
0,18,59.5,0,1071.0,True,False,False,True,False,False
1,58,44.81,0,2598.98,True,False,False,True,False,False
1,49,23.87,0,1169.63,True,True,False,False,True,False
1,32,51.88,0,1660.16,False,False,False,False,True,False
0,48,99.26,0,4764.48,False,True,False,False,False,False
0,45,56.01,0,2520.45,False,False,True,False,False,False
0,54,52.34,1,2826.36,False,False,True,True,False,False
1,46,114.18,0,5252.28,False,True,False,False,False,True
1,31,24.16,0,748.96,False,False,True,True,False,False
0,37,96.73,0,3579.01,False,False,True,False,False,False
0,16,68.31,0,1092.96,True,False,False,False,True,False
1,46,114.45,0,5264.7,False,False,True,False,True,False
0,46,59.35,1,2730.1,True,False,True,False,False,False
1,61,90.8,0,5538.8,True,True,False,True,False,False
0,46,26.99,1,1241.54,False,False,False,False,False,True
1,51,112.88,1,5756.88,True,False,True,False,True,False
0,62,54.45,0,3375.9,True,False,True,True,False,False
0,35,72.4,1,2534.0,True,True,False,False,False,True
1,42,33.85,0,1421.7,True,False,True,False,False,False
1,45,114.56,1,5155.2,False,False,False,True,False,False
1,68,87.3,0,5936.4,False,False,False,False,False,True
0,47,25.39,0,1193.33,False,False,False,True,False,False
1,30,35.52,1,1065.6,False,True,False,False,True,False
1,24,59.98,0,1439.52,False,False,False,False,False,False
0,66,41.68,1,2750.88,False,False,False,False,True,False
1,43,50.46,0,2169.78,False,False,False,False,True,False
1,34,119.75,0,4071.5,False,False,False,True,False,False
1,23,85.86,0,1974.78,False,False,False,False,False,False
0,61,112.22,1,6845.42,False,False,False,True,False,False
0,37,63.58,0,2352.46,True,True,False,False,False,True
0,13,91.03,0,1183.39,False,False,False,False,False,False
1,71,65.97,0,4683.87,True,False,True,False,True,False
0,7,52.82,1,369.74,True,True,False,False,True,False
1,42,71.92,0,3020.64,True,False,True,False,True,False
1,38,62.73,0,2383.74,True,False,True,True,False,False
1,52,118.05,0,6138.6,False,False,False,True,False,False
0,44,69.62,0,3063.28,True,False,True,True,False,False
0,64,101.11,1,6471.04,False,False,True,False,False,False
1,13,86.68,0,1126.84,False,False,True,False,False,False
1,28,67.96,0,1902.88,True,False,False,False,False,False
0,1,67.42,0,67.42,False,False,False,False,False,False
0,43,54.19,0,2330.17,True,False,False,False,False,True
0,42,30.7,0,1289.4,True,True,False,False,True,False
1,50,96.15,1,4807.5,False,False,False,True,False,False
0,60,111.81,0,6708.6,False,False,False,True,False,False
0,1,41.8,0,41.8,True,False,True,False,False,True
0,51,112.57,0,5741.07,False,False,False,False,True,False
1,16,43.23,1,691.68,False,False,True,False,True,False
0,39,73.01,0,2847.39,False,False,False,False,False,True
1,15,54.36,1,815.4,True,False,False,False,False,False
1,33,31.45,0,1037.85,True,False,False,False,True,False
1,53,25.28,0,1339.84,False,False,False,False,False,False
0,17,56.53,0,961.01,False,False,False,False,False,True
0,6,24.73,0,148.38,False,False,False,True,False,False
0,31,30.42,1,943.02,False,False,False,True,False,False
1,69,34.23,0,2361.87,False,False,True,True,False,False
0,40,20.19,0,807.6,True,True,False,True,False,False
1,30,35.33,0,1059.9,False,True,False,False,True,False
0,69,77.73,0,5363.37,True,False,False,False,False,False
0,7,101.95,1,713.65,False,True,False,True,False,False
0,13,39.34,1,511.42,True,False,True,True,False,False
0,4,28.09,0,112.36,False,False,True,True,False,False
1,50,92.95,0,4647.5,True,False,True,False,False,True
1,3,20.82,0,62.46,False,True,False,False,True,False
1,12,93.42,1,1121.04,True,True,False,False,False,True
1,65,33.11,1,2152.15,True,True,False,False,False,False
0,27,42.83,1,1156.41,True,False,False,True,False,False
1,50,32.01,0,1600.5,True,False,True,False,True,False
1,17,44.73,0,760.41,True,False,True,False,True,False
1,32,99.82,0,3194.24,True,False,False,False,True,False
0,51,33.25,0,1695.75,False,True,False,False,False,True
1,17,119.42,0,2030.14,True,False,True,False,False,True
1,34,52.71,0,1792.14,False,True,False,False,False,True
0,35,112.2,0,3927.0,False,False,False,False,False,True
0,24,39.0,0,936.0,False,True,False,False,False,False
1,54,38.79,0,2094.66,False,False,False,True,False,False
1,18,76.53,0,1377.54,False,True,False,True,False,False
0,50,25.06,1,1253.0,True,False,False,False,False,True
1,46,100.1,0,4604.6,True,False,True,False,False,True
0,48,63.96,0,3070.08,True,False,False,False,False,True
1,33,89.92,0,2967.36,False,True,False,False,False,False
1,27,37.46,1,1011.42,True,False,True,False,False,False
1,1,84.24,0,84.24,True,True,False,False,True,False
1,59,79.41,0,4685.19,True,True,False,True,False,False
1,10,95.57,0,955.7,True,False,False,False,False,True
0,25,49.74,1,1243.5,True,False,False,False,True,False
0,57,113.32,0,6459.24,False,True,False,True,False,False
1,66,116.13,0,7664.58,True,False,False,False,True,False
1,15,106.81,1,1602.15,False,True,False,False,False,False
1,28,77.2,0,2161.6,False,False,False,False,False,False
0,13,62.03,0,806.39,False,False,False,False,True,False
0,14,25.8,1,361.2,False,True,False,False,True,False
0,66,114.72,1,7571.52,False,False,True,True,False,False
0,34,115.18,0,3916.12,True,False,False,False,False,True
0,25,21.87,1,546.75,True,True,False,True,False,False
0,54,55.69,0,3007.26,True,False,True,True,False,False
0,12,108.0,0,1296.0,False,False,False,False,False,False
0,9,28.09,0,252.81,True,False,False,False,False,False
1,31,39.66,0,1229.46,True,True,False,False,True,False
0,53,117.87,0,6247.11,False,False,False,False,False,False
0,43,104.73,1,4503.39,False,True,False,True,False,False
0,38,111.21,0,4225.98,False,True,False,False,True,False
0,42,34.22,0,1437.24,False,False,False,False,True,False
1,48,41.13,0,1974.24,True,False,True,False,False,False
0,67,80.54,0,5396.18,False,False,False,False,False,True
1,66,70.17,0,4631.22,False,False,True,False,False,False
1,16,49.85,0,797.6,True,False,False,False,True,False
1,16,108.38,1,1734.08,True,False,True,False,True,False
0,31,110.14,1,3414.34,False,False,False,False,False,True
0,58,49.17,0,2851.86,True,False,True,True,False,False
0,28,35.58,0,996.24,False,False,True,False,True,False
1,4,34.91,0,139.64,False,False,False,False,False,True
1,10,68.44,0,684.4,True,False,False,True,False,False
1,51,33.29,0,1697.79,True,True,False,False,False,False
1,18,67.33,0,1211.94,False,False,True,False,False,True
0,47,66.19,0,3110.93,False,False,False,True,False,False
0,32,108.41,0,3469.12,False,True,False,False,True,False
0,30,49.62,1,1488.6,True,False,False,False,True,False
1,36,76.07,0,2738.52,False,False,True,False,False,True
1,9,94.35,0,849.15,False,False,False,False,False,False
0,36,79.59,0,2865.24,False,False,False,False,False,True
0,29,115.41,0,3346.89,False,True,False,False,True,False
1,16,80.23,0,1283.68,False,False,False,True,False,False
0,21,110.19,0,2313.99,True,True,False,False,False,False
0,64,44.51,0,2848.64,False,False,True,True,False,False
1,66,76.08,1,5021.28,False,False,True,False,False,True
1,59,74.33,1,4385.47,False,False,False,False,False,True
1,28,118.95,0,3330.6,False,True,False,True,False,False
0,55,40.45,0,2224.75,True,False,True,True,False,False
1,31,34.1,0,1057.1,True,False,False,True,False,False
0,33,81.17,0,2678.61,True,False,False,False,False,True
0,60,42.37,0,2542.2,False,False,False,True,False,False
1,41,83.92,0,3440.72,False,False,False,False,True,False
0,46,117.25,0,5393.5,True,False,False,True,False,False
1,49,114.65,0,5617.85,True,True,False,False,True,False
1,65,43.11,0,2802.15,True,False,False,False,True,False
0,42,37.09,0,1557.78,False,False,False,True,False,False
0,23,76.07,1,1749.61,False,False,False,False,False,False
1,27,78.68,1,2124.36,True,False,False,False,False,False
1,32,86.23,0,2759.36,True,False,False,False,False,False
1,3,94.15,0,282.45,True,False,False,False,True,False
1,60,80.1,0,4806.0,False,False,False,False,False,False
1,17,31.18,0,530.06,False,False,True,False,False,False
1,32,99.02,0,3168.64,False,False,True,True,False,False
0,7,27.95,0,195.65,True,False,False,False,False,True
0,71,22.0,0,1562.0,True,True,False,False,True,False
0,69,96.97,0,6690.93,False,False,False,False,False,True
0,58,74.84,1,4340.72,True,True,False,False,True,False
1,40,89.86,0,3594.4,False,True,False,False,True,False
0,48,58.27,0,2796.96,True,True,False,False,False,False
0,51,21.11,0,1076.61,True,True,False,True,False,False
1,57,53.1,0,3026.7,True,True,False,False,False,True
0,71,80.81,0,5737.51,True,False,True,False,False,True
1,37,42.57,1,1575.09,False,False,False,False,False,False
1,55,88.78,1,4882.9,True,False,True,False,False,True
1,41,99.44,0,4077.04,False,False,True,False,False,True
1,20,65.43,0,1308.6,False,False,False,False,True,False
1,33,107.57,0,3549.81,False,False,True,True,False,False
0,40,105.48,1,4219.2,True,False,False,True,False,False
0,34,107.81,1,3665.54,False,False,False,False,False,True
0,62,86.1,0,5338.2,False,False,False,False,False,True
1,19,50.48,1,959.12,False,False,False,False,True,False
0,43,68.13,0,2929.59,True,True,False,False,False,False
0,69,91.05,0,6282.45,True,True,False,False,True,False
0,63,41.06,0,2586.78,False,False,True,False,False,False
0,10,93.88,0,938.8,True,False,False,False,False,False
1,13,74.81,1,972.53,False,False,False,False,True,False
0,5,29.6,0,148.0,False,False,False,True,False,False
1,58,75.73,1,4392.34,True,False,False,False,True,False
1,59,26.68,1,1574.12,False,True,False,False,False,False
0,59,21.43,1,1264.37,True,True,False,True,False,False
1,15,108.96,0,1634.4,True,True,False,True,False,False
1,1,68.99,0,68.99,False,False,True,False,True,False
1,38,74.33,0,2824.54,True,False,False,True,False,False
1,53,47.99,1,2543.47,True,True,False,True,False,False
1,52,74.27,0,3862.04,False,True,False,False,True,False
1,1,36.89,0,36.89,False,False,False,False,False,True
1,11,94.56,1,1040.16,True,True,False,True,False,False
0,58,102.33,1,5935.14,True,False,False,False,True,False
0,40,105.59,1,4223.6,False,False,False,False,True,False
1,60,30.67,0,1840.2,True,True,False,False,False,True
1,44,75.78,0,3334.32,True,False,True,True,False,False
0,6,100.88,0,605.28,True,False,False,False,False,False
0,28,32.82,0,918.96,True,False,True,False,False,False
0,31,29.95,0,928.45,True,True,False,True,False,False
0,8,101.69,0,813.52,True,False,False,True,False,False
1,5,99.67,1,498.35,True,False,False,False,True,False
1,54,64.87,1,3502.98,False,True,False,False,True,False
0,17,30.97,0,526.49,False,False,True,False,False,False
0,38,71.61,0,2721.18,False,True,False,True,False,False
0,9,59.48,0,535.32,False,True,False,False,True,False
0,14,71.85,0,1005.9,False,True,False,False,False,False
1,26,63.99,1,1663.74,True,False,True,False,False,False
0,62,76.85,0,4764.7,True,False,False,False,False,True
0,25,92.71,0,2317.75,True,False,False,True,False,False
0,36,97.49,0,3509.64,True,True,False,False,False,True
1,33,84.9,1,2801.7,False,True,False,False,True,False
1,3,39.89,1,119.67,True,False,True,False,True,False
1,11,59.71,1,656.81,True,True,False,False,False,False
0,58,27.12,0,1572.96,False,False,True,False,True,False
0,64,65.17,0,4170.88,True,False,True,False,False,True
0,18,117.03,0,2106.54,True,False,True,True,False,False
1,47,84.17,0,3955.99,False,True,False,False,False,False
1,44,35.46,0,1560.24,True,False,False,False,False,False
0,59,46.86,1,2764.74,True,False,True,False,True,False
0,50,26.46,0,1323.0,True,False,False,False,False,False
1,69,38.24,0,2638.56,True,False,True,False,False,False
0,29,68.78,1,1994.62,True,True,False,True,False,False
0,67,54.49,0,3650.83,False,False,True,False,False,False
0,2,40.4,0,80.8,False,False,True,True,False,False
1,25,34.66,0,866.5,False,False,False,False,False,True
0,19,85.61,1,1626.59,False,True,False,False,False,False
0,40,75.81,0,3032.4,False,False,True,False,False,True
0,2,104.26,0,208.52,False,True,False,True,False,False
0,65,38.33,1,2491.45,True,False,False,False,False,False
1,62,104.8,0,6497.6,False,True,False,False,True,False
1,54,77.79,1,4200.66,False,True,False,False,True,False
1,45,46.62,0,2097.9,True,False,False,False,False,False
0,49,47.36,0,2320.64,True,False,True,True,False,False
1,69,59.04,0,4073.76,False,False,True,False,True,False
0,38,66.01,0,2508.38,True,True,False,False,False,True
1,4,28.25,0,113.0,False,False,True,True,False,False
0,17,104.2,0,1771.4,True,False,False,True,False,False
1,53,32.15,0,1703.95,False,True,False,False,False,False
1,53,68.35,0,3622.55,True,True,False,False,False,True
1,31,58.3,0,1807.3,True,False,True,True,False,False
0,22,71.23,1,1567.06,False,False,True,False,False,False
0,11,108.75,0,1196.25,False,False,True,False,False,True
0,34,118.91,0,4042.94,False,True,False,True,False,False
1,15,22.03,0,330.45,False,False,True,False,True,False
0,10,59.32,0,593.2,False,True,False,False,False,True
0,53,101.76,1,5393.28,True,False,True,True,False,False
0,48,52.66,1,2527.68,False,True,False,False,False,True
0,31,84.9,1,2631.9,False,True,False,False,True,False
0,37,119.23,0,4411.51,True,True,False,True,False,False
0,28,84.68,0,2371.04,True,False,True,False,True,False
1,31,31.12,0,964.72,False,False,True,False,False,False
1,70,104.29,0,7300.3,True,False,False,False,False,False
0,14,116.67,1,1633.38,True,True,False,True,False,False
1,16,91.25,1,1460.0,False,False,True,True,False,False
1,25,61.91,0,1547.75,True,False,False,False,False,True
0,39,114.84,0,4478.76,True,False,False,True,False,False
0,66,116.86,0,7712.76,False,False,True,False,False,False
1,38,113.51,1,4313.38,False,True,False,True,False,False
0,41,61.18,0,2508.38,True,False,False,False,False,True
1,40,98.97,0,3958.8,True,False,False,False,False,False
1,64,85.42,1,5466.88,False,True,False,True,False,False
1,16,37.97,1,607.52,True,False,True,False,True,False
0,59,73.55,0,4339.45,True,True,False,False,True,False
1,11,94.77,0,1042.47,True,True,False,False,True,False
0,1,109.59,1,109.59,False,False,True,False,True,False
0,13,106.26,0,1381.38,True,False,False,False,False,True
0,30,35.47,0,1064.1,True,True,False,False,True,False
0,69,68.8,0,4747.2,False,False,False,False,True,False
0,18,67.83,1,1220.94,True,False,False,True,False,False
1,13,109.87,1,1428.31,True,False,False,False,True,False
0,32,20.19,1,646.08,False,False,True,False,True,False
0,71,93.87,0,6664.77,False,False,False,True,False,False
0,50,81.86,0,4093.0,False,True,False,False,False,False
0,71,112.16,0,7963.36,False,True,False,False,False,True
0,31,65.69,1,2036.39,True,True,False,False,False,True
1,51,85.77,0,4374.27,True,False,True,False,False,False
0,27,117.27,0,3166.29,False,True,False,True,False,False
0,60,94.39,0,5663.4,False,False,True,False,False,False
1,33,26.74,1,882.42,True,False,False,False,False,True
0,53,36.75,1,1947.75,False,False,False,False,False,True
1,33,102.15,1,3370.95,True,False,True,False,False,False
1,41,53.48,0,2192.68,False,False,True,False,True,False
1,19,90.59,1,1721.21,True,False,True,False,False,True
1,41,89.98,0,3689.18,False,False,False,False,False,False
0,42,119.37,1,5013.54,False,False,True,False,True,False
0,23,66.99,0,1540.77,True,False,False,False,True,False
1,33,93.78,0,3094.74,False,False,False,True,False,False
1,20,24.88,0,497.6,True,True,False,False,False,False
0,25,66.26,0,1656.5,True,False,False,False,False,True
1,52,38.67,0,2010.84,True,False,True,True,False,False
1,12,104.06,0,1248.72,True,False,True,False,False,True
1,32,103.99,0,3327.68,True,False,True,False,True,False
0,33,43.64,0,1440.12,False,False,False,False,False,False
1,68,51.83,0,3524.44,False,False,False,False,True,False
0,15,90.25,1,1353.75,True,True,False,False,True,False
0,51,93.83,1,4785.33,False,True,False,False,True,False
0,6,85.76,1,514.56,True,False,True,False,False,False
1,69,119.67,0,8257.23,False,False,False,True,False,False
1,69,106.87,1,7374.03,False,False,True,False,False,True
0,35,61.71,1,2159.85,False,False,True,False,True,False
0,34,52.7,0,1791.8,False,False,True,False,False,True
0,63,79.68,0,5019.84,True,True,False,False,False,True
1,68,101.76,0,6919.68,True,False,True,True,False,False
1,18,67.53,0,1215.54,False,True,False,False,False,False
0,26,93.77,1,2438.02,False,False,False,False,False,True
0,61,21.92,0,1337.12,True,False,True,True,False,False
1,48,112.58,0,5403.84,False,True,False,False,False,True
0,31,97.38,0,3018.78,True,False,False,False,True,False
1,34,59.42,0,2020.28,True,True,False,True,False,False
1,7,58.4,0,408.8,True,False,True,False,False,False
0,7,30.29,0,212.03,False,False,False,False,False,False
0,47,101.62,0,4776.14,True,False,False,False,True,False
1,8,96.86,0,774.88,False,False,False,False,True,False
1,1,83.02,0,83.02,True,True,False,False,False,True
1,3,30.15,1,90.45,False,True,False,True,False,False
1,53,46.23,1,2450.19,False,True,False,True,False,False
1,38,65.89,0,2503.82,False,False,False,True,False,False
0,51,46.6,0,2376.6,True,False,True,True,False,False
1,15,63.4,0,951.0,True,False,True,False,False,True
1,67,42.6,0,2854.2,False,False,False,True,False,False
1,64,54.96,0,3517.44,False,False,True,True,False,False
0,68,85.23,0,5795.64,False,False,False,False,False,False
0,5,109.24,1,546.2,True,False,True,False,False,False
1,10,58.5,0,585.0,True,False,True,False,False,True
1,8,89.19,1,713.52,True,False,True,False,True,False
0,12,33.48,0,401.76,True,True,False,False,False,False
0,64,74.08,0,4741.12,False,True,False,False,True,False
0,59,112.17,0,6618.03,False,False,False,False,False,True
0,67,22.79,0,1526.93,True,True,False,False,False,False
1,50,46.76,0,2338.0,True,False,False,False,False,False
0,23,33.25,1,764.75,False,True,False,False,False,True
1,40,73.31,0,2932.4,True,False,True,True,False,False
1,18,87.96,0,1583.28,True,True,False,False,False,True
0,21,25.78,1,541.38,True,True,False,False,True,False
0,1,27.03,0,27.03,True,True,False,False,True,False
0,38,106.96,0,4064.48,True,False,False,True,False,False
0,41,65.62,0,2690.42,True,False,False,False,False,True
1,42,66.3,0,2784.6,False,False,True,False,False,True
1,9,114.46,0,1030.14,True,False,True,True,False,False
1,23,52.02,0,1196.46,True,False,True,False,False,True
0,11,109.7,0,1206.7,False,True,False,False,False,False
1,71,117.43,0,8337.53,False,False,True,False,False,True
0,31,44.17,1,1369.27,False,False,False,False,False,False
1,26,71.4,0,1856.4,True,False,True,False,False,True
0,30,73.44,0,2203.2,False,False,True,False,False,False
1,34,106.62,0,3625.08,True,False,True,False,True,False
1,46,50.39,0,2317.94,True,False,True,True,False,False
0,69,99.8,1,6886.2,True,False,True,False,True,False
1,5,117.1,0,585.5,False,False,False,False,False,False
1,61,104.03,1,6345.83,False,True,False,True,False,False
0,38,110.91,0,4214.58,False,False,True,False,True,False
0,28,90.84,0,2543.52,False,True,False,False,True,False
0,26,110.4,1,2870.4,False,False,True,False,False,False
0,61,36.49,0,2225.89,True,True,False,False,False,True
0,23,91.24,1,2098.52,True,False,False,False,False,True
1,46,93.19,0,4286.74,True,True,False,False,False,False
0,30,63.92,1,1917.6,True,False,True,False,True,False
1,67,27.97,0,1873.99,False,True,False,False,False,True
1,33,82.24,1,2713.92,False,True,False,False,False,True
0,3,25.19,0,75.57,True,False,True,False,True,False
1,69,58.24,0,4018.56,False,True,False,False,False,False
1,42,59.37,0,2493.54,False,False,True,False,False,False
0,62,119.89,1,7433.18,True,False,False,False,False,True
1,58,49.98,0,2898.84,True,False,True,False,False,False
0,57,102.05,0,5816.85,False,False,False,False,True,False
0,1,25.32,1,25.32,False,True,False,False,False,False
0,60,72.98,0,4378.8,True,False,True,True,False,False
1,69,73.67,0,5083.23,True,True,False,False,False,False
1,59,82.87,1,4889.33,True,False,False,False,False,False
1,46,101.0,0,4646.0,False,False,False,False,False,False
1,34,96.19,1,3270.46,True,True,False,True,False,False
0,25,96.1,0,2402.5,True,False,True,False,True,False
1,42,63.23,0,2655.66,False,False,True,False,False,False
0,29,92.75,0,2689.75,False,False,True,False,False,True
1,25,69.13,1,1728.25,False,False,True,False,False,False
1,54,26.7,1,1441.8,False,False,False,True,False,False
1,67,109.02,0,7304.34,False,False,True,True,False,False
1,15,109.02,0,1635.3,True,True,False,False,False,True
1,4,52.29,0,209.16,True,False,False,True,False,False
0,38,111.39,1,4232.82,False,True,False,True,False,False
1,20,95.8,0,1916.0,False,True,False,True,False,False
1,23,60.08,0,1381.84,False,True,False,False,True,False
1,37,53.15,1,1966.55,False,False,False,True,False,False
1,62,117.51,1,7285.62,False,False,True,False,False,False
0,8,91.26,0,730.08,True,True,False,False,False,True
1,37,57.88,1,2141.56,True,True,False,False,False,False
0,45,84.2,1,3789.0,True,False,True,False,False,False
1,33,77.15,1,2545.95,True,False,True,False,False,True
0,7,72.45,0,507.15,False,False,True,False,True,False
0,22,84.47,0,1858.34,True,False,True,False,True,False
0,5,73.76,1,368.8,False,True,False,True,False,False
0,15,85.48,0,1282.2,False,False,False,False,True,False
0,21,110.76,0,2325.96,False,False,True,False,True,False
1,17,119.33,0,2028.61,True,False,True,True,False,False
0,56,90.93,0,5092.08,False,True,False,False,True,False
1,50,112.78,0,5639.0,True,False,True,False,True,False
0,7,105.84,1,740.88,True,True,False,True,False,False
0,50,49.5,0,2475.0,False,True,False,False,False,False
1,60,113.29,0,6797.4,False,True,False,False,False,False
0,7,27.08,0,189.56,False,True,False,False,False,True
0,40,52.99,0,2119.6,True,False,True,False,True,False
0,45,83.99,0,3779.55,False,False,False,True,False,False
0,59,72.69,1,4288.71,True,False,True,True,False,False
1,55,74.24,0,4083.2,False,False,False,False,True,False
0,64,99.49,0,6367.36,False,False,True,False,True,False
0,65,39.47,1,2565.55,True,True,False,True,False,False
1,54,118.21,0,6383.34,True,False,True,True,False,False
1,40,63.75,0,2550.0,True,True,False,True,False,False
0,53,114.98,0,6093.94,True,False,True,False,False,True
0,44,58.31,1,2565.64,True,True,False,False,False,False
1,63,80.18,0,5051.34,True,False,False,True,False,False
0,2,65.03,1,130.06,False,True,False,False,False,False
1,21,87.59,0,1839.39,False,False,True,False,True,False
0,50,38.36,0,1918.0,True,True,False,False,False,False
1,52,60.06,0,3123.12,False,False,False,False,False,False
1,9,26.84,0,241.56,True,False,False,False,False,False
1,20,79.81,1,1596.2,False,False,True,False,True,False
0,18,116.27,0,2092.86,False,True,False,False,False,False
0,30,24.59,0,737.7,True,False,True,False,False,False
0,65,85.96,0,5587.4,True,True,False,False,False,True
0,24,97.51,1,2340.24,True,False,False,False,True,False
1,47,41.31,0,1941.57,False,False,True,False,False,False
1,44,47.31,0,2081.64,True,False,False,False,True,False
1,29,40.16,0,1164.64,False,True,False,True,False,False
0,68,49.74,1,3382.32,True,False,False,False,False,False
0,17,31.01,0,527.17,False,True,False,False,True,False
0,5,57.03,0,285.15,False,False,True,False,False,False
1,50,56.89,0,2844.5,True,True,False,False,False,False
0,40,100.73,0,4029.2,False,True,False,True,False,False
0,46,100.1,0,4604.6,False,False,True,False,False,True
1,51,99.67,0,5083.17,True,False,True,False,True,False
1,11,76.7,1,843.7,False,False,False,False,False,False
0,12,52.59,1,631.08,True,True,False,True,False,False
1,13,61.1,1,794.3,True,True,False,True,False,False
0,64,51.77,0,3313.28,True,False,False,False,False,True
1,8,78.19,1,625.52,True,True,False,False,False,True
1,65,113.8,0,7397.0,False,True,False,True,False,False
1,9,48.45,0,436.05,False,False,True,True,False,False
0,2,65.89,0,131.78,False,False,True,False,True,False
0,13,85.51,0,1111.63,True,False,True,False,True,False
0,2,104.47,0,208.94,False,False,False,True,False,False
1,68,45.33,0,3082.44,False,False,True,True,False,False
1,48,48.03,0,2305.44,True,False,False,False,False,True
1,3,108.52,0,325.56,True,False,True,False,True,False
1,68,28.03,0,1906.04,False,True,False,True,False,False
0,6,80.54,1,483.24,True,True,False,False,True,False
0,5,106.05,1,530.25,True,False,True,False,True,False
0,3,112.17,1,336.51,True,False,True,True,False,False
1,10,21.27,1,212.7,True,False,False,True,False,False
1,43,56.97,1,2449.71,False,True,False,False,False,False
0,19,45.73,0,868.87,True,False,True,False,True,False
1,14,76.8,1,1075.2,True,False,True,False,True,False
0,21,83.29,0,1749.09,True,True,False,False,False,True
1,43,119.98,1,5159.14,True,False,True,False,False,True
1,28,71.28,0,1995.84,True,True,False,False,False,True
0,21,75.15,0,1578.15,True,False,True,False,True,False
0,36,61.43,1,2211.48,True,True,False,True,False,False
1,24,34.77,0,834.48,True,False,False,True,False,False
0,54,50.33,0,2717.82,False,False,True,True,False,False
0,38,44.7,0,1698.6,True,False,True,False,True,False
1,17,100.12,0,1702.04,False,False,True,True,False,False
1,22,74.58,1,1640.76,True,False,False,False,False,True
1,45,49.62,0,2232.9,True,False,True,True,False,False
0,61,68.91,0,4203.51,True,False,True,True,False,False
1,11,41.89,1,460.79,True,True,False,False,False,True
1,61,38.51,1,2349.11,False,False,True,False,False,False
1,38,105.99,0,4027.62,True,False,True,False,False,False
1,66,114.48,1,7555.68,True,True,False,False,False,False
1,33,28.0,0,924.0,False,False,False,False,True,False
0,43,96.49,0,4149.07,False,False,False,False,True,False
1,31,65.33,1,2025.23,True,True,False,False,False,True
1,35,58.9,1,2061.5,False,False,False,False,False,False
0,37,88.94,0,3290.78,False,False,False,False,True,False
1,47,46.63,0,2191.61,False,False,True,True,False,False
1,23,22.06,0,507.38,True,False,True,False,False,False
0,36,41.4,1,1490.4,True,False,True,False,False,False
1,40,38.49,1,1539.6,True,False,False,False,True,False
0,15,23.4,0,351.0,False,False,True,False,False,False
1,37,52.13,0,1928.81,True,False,False,False,False,True
0,4,67.45,0,269.8,False,False,True,False,False,True
0,22,93.58,1,2058.76,True,False,False,False,True,False
1,22,52.57,0,1156.54,True,True,False,False,False,False
0,17,39.45,0,670.65,False,True,False,False,False,True
0,38,43.06,1,1636.28,True,False,True,False,False,False
1,24,109.12,0,2618.88,False,False,False,False,False,True
1,6,40.47,0,242.82,False,True,False,False,False,True
0,68,107.92,0,7338.56,True,True,False,False,False,False
1,6,64.71,0,388.26,False,False,True,False,True,False
0,26,113.44,1,2949.44,True,False,True,False,True,False
0,41,60.81,0,2493.21,True,False,False,False,True,False
1,38,37.77,0,1435.26,False,True,False,False,False,False
1,43,74.9,0,3220.7,True,False,False,False,False,False
0,53,78.77,0,4174.81,False,False,False,False,False,False
1,15,83.55,0,1253.25,True,False,True,False,True,False
1,56,61.15,0,3424.4,True,False,False,False,False,False
0,56,24.86,1,1392.16,True,False,False,False,True,False
0,31,82.67,1,2562.77,True,True,False,False,False,True
0,57,113.3,1,6458.1,True,False,False,False,True,False
0,51,115.76,0,5903.76,False,True,False,False,True,False
0,24,79.69,1,1912.56,False,True,False,True,False,False
0,58,21.99,1,1275.42,False,False,False,True,False,False
1,4,30.6,0,122.4,False,False,False,False,True,False
0,10,103.4,0,1034.0,False,True,False,True,False,False
1,63,102.97,0,6487.11,False,False,False,False,False,False
1,15,114.6,0,1719.0,True,True,False,True,False,False
0,63,76.38,1,4811.94,True,False,False,True,False,False
1,19,106.38,0,2021.22,False,True,False,True,False,False
0,63,102.49,0,6456.87,False,True,False,False,True,False
1,56,78.94,0,4420.64,True,False,True,False,False,True
0,21,98.36,0,2065.56,True,False,False,False,False,True
0,34,32.57,1,1107.38,True,True,False,False,False,True
0,17,83.92,0,1426.64,False,True,False,False,False,True
0,18,115.35,0,2076.3,False,False,False,False,False,True
1,66,36.2,0,2389.2,False,False,False,False,False,True
1,51,94.4,1,4814.4,True,False,False,False,True,False
1,65,52.08,0,3385.2,True,False,True,False,False,False
1,43,101.71,1,4373.53,False,False,False,False,False,False
1,57,89.72,0,5114.04,False,False,True,False,False,True
0,10,112.62,0,1126.2,True,False,False,True,False,False
0,37,91.19,0,3374.03,True,False,True,True,False,False
0,48,61.03,0,2929.44,True,False,False,False,True,False
0,69,21.09,0,1455.21,True,False,True,False,False,True
0,56,99.29,0,5560.24,False,True,False,False,False,True
1,36,60.85,0,2190.6,True,False,True,True,False,False
0,31,87.06,0,2698.86,True,False,True,False,False,True
0,55,30.51,0,1678.05,True,True,False,False,False,True
1,38,109.1,0,4145.8,False,False,False,True,False,False
1,15,63.57,1,953.55,False,True,False,False,False,False
0,16,111.97,0,1791.52,True,True,False,False,False,False
0,53,90.7,0,4807.1,True,True,False,False,True,False
1,56,32.15,0,1800.4,True,False,True,True,False,False
0,7,77.92,0,545.44,False,True,False,False,True,False
0,57,110.99,0,6326.43,False,False,False,False,False,True
0,55,100.0,0,5500.0,False,False,True,True,False,False
1,52,61.8,1,3213.6,True,False,True,False,False,False
0,4,115.51,1,462.04,False,True,False,False,False,True
0,43,46.86,0,2014.98,True,False,True,False,False,False
1,40,57.51,0,2300.4,True,False,False,False,False,False
1,30,94.97,0,2849.1,True,False,True,False,True,False
1,10,43.29,0,432.9,False,True,False,True,False,False
0,7,71.54,0,500.78,True,True,False,True,False,False
1,36,92.88,1,3343.68,False,True,False,True,False,False
0,35,84.4,0,2954.0,False,False,True,False,True,False
1,39,35.54,0,1386.06,True,True,False,False,False,False
0,36,82.97,0,2986.92,True,False,True,False,True,False
1,20,77.27,1,1545.4,False,True,False,True,False,False
0,49,75.78,0,3713.22,True,True,False,False,False,True
0,59,102.6,0,6053.4,False,True,False,True,False,False
1,49,38.39,0,1881.11,True,False,False,True,False,False
1,26,95.16,0,2474.16,False,False,False,False,False,False
0,36,96.09,0,3459.24,False,True,False,True,False,False
1,43,92.26,0,3967.18,False,True,False,True,False,False
0,43,70.6,0,3035.8,False,False,True,False,False,False
1,33,59.55,1,1965.15,True,False,True,True,False,False
1,45,59.47,0,2676.15,True,False,False,True,False,False
0,45,93.38,0,4202.1,False,False,True,False,False,False
1,15,69.79,0,1046.85,False,False,True,False,False,True
1,17,53.84,0,915.28,True,False,True,False,False,False
0,12,82.55,1,990.6,True,False,True,True,False,False
0,22,103.7,0,2281.4,True,False,False,False,True,False
1,23,26.15,0,601.45,True,False,False,False,False,True
0,12,117.21,0,1406.52,True,False,True,False,False,False
1,68,29.67,1,2017.56,True,False,True,False,False,True
1,51,71.17,0,3629.67,False,False,False,False,False,True
0,13,76.02,0,988.26,True,True,False,False,True,False
0,57,33.82,0,1927.74,True,False,True,False,True,False
0,55,111.56,0,6135.8,False,True,False,False,True,False
0,28,67.15,1,1880.2,True,False,True,True,False,False
0,44,34.31,0,1509.64,True,False,False,False,False,False
0,19,91.16,0,1732.04,True,False,True,True,False,False
1,46,86.34,0,3971.64,True,True,False,False,False,False
1,3,116.29,0,348.87,True,False,False,True,False,False
0,20,64.15,0,1283.0,False,False,True,True,False,False
1,25,46.78,1,1169.5,True,False,True,False,True,False
1,56,26.0,0,1456.0,False,False,False,True,False,False
1,61,93.31,0,5691.91,False,False,True,False,True,False
1,55,81.73,0,4495.15,True,False,False,False,False,False
0,35,117.26,1,4104.1,False,False,True,False,True,False
1,59,91.22,0,5381.98,True,False,False,False,False,True
1,39,113.32,0,4419.48,False,False,True,False,False,True
0,57,119.16,1,6792.12,False,False,False,True,False,False
0,67,62.84,0,4210.28,True,False,False,False,False,True
0,34,35.03,0,1191.02,True,False,True,False,False,False
0,41,39.59,0,1623.19,True,False,False,True,False,False
1,22,51.84,0,1140.48,True,False,True,False,True,False
0,27,70.89,0,1914.03,True,False,True,True,False,False
1,21,32.24,1,677.04,False,False,True,True,False,False
1,41,50.17,0,2056.97,False,False,False,False,False,True
0,31,50.78,0,1574.18,False,False,True,True,False,False
0,27,20.41,0,551.07,False,False,False,False,False,False
0,37,55.42,0,2050.54,False,True,False,True,False,False
0,66,31.62,1,2086.92,False,True,False,False,True,False
0,54,62.97,0,3400.38,False,True,False,False,True,False
0,9,39.65,1,356.85,True,False,True,False,False,True
1,42,102.21,1,4292.82,True,False,False,True,False,False
1,36,28.05,1,1009.8,False,False,True,False,True,False
1,10,106.57,0,1065.7,False,False,False,True,False,False
1,59,78.05,0,4604.95,True,True,False,True,False,False
0,40,65.86,0,2634.4,True,True,False,False,True,False
0,54,74.97,0,4048.38,True,True,False,True,False,False
1,39,57.61,0,2246.79,True,False,True,False,False,True
1,7,32.76,0,229.32,False,False,True,False,False,True
1,4,96.59,1,386.36,True,False,False,False,True,False
0,15,112.79,0,1691.85,False,False,False,False,False,False
0,48,115.01,0,5520.48,False,True,False,False,False,False
0,6,87.07,0,522.42,False,False,True,True,False,False
1,35,61.03,0,2136.05,True,False,True,False,False,True
1,71,67.84,0,4816.64,True,False,False,False,True,False
0,68,85.7,0,5827.6,False,False,False,False,False,True
0,58,102.31,0,5933.98,False,False,True,False,False,False
1,19,57.46,0,1091.74,False,False,True,False,False,False
1,62,111.68,0,6924.16,True,False,False,True,False,False
0,71,52.43,0,3722.53,False,False,True,False,True,False
1,10,73.09,0,730.9,True,False,True,True,False,False
0,25,116.14,0,2903.5,False,True,False,False,False,True
0,44,113.82,0,5008.08,False,False,True,False,False,True
1,58,89.57,0,5195.06,False,False,True,False,False,False
1,25,52.46,0,1311.5,True,False,True,True,False,False
1,40,41.9,1,1676.0,True,False,False,False,False,True
0,70,28.01,0,1960.7,False,True,False,False,False,True
1,10,90.87,0,908.7,True,False,False,False,False,True
1,66,70.35,1,4643.1,False,True,False,False,True,False
0,25,77.23,0,1930.75,True,True,False,False,False,False
0,71,67.24,0,4774.04,True,False,True,True,False,False
1,11,68.29,1,751.19,True,True,False,False,False,True
0,36,77.13,0,2776.68,False,True,False,False,True,False
0,49,111.43,1,5460.07,True,False,True,False,False,True
0,48,22.94,0,1101.12,True,False,True,False,False,True
1,7,100.16,0,701.12,False,True,False,False,False,False
1,51,59.05,0,3011.55,False,False,False,False,True,False
0,17,94.49,0,1606.33,False,True,False,False,False,True
0,32,114.85,0,3675.2,False,False,False,False,False,False
0,26,50.63,1,1316.38,True,False,False,False,True,False
1,22,28.96,0,637.12,True,True,False,False,False,True
0,13,43.23,1,561.99,True,False,False,True,False,False
0,12,42.21,0,506.52,True,True,False,False,False,False
1,71,94.18,1,6686.78,True,False,False,False,False,True
0,1,26.19,0,26.19,False,False,False,False,False,True
1,33,25.09,0,827.97,True,True,False,False,True,False
1,14,89.36,0,1251.04,True,False,True,True,False,False
1,64,75.67,0,4842.88,True,False,True,False,False,False
0,43,61.78,0,2656.54,False,True,False,False,True,False
0,58,77.54,0,4497.32,False,True,False,False,False,True
1,41,93.52,0,3834.32,True,False,True,False,False,False
0,68,30.35,0,2063.8,False,False,True,False,False,True
1,39,75.33,0,2937.87,False,False,False,False,False,True
0,1,102.44,1,102.44,False,False,False,True,False,False
1,41,56.24,0,2305.84,False,False,False,False,False,True
1,45,96.3,0,4333.5,False,False,True,False,False,False
0,13,104.54,1,1359.02,False,True,False,False,False,True
0,71,102.09,0,7248.39,False,False,False,False,False,False
0,9,85.04,1,765.36,True,True,False,True,False,False
0,63,91.73,1,5778.99,True,False,True,False,False,True
1,23,98.77,0,2271.71,False,False,False,False,True,False
1,54,93.37,1,5041.98,True,False,True,False,False,False
0,47,65.17,0,3062.99,True,True,False,False,False,True
0,39,35.91,1,1400.49,False,False,False,False,True,False
1,26,50.97,0,1325.22,True,True,False,False,False,False
0,1,40.72,0,40.72,False,True,False,False,True,False
0,14,56.14,0,785.96,False,False,False,False,False,True
0,65,68.93,1,4480.45,False,False,False,True,False,False
0,69,115.9,0,7997.1,True,False,True,True,False,False
1,67,115.95,0,7768.65,True,False,False,False,True,False
1,49,96.96,0,4751.04,True,False,False,False,False,True
0,50,118.01,1,5900.5,True,False,False,False,False,True
1,58,119.8,0,6948.4,False,False,False,False,False,False
0,53,108.53,0,5752.09,False,False,False,False,False,True
0,57,27.95,0,1593.15,True,False,True,True,False,False
0,18,62.6,0,1126.8,False,True,False,False,False,True
1,16,73.41,0,1174.56,False,False,True,False,False,False
1,2,32.41,1,64.82,True,True,False,False,False,False
1,13,100.86,1,1311.18,False,False,False,False,False,True
1,45,34.87,0,1569.15,True,False,True,False,False,True
1,43,58.33,1,2508.19,False,True,False,False,False,False
0,54,26.89,1,1452.06,True,True,False,False,False,False
0,31,72.46,1,2246.26,False,False,False,False,True,False
1,9,79.7,1,717.3,False,False,False,True,False,False
1,48,93.52,0,4488.96,True,True,False,True,False,False
1,18,53.95,0,971.1,True,False,True,False,True,False
0,11,79.05,0,869.55,True,True,False,False,True,False
1,62,93.41,1,5791.42,True,False,True,True,False,False
0,19,96.2,1,1827.8,False,False,True,False,False,False
0,24,50.16,0,1203.84,False,True,False,True,False,False
1,13,26.77,1,348.01,True,False,True,False,False,False
0,46,23.76,0,1092.96,False,True,False,True,False,False
0,53,96.81,0,5130.93,True,True,False,False,False,False
1,29,58.54,0,1697.66,True,False,False,True,False,False
0,36,33.39,1,1202.04,False,True,False,False,True,False
1,71,38.45,0,2729.95,False,True,False,False,False,True
0,17,96.62,0,1642.54,True,False,False,False,False,True
1,48,79.89,0,3834.72,True,False,False,False,False,True
1,24,70.14,1,1683.36,True,False,True,False,False,False
0,54,82.3,0,4444.2,False,False,True,False,False,True
1,1,33.75,1,33.75,False,False,False,True,False,False
0,67,51.9,0,3477.3,False,False,False,False,False,True
0,6,57.41,0,344.46,False,False,False,False,False,False
1,55,51.45,0,2829.75,True,True,False,False,False,False
0,38,106.44,1,4044.72,True,True,False,False,False,False
1,33,78.14,0,2578.62,True,True,False,True,False,False
0,8,92.93,0,743.44,True,False,False,False,False,False
0,20,43.67,0,873.4,True,False,True,True,False,False
1,55,46.41,1,2552.55,True,False,True,False,False,False
0,48,42.53,0,2041.44,False,True,False,False,True,False
0,56,88.8,0,4972.8,False,True,False,False,False,False
0,10,54.9,0,549.0,True,False,False,False,False,True
0,52,60.51,0,3146.52,True,False,False,False,False,True
0,50,90.91,0,4545.5,False,False,True,False,True,False
0,34,117.18,0,3984.12,False,False,True,False,False,False
0,36,36.19,0,1302.84,False,False,False,False,False,True
0,61,26.27,0,1602.47,False,False,True,False,False,True
1,16,39.48,0,631.68,True,False,True,True,False,False
0,18,93.5,0,1683.0,True,True,False,True,False,False
0,71,39.46,1,2801.66,True,False,False,False,False,False
1,47,78.44,0,3686.68,True,False,False,False,True,False
1,32,79.03,0,2528.96,True,False,False,False,False,False
1,43,49.44,1,2125.92,False,True,False,True,False,False
0,40,26.87,0,1074.8,True,False,False,True,False,False
1,65,59.92,0,3894.8,False,False,True,False,False,False
1,35,38.68,0,1353.8,True,True,False,False,False,False
0,69,38.45,0,2653.05,True,True,False,False,False,False
0,50,72.26,0,3613.0,True,False,False,False,False,False
1,12,87.31,1,1047.72,True,False,True,False,True,False
1,58,27.54,0,1597.32,True,False,False,False,False,True
0,63,77.83,0,4903.29,False,False,True,False,False,False
0,49,44.62,1,2186.38,False,False,False,False,False,True
0,36,87.33,0,3143.88,False,False,True,True,False,False
0,54,101.02,0,5455.08,True,False,True,False,False,True
0,47,100.7,0,4732.9,True,False,True,False,False,False
1,32,56.99,1,1823.68,False,True,False,False,False,True
0,53,76.73,0,4066.69,True,False,False,False,False,False
0,32,99.37,0,3179.84,True,False,False,False,False,False
0,62,26.08,0,1616.96,False,False,False,True,False,False
0,37,80.56,0,2980.72,True,True,False,False,False,False
0,38,103.65,0,3938.7,False,False,True,True,False,False
1,30,57.24,0,1717.2,True,True,False,False,True,False
0,58,65.54,0,3801.32,False,True,False,False,False,False
1,32,89.87,1,2875.84,True,False,True,True,False,False
0,66,26.79,1,1768.14,True,False,False,True,False,False
1,51,58.56,1,2986.56,False,True,False,False,False,False
1,11,49.57,0,545.27,True,False,True,False,False,True
0,59,21.7,0,1280.3,True,False,True,True,False,False
0,20,39.6,0,792.0,False,False,False,False,True,False
0,37,59.59,0,2204.83,True,False,True,False,False,True
0,49,39.74,0,1947.26,False,False,True,False,False,True
0,19,80.24,0,1524.56,True,False,True,False,False,False
1,55,64.87,0,3567.85,True,False,False,True,False,False
0,40,23.95,0,958.0,True,False,False,False,True,False
0,7,47.5,0,332.5,True,False,True,True,False,False
1,5,21.95,0,109.75,False,False,True,False,True,False
0,42,55.81,1,2344.02,True,False,False,True,False,False
1,48,45.91,0,2203.68,False,False,False,False,False,False
0,7,88.82,1,621.74,True,False,False,False,True,False
1,11,50.74,1,558.14,True,True,False,False,False,False
0,49,57.52,1,2818.48,True,False,False,True,False,False
1,30,92.53,1,2775.9,True,False,True,False,True,False
1,41,68.09,0,2791.69,False,False,False,False,True,False
0,3,75.65,0,226.95,False,False,True,True,False,False
0,40,104.13,1,4165.2,False,False,True,False,False,False
0,51,40.69,0,2075.19,False,False,True,False,True,False
1,32,118.92,0,3805.44,True,False,False,False,True,False
1,48,110.01,0,5280.48,False,False,False,False,True,False
1,71,48.66,0,3454.86,False,False,False,True,False,False
0,71,109.29,1,7759.59,True,False,False,False,False,True
0,20,95.4,0,1908.0,True,False,False,True,False,False
1,35,113.08,0,3957.8,True,True,False,False,False,False
0,24,89.11,1,2138.64,True,False,False,False,False,True
1,40,87.45,0,3498.0,False,True,False,False,True,False
0,52,20.35,1,1058.2,False,False,True,False,True,False
0,39,67.46,1,2630.94,True,False,True,False,False,True
1,68,40.03,1,2722.04,True,False,True,False,True,False
0,61,52.41,0,3197.01,True,False,True,False,True,False
0,65,117.88,1,7662.2,False,True,False,True,False,False
0,62,28.55,0,1770.1,False,True,False,True,False,False
0,2,92.25,0,184.5,True,False,True,False,False,False
0,6,37.29,0,223.74,True,False,False,False,True,False
1,43,20.74,0,891.82,False,False,True,False,False,False
0,40,70.14,1,2805.6,True,False,True,False,False,False
1,39,36.12,0,1408.68,True,True,False,False,False,True
0,28,116.55,0,3263.4,False,False,True,False,False,True
0,63,40.37,0,2543.31,True,True,False,False,True,False
1,64,39.2,1,2508.8,False,True,False,False,False,True
1,12,23.22,1,278.64,True,False,True,False,False,False
0,41,52.98,0,2172.18,True,False,False,True,False,False
0,29,22.41,0,649.89,False,True,False,False,False,True
1,23,69.89,0,1607.47,False,True,False,False,False,False
1,51,70.56,0,3598.56,True,True,False,False,False,True
1,45,25.32,0,1139.4,False,False,True,False,True,False
1,22,44.01,1,968.22,True,False,True,False,False,True
0,10,103.21,0,1032.1,True,True,False,True,False,False
0,7,66.25,0,463.75,False,False,False,False,True,False
0,15,63.46,1,951.9,True,False,True,False,False,True
0,46,89.88,0,4134.48,True,False,False,True,False,False
0,61,91.49,0,5580.89,False,False,False,False,False,False
1,61,96.2,1,5868.2,False,False,True,False,False,True
1,51,103.05,0,5255.55,True,True,False,False,False,True
1,38,43.23,0,1642.74,False,False,False,False,False,False
0,12,26.64,1,319.68,False,True,False,False,False,False
1,66,58.03,0,3829.98,False,False,False,False,False,True
0,54,105.51,0,5697.54,False,True,False,True,False,False
0,39,27.8,0,1084.2,True,False,True,False,False,False
0,39,77.6,0,3026.4,True,False,False,False,False,False
1,30,90.11,0,2703.3,True,False,False,True,False,False
0,48,68.14,0,3270.72,False,False,False,False,False,True
0,31,45.52,1,1411.12,False,True,False,False,True,False
1,25,52.63,1,1315.75,False,False,False,False,False,True
0,68,27.17,0,1847.56,False,False,False,False,False,True
1,51,49.26,0,2512.26,False,True,False,False,True,False
0,13,24.44,0,317.72,False,True,False,False,False,True
1,63,92.63,1,5835.69,False,False,True,False,False,True
0,42,109.8,0,4611.6,True,True,False,False,False,False
0,54,83.35,0,4500.9,True,False,False,True,False,False
1,67,85.67,0,5739.89,False,False,False,False,False,True
0,56,67.21,0,3763.76,False,False,True,False,True,False
1,19,35.6,0,676.4,False,False,True,False,True,False
0,46,20.77,0,955.42,True,False,False,False,False,False
1,15,54.4,0,816.0,True,True,False,False,False,True
0,32,95.15,0,3044.8,False,False,False,False,False,True
0,49,116.04,1,5685.96,False,False,True,False,False,True
0,21,63.11,0,1325.31,True,False,False,False,False,True
1,65,56.54,0,3675.1,True,False,False,False,True,False
1,70,64.6,1,4522.0,True,False,False,False,True,False
1,27,62.78,0,1695.06,True,False,True,False,False,False
1,23,82.59,0,1899.57,False,False,True,False,False,True
1,47,93.41,0,4390.27,True,False,True,False,True,False
0,12,98.5,1,1182.0,True,True,False,False,False,True
0,66,84.96,0,5607.36,False,False,True,True,False,False
0,5,63.77,0,318.85,True,True,False,True,False,False
0,9,115.01,0,1035.09,True,True,False,False,True,False
0,20,91.1,0,1822.0,True,False,True,True,False,False
1,63,62.67,0,3948.21,False,True,False,True,False,False
0,71,64.66,1,4590.86,True,True,False,False,True,False
1,30,101.8,0,3054.0,False,False,False,False,False,False
0,16,64.05,1,1024.8,False,True,False,True,False,False
1,5,71.63,0,358.15,True,True,False,False,False,True
1,29,49.16,1,1425.64,True,False,True,True,False,False
1,47,103.89,1,4882.83,True,False,False,False,False,False
0,22,72.23,0,1589.06,True,True,False,False,False,False
0,57,75.25,1,4289.25,False,True,False,False,False,False
0,35,108.07,0,3782.45,True,True,False,False,False,False
0,60,112.05,0,6723.0,True,False,True,False,False,False
1,70,102.42,0,7169.4,True,False,True,True,False,False
1,60,26.54,0,1592.4,False,False,False,True,False,False
1,58,64.35,1,3732.3,True,True,False,True,False,False
1,3,54.33,0,162.99,True,False,False,True,False,False
0,34,41.35,0,1405.9,False,False,True,False,False,False
1,45,110.9,0,4990.5,False,True,False,False,False,False
0,50,109.01,0,5450.5,True,True,False,False,False,True
1,2,66.53,1,133.06,True,False,False,True,False,False
1,15,33.46,1,501.9,True,True,False,False,False,False
1,37,21.34,0,789.58,True,False,True,False,False,True
0,15,63.85,0,957.75,True,False,False,False,False,True
0,60,24.0,0,1440.0,False,False,False,False,True,False
1,64,80.96,0,5181.44,False,True,False,True,False,False
1,52,80.84,0,4203.68,True,False,True,False,False,False
1,23,109.89,0,2527.47,True,True,False,True,False,False
0,37,39.0,1,1443.0,False,False,False,False,False,True
0,41,57.14,0,2342.74,True,False,False,True,False,False
0,57,105.95,0,6039.15,True,False,True,False,True,False
1,25,67.43,1,1685.75,True,False,False,False,True,False
0,37,25.97,0,960.89,True,False,True,False,False,False
1,40,31.08,0,1243.2,True,True,False,False,False,False
0,46,101.35,0,4662.1,False,False,True,False,False,False
1,60,94.37,0,5662.2,True,True,False,False,False,False
1,19,107.59,0,2044.21,True,True,False,True,False,False
0,9,31.89,0,287.01,True,False,False,True,False,False
1,69,96.04,1,6626.76,False,True,False,False,False,True
1,5,85.51,1,427.55,False,False,False,False,False,True
1,26,43.23,0,1123.98,False,False,True,False,False,False
0,19,117.39,0,2230.41,False,False,True,True,False,False
1,30,77.04,0,2311.2,True,True,False,False,False,False
0,48,110.69,0,5313.12,False,False,True,False,False,True
0,16,105.91,0,1694.56,True,True,False,True,False,False
1,71,53.31,0,3785.01,True,False,True,False,False,False
0,18,73.6,0,1324.8,False,True,False,False,True,False
1,56,63.14,1,3535.84,False,True,False,False,False,True
0,21,90.91,0,1909.11,False,False,True,False,True,False
1,31,78.8,0,2442.8,False,False,True,False,True,False
0,1,98.49,1,98.49,False,False,True,True,False,False
1,3,21.18,0,63.54,True,False,True,False,True,False
1,25,88.78,0,2219.5,False,True,False,False,True,False
1,8,51.91,1,415.28,False,True,False,False,False,False
1,65,42.42,0,2757.3,False,False,True,True,False,False
0,62,100.12,0,6207.44,True,False,True,False,False,False
0,7,28.92,0,202.44,False,False,False,False,False,False
1,7,42.85,0,299.95,True,True,False,False,False,False
0,8,40.37,0,322.96,False,True,False,True,False,False
1,19,61.98,0,1177.62,False,False,True,False,False,True
1,17,52.23,0,887.91,True,False,False,True,False,False
0,11,92.05,0,1012.55,False,False,True,False,False,False
0,49,89.94,1,4407.06,True,True,False,False,False,True
1,11,52.55,0,578.05,True,True,False,False,True,False
0,41,63.7,0,2611.7,True,False,False,False,False,True
1,62,40.79,1,2528.98,False,False,True,True,False,False
0,52,87.08,0,4528.16,False,False,False,False,False,False
0,66,59.62,0,3934.92,False,False,True,False,True,False
0,68,33.28,0,2263.04,True,False,False,False,True,False
0,67,32.73,1,2192.91,False,False,True,False,False,False
0,40,52.23,1,2089.2,True,False,True,False,True,False
1,5,94.73,1,473.65,False,False,True,False,True,False
0,22,22.55,0,496.1,True,True,False,False,True,False
0,37,45.78,0,1693.86,True,False,True,True,False,False
1,11,36.25,0,398.75,True,True,False,False,False,True
1,44,115.65,1,5088.6,False,False,False,True,False,False
1,53,90.53,0,4798.09,True,False,True,False,True,False
0,61,43.32,0,2642.52,True,True,False,True,False,False
0,67,40.75,0,2730.25,True,False,False,False,True,False
1,13,105.8,0,1375.4,True,False,True,True,False,False
1,11,39.02,0,429.22,True,False,False,False,False,True
1,11,119.71,0,1316.81,True,True,False,False,False,False
1,7,48.23,0,337.61,False,True,False,False,False,True
0,17,28.43,0,483.31,False,False,True,True,False,False
0,48,89.09,0,4276.32,True,True,False,True,False,False
0,14,80.96,0,1133.44,False,True,False,False,False,True
0,63,119.98,0,7558.74,False,False,False,True,False,False
0,64,100.21,0,6413.44,True,False,True,False,False,False
1,65,62.88,1,4087.2,True,False,True,False,False,False
0,34,87.66,0,2980.44,True,False,True,False,False,True
1,9,101.78,0,916.02,False,False,False,False,True,False
1,37,71.37,0,2640.69,True,True,False,False,False,False
1,30,47.29,0,1418.7,False,False,True,True,False,False
0,41,41.01,0,1681.41,True,False,True,False,True,False
1,45,49.53,1,2228.85,False,False,False,False,False,False
0,47,104.81,0,4926.07,True,False,False,False,True,False
1,7,58.04,1,406.28,True,False,True,True,False,False
0,14,48.67,1,681.38,False,False,True,False,False,True
1,48,100.59,0,4828.32,False,False,False,False,False,True
0,6,23.19,0,139.14,False,False,False,True,False,False
1,34,79.4,0,2699.6,False,False,False,False,False,True
1,46,107.36,0,4938.56,False,False,False,True,False,False
1,59,61.01,1,3599.59,False,True,False,False,False,True
1,70,46.93,0,3285.1,True,True,False,False,False,False
0,8,69.17,0,553.36,False,False,True,False,False,True
0,24,91.75,0,2202.0,True,True,False,False,True,False
0,67,71.66,0,4801.22,True,False,False,False,False,True
1,4,20.76,0,83.04,False,False,True,False,False,True
1,1,27.83,0,27.83,True,False,False,False,False,True
1,34,92.13,1,3132.42,False,True,False,False,False,True
1,9,60.0,0,540.0,False,False,False,False,False,False
1,63,98.48,0,6204.24,True,False,True,True,False,False
1,10,84.95,0,849.5,True,True,False,False,False,False
0,10,78.15,1,781.5,False,False,True,False,False,False
0,50,110.14,1,5507.0,False,True,False,False,True,False
0,44,22.13,1,973.72,True,False,False,True,False,False
0,48,35.5,0,1704.0,True,False,True,True,False,False
0,6,82.44,0,494.64,True,True,False,False,True,False
0,24,26.58,0,637.92,True,True,False,True,False,False
0,58,84.5,0,4901.0,False,True,False,False,False,True
0,64,118.41,1,7578.24,False,True,False,True,False,False
1,56,107.88,0,6041.28,False,False,False,False,True,False
1,12,79.09,0,949.08,False,False,False,False,True,False
1,35,109.4,1,3829.0,True,True,False,False,True,False
1,71,31.63,0,2245.73,True,False,False,False,True,False
1,6,65.47,0,392.82,False,False,False,False,False,False
1,65,62.87,0,4086.55,False,True,False,True,False,False
1,60,53.64,0,3218.4,False,False,False,False,False,False
0,68,20.02,0,1361.36,False,False,True,False,True,False
0,29,109.1,1,3163.9,False,False,True,False,True,False
1,38,97.77,0,3715.26,False,False,False,False,False,False
0,22,85.29,0,1876.38,False,True,False,False,False,True
0,8,32.9,0,263.2,False,False,True,True,False,False
0,63,57.82,0,3642.66,False,False,False,False,False,False
0,13,112.43,0,1461.59,True,False,False,True,False,False
0,27,81.69,1,2205.63,False,True,False,False,True,False
1,18,80.34,0,1446.12,True,True,False,False,True,False
0,18,111.31,0,2003.58,True,False,False,False,True,False
1,62,75.98,0,4710.76,False,True,False,True,False,False
1,14,79.76,0,1116.64,False,False,True,True,False,False
1,11,54.57,0,600.27,True,False,True,False,False,False
0,17,57.14,0,971.38,True,False,False,False,True,False
1,51,88.56,0,4516.56,False,False,False,False,False,False
1,14,52.04,0,728.56,True,True,False,False,False,True
1,57,75.91,0,4326.87,False,False,True,False,True,False
1,6,47.92,1,287.52,False,True,False,False,True,False
0,57,36.61,0,2086.77,False,False,False,False,False,True
1,4,65.44,0,261.76,True,False,False,False,False,False
1,11,41.74,0,459.14,True,False,False,True,False,False
1,11,109.85,0,1208.35,False,False,False,False,True,False
1,8,50.36,0,402.88,True,False,False,True,False,False
0,59,79.74,1,4704.66,True,False,False,False,True,False
1,21,46.34,1,973.14,True,True,False,False,True,False
1,65,45.8,0,2977.0,True,True,False,True,False,False
1,24,55.06,0,1321.44,True,True,False,False,True,False
1,30,111.59,0,3347.7,True,False,True,False,False,True
1,57,59.15,0,3371.55,True,True,False,False,False,False
1,17,102.13,0,1736.21,False,False,False,False,False,True
0,59,39.73,1,2344.07,True,True,False,False,False,False
1,31,24.82,0,769.42,True,True,False,False,False,True
0,64,98.17,0,6282.88,True,False,True,False,False,True
0,48,74.19,0,3561.12,True,False,False,False,False,False
1,23,70.37,0,1618.51,True,False,True,False,True,False
0,70,47.22,0,3305.4,True,False,True,True,False,False
1,30,27.23,1,816.9,True,False,True,True,False,False
0,55,68.29,0,3755.95,True,True,False,True,False,False
1,7,106.72,0,747.04,False,False,False,False,True,False
0,12,32.0,1,384.0,True,False,False,False,False,True
0,60,112.92,1,6775.2,True,False,True,False,False,True
1,52,47.47,1,2468.44,True,False,False,False,False,True
0,27,73.22,0,1976.94,True,False,False,False,True,False
0,12,26.65,1,319.8,False,False,True,False,False,False
0,13,62.5,1,812.5,False,True,False,False,True,False
0,62,32.59,1,2020.58,False,False,True,True,False,False
0,29,24.8,1,719.2,False,False,True,False,False,True
1,35,116.66,1,4083.1,False,True,False,False,True,False
0,60,93.01,0,5580.6,False,True,False,False,True,False
0,29,91.91,0,2665.39,False,True,False,False,True,False
1,31,29.05,0,900.55,False,True,False,False,False,False
1,61,112.94,0,6889.34,False,False,True,False,False,True
1,2,66.95,0,133.9,False,True,False,False,True,False
0,33,105.23,0,3472.59,False,False,False,False,True,False
0,62,21.26,0,1318.12,False,False,True,True,False,False
0,59,49.82,0,2939.38,False,False,True,False,False,True
0,40,119.6,0,4784.0,False,True,False,False,True,False
1,49,62.78,0,3076.22,False,True,False,False,True,False
1,32,108.85,0,3483.2,False,False,False,False,True,False
0,38,52.8,1,2006.4,True,True,False,False,True,False
0,13,72.53,0,942.89,False,False,True,False,False,True
0,54,105.42,0,5692.68,True,True,False,False,True,False
0,13,80.58,0,1047.54,False,False,False,False,False,False
1,39,92.52,0,3608.28,False,False,True,False,True,False
1,23,42.88,1,986.24,True,False,True,False,False,False
0,14,35.59,0,498.26,False,True,False,False,False,True
1,17,43.03,0,731.51,True,False,False,False,True,False
0,24,69.3,1,1663.2,True,False,False,True,False,False
0,58,100.1,1,5805.8,True,True,False,False,False,False
1,63,55.4,0,3490.2,False,False,True,False,False,False
0,34,76.48,0,2600.32,False,False,True,False,True,False
1,51,100.48,0,5124.48,False,False,True,True,False,False
0,10,43.88,0,438.8,True,True,False,True,False,False
1,21,108.3,1,2274.3,True,False,True,False,True,False
0,37,115.31,1,4266.47,False,False,True,False,False,True
1,7,23.9,0,167.3,False,True,False,False,False,True
0,13,25.91,1,336.83,False,False,True,False,True,False
0,30,29.1,0,873.0,False,True,False,False,False,True
1,31,97.68,0,3028.08,False,False,False,True,False,False
0,5,38.93,0,194.65,True,False,False,False,False,True
1,32,92.57,1,2962.24,True,True,False,False,False,True
1,16,64.13,1,1026.08,True,True,False,False,False,True
0,22,103.63,0,2279.86,False,True,False,False,True,False
0,64,100.86,0,6455.04,True,False,True,False,True,False
0,44,115.97,0,5102.68,True,False,True,False,False,False
0,40,45.1,1,1804.0,True,True,False,False,False,True
1,37,42.92,0,1588.04,True,True,False,False,True,False
0,16,23.15,0,370.4,True,False,True,True,False,False
0,43,61.04,0,2624.72,False,False,True,False,False,False
0,63,65.91,0,4152.33,True,True,False,True,False,False
1,15,116.45,0,1746.75,False,False,True,False,False,True
0,44,103.08,1,4535.52,False,False,True,True,False,False
1,9,36.68,0,330.12,False,False,False,False,False,False
0,65,99.85,0,6490.25,False,True,False,False,False,True
1,44,37.83,0,1664.52,False,True,False,False,True,False
0,20,27.78,0,555.6,True,False,True,True,False,False
0,70,103.71,0,7259.7,True,False,False,True,False,False
1,33,117.6,0,3880.8,False,True,False,False,False,False
0,6,28.81,0,172.86,False,True,False,False,True,False
0,31,101.39,0,3143.09,False,False,True,False,False,True
0,66,105.92,0,6990.72,True,True,False,False,False,True
1,18,31.88,0,573.84,False,False,True,False,False,True
0,28,48.33,0,1353.24,True,False,False,False,False,False
1,68,93.37,0,6349.16,False,False,False,True,False,False
1,65,100.77,0,6550.05,True,True,False,True,False,False
1,45,55.4,0,2493.0,False,False,True,True,False,False
0,58,35.99,0,2087.42,True,False,False,True,False,False
1,47,84.83,0,3987.01,False,True,False,False,False,False
1,66,90.2,1,5953.2,True,True,False,False,False,False
0,52,70.36,0,3658.72,True,True,False,False,True,False
1,36,34.49,0,1241.64,True,False,True,False,False,False
1,1,104.45,0,104.45,True,False,True,True,False,False
0,39,84.53,0,3296.67,True,False,False,False,False,True
0,1,106.92,0,106.92,True,False,True,False,True,False
1,14,113.3,0,1586.2,True,False,True,False,False,True
0,71,100.57,1,7140.47,False,True,False,False,False,True
0,23,115.87,0,2665.01,False,True,False,True,False,False
0,43,115.43,0,4963.49,False,False,False,False,False,False
1,22,81.93,0,1802.46,False,True,False,False,False,False
1,60,92.82,0,5569.2,False,True,False,False,False,False
0,27,89.94,1,2428.38,True,True,False,True,False,False
1,56,82.11,0,4598.16,True,False,True,True,False,False
0,2,21.94,0,43.88,True,True,False,False,False,True
0,39,55.59,0,2168.01,True,False,False,False,True,False
0,51,30.01,1,1530.51,True,False,False,False,False,False
0,19,50.03,0,950.57,False,True,False,False,False,False
0,62,26.86,0,1665.32,False,True,False,False,True,False
1,71,112.0,0,7952.0,False,False,False,False,False,True
1,67,65.13,0,4363.71,False,False,True,False,False,True
1,63,38.94,0,2453.22,True,True,False,False,True,False
1,5,78.48,0,392.4,True,False,False,False,False,False
0,61,39.65,1,2418.65,True,False,True,True,False,False
0,71,100.44,0,7131.24,False,False,False,True,False,False
1,7,50.59,0,354.13,True,False,True,False,True,False
1,50,51.49,1,2574.5,False,False,False,False,False,False
0,46,107.0,1,4922.0,True,False,False,False,True,False
0,14,75.92,0,1062.88,True,False,True,False,False,True
0,69,108.73,0,7502.37,False,True,False,False,False,True
1,65,61.29,1,3983.85,True,False,False,True,False,False
0,65,54.39,0,3535.35,True,True,False,False,False,True
0,57,70.62,0,4025.34,False,False,False,False,False,True
1,62,26.15,0,1621.3,True,False,True,False,True,False
1,20,35.42,0,708.4,False,True,False,False,True,False
1,26,41.95,1,1090.7,True,False,True,False,False,False
0,44,101.67,0,4473.48,True,False,True,False,True,False
0,67,93.38,0,6256.46,True,True,False,False,False,False
1,70,39.33,0,2753.1,True,True,False,True,False,False
0,62,47.67,0,2955.54,True,True,False,False,True,False
0,45,114.43,1,5149.35,True,False,True,False,True,False
0,11,28.58,0,314.38,True,False,True,False,True,False
1,34,74.75,0,2541.5,True,False,True,True,False,False
1,46,72.2,0,3321.2,False,True,False,False,True,False
0,32,92.57,0,2962.24,False,False,False,False,False,True
0,5,46.14,0,230.7,True,True,False,False,True,False
0,63,113.48,1,7149.24,True,False,False,False,False,False
0,29,61.06,0,1770.74,False,False,True,False,False,True
1,48,48.57,0,2331.36,True,False,False,False,True,False
1,16,53.69,0,859.04,True,True,False,False,True,False
0,25,54.87,0,1371.75,False,True,False,True,False,False
0,29,39.89,0,1156.81,True,True,False,False,False,False
1,52,112.81,0,5866.12,True,False,False,False,False,True
0,46,37.49,0,1724.54,False,True,False,False,False,True
1,25,108.28,1,2707.0,True,False,False,True,False,False
0,23,60.49,1,1391.27,True,False,True,False,False,True
1,34,46.93,0,1595.62,False,False,False,False,False,True
0,67,39.85,0,2669.95,True,False,True,False,False,False
0,34,70.43,0,2394.62,False,False,False,False,True,False
1,32,86.93,1,2781.76,True,False,True,False,True,False
1,29,109.82,1,3184.78,True,True,False,False,False,True
0,9,85.24,0,767.16,False,False,False,False,False,False
0,66,68.37,1,4512.42,False,False,True,True,False,False
1,57,23.35,0,1330.95,True,True,False,False,True,False
1,39,111.54,0,4350.06,False,True,False,False,False,True
0,7,110.24,0,771.68,False,False,True,False,False,True
0,69,57.87,1,3993.03,True,False,True,False,False,False
1,8,22.9,0,183.2,True,False,False,False,False,False
1,18,93.34,1,1680.12,True,False,True,False,False,False
1,49,99.17,0,4859.33,False,False,True,False,False,True
1,16,74.25,0,1188.0,False,True,False,False,False,False
1,21,60.29,0,1266.09,False,False,True,False,False,True
0,10,105.11,0,1051.1,False,False,True,False,True,False
0,4,39.25,0,157.0,True,False,True,False,False,True
1,44,63.96,1,2814.24,False,True,False,False,False,True
0,8,22.45,0,179.6,True,True,False,False,True,False
0,55,36.4,0,2002.0,False,True,False,False,False,False
1,19,114.08,0,2167.52,True,True,False,False,False,False
0,64,77.81,1,4979.84,True,False,False,False,False,True
0,40,100.56,0,4022.4,True,True,False,False,False,True
0,51,68.65,1,3501.15,False,True,False,False,True,False
1,9,103.48,1,931.32,True,False,False,False,False,False
1,30,73.9,0,2217.0,True,False,False,False,True,False
0,56,20.45,0,1145.2,False,False,False,False,False,True
0,44,109.97,0,4838.68,True,False,True,False,False,True
0,59,34.86,0,2056.74,False,True,False,False,True,False
0,15,65.06,0,975.9,False,False,True,False,True,False
0,68,67.67,0,4601.56,True,False,False,True,False,False
0,70,24.72,1,1730.4,True,False,False,True,False,False
1,61,25.31,0,1543.91,False,False,False,False,False,False
0,23,96.26,0,2213.98,True,False,False,False,True,False
0,47,50.05,0,2352.35,False,False,True,False,False,False
1,17,60.96,0,1036.32,False,False,False,True,False,False
0,57,76.41,1,4355.37,False,True,False,False,False,False
0,54,57.34,0,3096.36,True,True,False,True,False,False
0,52,97.5,0,5070.0,False,True,False,False,True,False
0,22,108.45,0,2385.9,True,False,True,False,True,False
1,39,25.97,0,1012.83,True,False,False,False,False,False
0,13,83.54,0,1086.02,True,False,True,False,True,False
1,66,51.77,0,3416.82,True,True,False,False,False,False
0,52,78.33,0,4073.16,False,False,False,False,False,False
0,14,68.39,0,957.46,True,False,True,True,False,False
1,63,53.37,1,3362.31,False,False,False,False,False,True
0,71,29.48,0,2093.08,False,False,False,False,False,False
1,28,75.94,0,2126.32,True,False,True,True,False,False
1,46,31.28,1,1438.88,False,True,False,True,False,False
1,28,35.61,1,997.08,False,False,True,True,False,False
0,2,118.22,0,236.44,True,False,True,False,False,True
0,17,51.67,0,878.39,False,True,False,False,True,False
0,59,78.44,1,4627.96,False,False,True,False,False,False
0,52,47.22,0,2455.44,False,False,False,False,False,False
1,4,106.55,0,426.2,False,True,False,False,True,False
0,3,48.33,0,144.99,True,False,True,False,True,False
0,37,56.69,0,2097.53,False,False,False,True,False,False
1,24,80.84,0,1940.16,False,True,False,True,False,False
1,35,107.0,0,3745.0,False,False,True,False,True,False
0,2,101.62,1,203.24,False,True,False,False,False,False
1,33,46.39,0,1530.87,True,False,False,False,True,False
1,10,102.96,0,1029.6,False,False,False,False,True,False
1,62,90.12,0,5587.44,True,True,False,False,False,True
1,43,118.98,0,5116.14,False,False,False,False,False,True
1,69,113.54,0,7834.26,True,False,False,True,False,False
0,59,73.31,0,4325.29,True,True,False,True,False,False
0,9,94.99,0,854.91,True,True,False,False,False,False
0,60,77.02,0,4621.2,True,False,True,False,True,False
0,63,79.5,1,5008.5,True,False,True,False,True,False
0,52,30.15,0,1567.8,False,True,False,False,False,True
0,23,20.22,0,465.06,False,False,False,False,False,False
0,30,24.82,1,744.6,False,False,False,False,True,False
1,43,116.66,1,5016.38,True,True,False,False,False,False
0,68,32.63,0,2218.84,False,True,False,False,False,True
0,21,24.44,0,513.24,True,True,False,False,True,False
0,43,50.96,0,2191.28,True,False,False,False,False,True
1,7,78.82,0,551.74,False,False,True,False,False,True
0,16,114.85,0,1837.6,False,False,True,False,False,True
0,23,89.99,0,2069.77,True,False,False,False,True,False
1,58,47.64,1,2763.12,True,False,True,False,False,False
0,31,113.91,0,3531.21,False,True,False,False,True,False
0,69,23.6,0,1628.4,False,True,False,False,False,True
1,6,117.91,0,707.46,False,False,False,True,False,False
0,65,25.86,0,1680.9,False,False,False,False,False,False
1,59,95.38,0,5627.42,True,True,False,True,False,False
0,28,24.53,0,686.84,False,True,False,False,False,True
0,18,113.16,0,2036.88,False,False,False,False,True,False
0,10,30.87,0,308.7,False,False,False,False,False,False
1,7,25.05,0,175.35,True,True,False,True,False,False
1,37,108.93,0,4030.41,True,True,False,False,True,False
1,45,29.58,0,1331.1,True,False,True,False,False,False
0,16,99.79,0,1596.64,True,False,True,False,False,True
0,14,94.7,1,1325.8,False,True,False,False,False,True
1,11,79.89,1,878.79,True,False,False,False,False,True
1,34,57.8,1,1965.2,False,False,True,False,True,False
0,60,111.56,1,6693.6,False,False,True,False,True,False
0,13,107.11,0,1392.43,False,True,False,False,False,True
0,39,62.62,0,2442.18,False,False,False,False,False,True
0,44,43.17,0,1899.48,True,False,False,False,False,False
1,28,47.26,0,1323.28,True,True,False,True,False,False
0,40,42.03,0,1681.2,True,False,False,False,False,False
0,16,74.13,0,1186.08,False,True,False,True,False,False
0,50,106.85,0,5342.5,False,False,False,False,True,False
0,28,97.36,0,2726.08,False,True,False,False,False,False
0,68,99.55,0,6769.4,False,False,False,False,True,False
0,60,64.83,1,3889.8,False,True,False,False,True,False
0,12,52.24,0,626.88,True,True,False,True,False,False
1,16,95.74,1,1531.84,False,False,False,True,False,False
1,53,99.33,0,5264.49,True,True,False,False,False,False
1,54,89.54,0,4835.16,False,False,True,False,False,False
0,49,23.21,0,1137.29,False,False,False,False,False,False
1,36,78.97,0,2842.92,True,True,False,True,False,False
0,62,54.7,1,3391.4,True,False,False,False,False,True
0,26,39.62,0,1030.12,False,False,False,False,False,True
0,56,89.44,0,5008.64,False,True,False,True,False,False
0,22,46.85,0,1030.7,False,False,True,False,False,False
1,69,111.28,1,7678.32,False,False,False,False,False,True
0,49,49.81,1,2440.69,True,False,True,False,True,False
0,2,75.52,0,151.04,False,False,True,False,False,True
1,53,102.78,0,5447.34,True,True,False,False,False,True
1,7,60.21,0,421.47,False,True,False,True,False,False
1,20,102.87,0,2057.4,True,False,False,True,False,False
0,30,92.37,0,2771.1,True,True,False,False,False,True
1,67,112.09,0,7510.03,False,False,False,False,True,False
0,59,52.58,0,3102.22,True,False,False,False,True,False
0,66,30.5,0,2013.0,False,False,True,False,False,False
1,3,63.03,0,189.09,True,True,False,False,False,True
1,56,98.58,0,5520.48,False,True,False,False,False,True
1,17,65.04,0,1105.68,True,False,False,False,True,False
0,52,46.2,0,2402.4,False,False,True,True,False,False
0,7,22.76,0,159.32,False,True,False,False,False,True
0,5,51.3,0,256.5,True,False,True,False,True,False
0,54,91.34,0,4932.36,True,False,True,False,False,True
0,61,34.76,0,2120.36,True,False,False,True,False,False
0,16,54.09,0,865.44,True,True,False,False,False,False
1,67,22.02,1,1475.34,False,True,False,True,False,False
0,59,92.18,0,5438.62,True,True,False,True,False,False
1,47,108.07,0,5079.29,False,False,True,False,True,False
1,48,76.85,0,3688.8,True,True,False,False,True,False
1,64,22.59,0,1445.76,False,False,False,True,False,False
1,50,41.76,0,2088.0,False,False,True,False,True,False
1,41,63.85,1,2617.85,False,True,False,True,False,False
0,22,78.76,1,1732.72,False,False,True,True,False,False
0,54,69.63,0,3760.02,True,False,True,False,False,True
0,5,111.59,0,557.95,True,False,True,True,False,False
0,17,113.86,0,1935.62,False,False,False,False,False,False
1,41,30.72,0,1259.52,True,True,False,False,True,False
1,35,33.84,0,1184.4,True,True,False,False,False,False
1,40,55.81,1,2232.4,False,False,True,False,True,False
0,22,62.12,0,1366.64,True,True,False,True,False,False
0,48,78.61,0,3773.28,True,False,True,False,False,False
0,53,97.32,0,5157.96,True,False,True,False,False,True
0,10,33.58,0,335.8,False,False,True,True,False,False
1,18,100.26,0,1804.68,True,False,False,True,False,False
1,49,81.0,1,3969.0,False,True,False,True,False,False
0,71,118.09,0,8384.39,True,False,True,False,False,True
0,30,85.12,0,2553.6,True,True,False,False,False,False
1,19,91.61,0,1740.59,True,False,False,True,False,False
1,55,39.52,1,2173.6,False,False,False,False,False,False
1,60,96.89,0,5813.4,False,False,True,True,False,False
1,21,27.93,0,586.53,True,False,False,True,False,False
0,26,85.65,0,2226.9,False,False,False,True,False,False
1,28,25.56,0,715.68,True,False,False,False,False,True
1,39,31.52,1,1229.28,False,False,False,True,False,False
1,33,30.79,0,1016.07,False,False,False,False,False,False
1,40,25.25,0,1010.0,True,False,False,True,False,False
0,29,52.11,0,1511.19,True,True,False,False,False,False
0,20,119.44,0,2388.8,True,False,False,False,False,False
0,20,54.82,0,1096.4,True,True,False,False,True,False
0,12,96.08,0,1152.96,False,False,True,False,False,False
0,25,33.23,0,830.75,False,False,False,False,True,False
0,25,65.45,0,1636.25,False,False,False,False,False,True
1,4,38.51,0,154.04,True,True,False,True,False,False
1,4,39.21,0,156.84,True,False,False,False,False,True
1,9,29.97,1,269.73,False,True,False,False,False,True
1,15,63.2,0,948.0,True,True,False,False,False,False
0,26,27.55,0,716.3,False,False,False,True,False,False
1,71,110.98,1,7879.58,False,False,True,True,False,False
0,32,64.79,1,2073.28,False,False,True,False,False,True
1,52,103.86,0,5400.72,False,False,True,False,True,False
1,32,117.95,0,3774.4,False,True,False,False,True,False
1,9,87.78,1,790.02,True,True,False,False,False,False
0,13,110.15,0,1431.95,True,False,False,False,True,False
1,56,33.54,1,1878.24,True,True,False,False,True,False
0,44,103.0,1,4532.0,False,False,True,False,False,True
0,30,47.12,0,1413.6,False,False,False,False,True,False
1,16,67.26,0,1076.16,False,False,True,True,False,False
0,12,84.66,0,1015.92,False,False,False,False,False,True
0,66,110.35,1,7283.1,True,False,True,False,False,True
1,18,111.1,1,1999.8,True,False,False,False,True,False
1,13,29.21,0,379.73,False,False,True,True,False,False
1,24,56.46,0,1355.04,False,True,False,True,False,False
1,12,99.32,0,1191.84,False,False,True,False,True,False
1,60,90.32,1,5419.2,True,False,False,True,False,False
1,60,22.64,0,1358.4,True,False,True,False,False,False
0,1,64.99,0,64.99,True,True,False,False,False,False
1,43,102.93,0,4425.99,False,False,False,False,True,False
1,55,93.77,0,5157.35,False,True,False,False,False,True
0,40,61.18,1,2447.2,True,False,True,False,False,True
1,64,93.52,0,5985.28,False,False,False,True,False,False
0,34,75.12,1,2554.08,True,False,True,False,False,False
1,34,111.26,0,3782.84,False,False,False,False,False,True
1,48,78.71,0,3778.08,True,True,False,True,False,False
0,33,60.07,0,1982.31,False,True,False,False,False,False
1,68,106.29,1,7227.72,True,True,False,False,False,True
0,30,24.99,0,749.7,True,False,True,True,False,False
1,71,110.05,0,7813.55,True,False,False,False,True,False
1,71,89.63,0,6363.73,True,True,False,False,True,False
0,29,114.06,1,3307.74,True,False,True,False,False,True
1,23,45.05,0,1036.15,True,False,True,True,False,False
1,34,89.49,0,3042.66,False,False,False,False,False,False
0,15,100.95,0,1514.25,False,True,False,False,True,False
1,53,90.21,1,4781.13,False,False,True,False,False,False
0,17,41.03,1,697.51,True,True,False,True,False,False
1,64,47.56,0,3043.84,True,False,False,False,True,False
0,61,76.67,1,4676.87,False,True,False,False,False,True
1,57,64.68,0,3686.76,True,True,False,False,True,False
0,37,93.51,0,3459.87,True,False,True,False,False,True
0,7,57.87,1,405.09,True,False,True,False,False,False
1,8,105.95,0,847.6,True,False,False,False,True,False
1,68,63.19,1,4296.92,True,False,False,True,False,False
0,21,24.0,0,504.0,False,False,False,False,False,False
1,61,21.74,0,1326.14,False,False,True,False,False,False
0,29,84.67,0,2455.43,False,False,False,False,False,True
1,25,74.06,0,1851.5,False,False,False,True,False,False
1,58,74.27,0,4307.66,False,False,True,False,False,False
0,14,99.0,0,1386.0,True,False,False,False,True,False
0,66,57.57,0,3799.62,True,False,True,False,False,True
1,54,119.54,1,6455.16,True,False,False,True,False,False
1,67,114.55,0,7674.85,True,False,True,False,False,True
1,30,21.3,1,639.0,False,True,False,False,False,True
1,18,109.57,0,1972.26,False,False,True,False,False,False
1,54,88.05,0,4754.7,False,False,True,False,True,False
0,21,70.21,0,1474.41,True,False,True,False,True,False
1,53,78.27,0,4148.31,False,False,False,True,False,False
1,16,104.19,1,1667.04,True,False,True,True,False,False
0,28,115.1,1,3222.8,False,False,True,False,True,False
0,4,76.03,0,304.12,False,False,False,False,False,True
0,55,38.13,0,2097.15,True,True,False,False,False,True
1,15,83.98,0,1259.7,True,False,True,False,True,False
0,64,27.62,1,1767.68,False,False,False,False,False,False
0,65,83.51,1,5428.15,False,True,False,False,False,True
0,16,100.86,0,1613.76,True,False,True,False,True,False
0,20,55.33,0,1106.6,False,True,False,False,False,False
1,64,27.12,0,1735.68,False,False,True,False,False,True
1,33,89.22,1,2944.26,True,False,True,True,False,False
1,69,53.93,1,3721.17,False,True,False,False,False,True
0,69,44.91,1,3098.79,True,True,False,False,False,True
0,58,88.92,0,5157.36,False,True,False,False,True,False
0,39,116.96,0,4561.44,True,False,True,False,False,True
0,36,94.53,0,3403.08,False,False,True,False,False,True
0,68,69.14,0,4701.52,True,False,False,False,False,False
0,21,80.05,0,1681.05,False,False,False,False,True,False
1,63,34.23,1,2156.49,True,False,False,False,False,False
1,6,101.32,0,607.92,False,False,True,True,False,False
0,24,80.43,0,1930.32,False,True,False,False,False,True
1,53,116.58,0,6178.74,False,False,False,False,True,False
0,50,117.95,1,5897.5,False,False,True,True,False,False
0,12,55.46,0,665.52,False,True,False,False,True,False
1,56,118.85,0,6655.6,False,False,False,False,False,True
0,15,115.68,1,1735.2,False,True,False,False,True,False
1,40,83.98,0,3359.2,False,True,False,False,True,False
0,41,53.35,0,2187.35,False,False,False,False,False,False
0,69,95.33,1,6577.77,True,False,False,False,True,False
1,69,47.12,1,3251.28,True,False,True,False,True,False
0,6,82.98,0,497.88,False,True,False,False,False,False
0,67,22.46,0,1504.82,True,False,False,False,False,True
0,33,82.86,1,2734.38,False,False,False,True,False,False
1,43,115.16,0,4951.88,False,True,False,False,False,False
0,21,43.51,0,913.71,True,True,False,False,False,True
0,65,97.82,0,6358.3,False,True,False,False,False,True
0,17,49.34,1,838.78,False,False,False,True,False,False
1,8,90.78,0,726.24,True,False,False,False,False,True
1,64,90.0,0,5760.0,True,False,True,False,False,False
1,28,38.47,0,1077.16,False,True,False,False,False,True
1,13,79.71,0,1036.23,True,False,False,True,False,False
1,13,105.92,0,1376.96,True,False,False,True,False,False
0,38,58.25,0,2213.5,False,True,False,False,False,False
1,25,91.03,0,2275.75,True,False,False,False,False,False
1,62,87.44,1,5421.28,True,True,False,False,False,True
0,23,45.75,0,1052.25,False,False,False,True,False,False
1,21,111.86,0,2349.06,True,True,False,True,False,False
0,54,76.35,0,4122.9,True,True,False,False,False,True
1,63,55.53,0,3498.39,False,False,False,True,False,False
0,30,36.44,0,1093.2,False,True,False,False,False,False
0,68,67.35,0,4579.8,False,False,True,False,False,False
1,32,93.01,0,2976.32,True,False,True,False,False,True
1,24,82.36,0,1976.64,False,True,False,False,False,True
0,7,92.71,1,648.97,False,False,True,False,False,True
0,1,99.18,0,99.18,True,False,False,False,False,False
0,3,64.1,0,192.3,False,False,False,False,False,False
0,28,72.02,1,2016.56,False,True,False,True,False,False
0,43,118.64,1,5101.52,False,False,False,False,False,False
0,46,116.81,1,5373.26,False,False,False,False,False,True
0,1,61.48,0,61.48,True,False,True,False,True,False
1,38,88.52,1,3363.76,False,False,False,False,True,False
0,35,46.76,1,1636.6,False,False,False,False,True,False
1,54,35.27,0,1904.58,True,False,True,False,True,False
1,24,96.84,0,2324.16,False,True,False,False,True,False
0,28,63.62,0,1781.36,True,True,False,False,False,False
0,22,37.71,0,829.62,True,False,True,False,False,True
1,16,95.88,0,1534.08,True,False,True,False,False,True
0,13,111.52,0,1449.76,False,False,False,True,False,False
0,62,113.33,0,7026.46,True,False,False,False,False,True
1,43,79.63,0,3424.09,True,True,False,True,False,False
1,32,67.96,0,2174.72,True,True,False,False,False,True
1,67,34.19,0,2290.73,False,False,True,True,False,False
0,57,99.28,0,5658.96,False,False,False,True,False,False
0,65,114.53,1,7444.45,False,False,True,False,False,True
1,69,108.95,0,7517.55,False,True,False,False,True,False
0,49,95.18,0,4663.82,False,True,False,False,False,True
1,33,20.46,0,675.18,False,False,True,False,False,True
0,19,60.78,1,1154.82,False,False,False,False,True,False
1,36,61.07,0,2198.52,True,False,False,False,False,True
0,70,109.44,1,7660.8,True,False,True,True,False,False
1,15,26.57,0,398.55,True,True,False,False,True,False
0,24,73.12,0,1754.88,True,False,True,False,True,False
0,27,33.61,0,907.47,False,False,True,False,False,False
1,49,86.23,0,4225.27,True,False,False,True,False,False
0,23,99.23,0,2282.29,True,True,False,True,False,False
0,33,84.2,1,2778.6,True,True,False,False,False,True
1,41,99.46,0,4077.86,True,False,False,False,False,True
0,56,80.75,0,4522.0,False,True,False,True,False,False
0,29,38.98,1,1130.42,False,True,False,True,False,False
0,31,58.27,0,1806.37,False,False,False,True,False,False
1,65,115.69,0,7519.85,True,True,False,False,False,True
1,18,48.82,0,878.76,False,True,False,True,False,False
1,6,26.29,0,157.74,True,False,True,True,False,False
1,52,58.48,0,3040.96,False,True,False,False,True,False
1,40,56.63,0,2265.2,False,False,True,True,False,False
0,65,67.03,0,4356.95,False,False,True,False,False,False
0,42,76.03,1,3193.26,False,False,True,False,False,True
1,68,119.24,1,8108.32,False,False,False,False,True,False
0,32,95.62,0,3059.84,True,False,False,True,False,False
0,10,23.59,0,235.9,False,True,False,True,False,False
0,69,91.27,0,6297.63,True,False,True,False,True,False
0,9,102.42,0,921.78,True,True,False,False,True,False
1,69,109.56,1,7559.64,True,True,False,False,True,False
1,61,62.4,0,3806.4,True,True,False,False,False,False
0,11,51.36,1,564.96,True,True,False,False,False,False
0,68,103.93,0,7067.24,False,True,False,False,True,False
1,8,97.76,0,782.08,False,False,True,True,False,False
0,49,73.6,0,3606.4,False,False,True,False,False,True
0,24,31.79,1,762.96,False,False,True,False,False,False
0,33,85.18,1,2810.94,True,False,True,False,False,True
1,19,26.57,0,504.83,False,False,False,False,False,True
1,2,30.04,0,60.08,False,False,True,False,False,False
0,55,53.11,1,2921.05,True,False,True,False,False,True
0,11,57.12,0,628.32,True,False,True,True,False,False
0,17,66.2,0,1125.4,False,False,False,False,False,False
0,42,53.91,0,2264.22,False,True,False,False,False,False
0,61,23.38,0,1426.18,True,False,False,False,False,True
0,3,35.74,0,107.22,False,False,True,False,False,True
1,35,31.51,0,1102.85,False,False,True,False,True,False
1,66,63.12,0,4165.92,False,False,False,False,False,False
0,1,41.21,0,41.21,False,True,False,False,False,True
1,7,49.35,0,345.45,True,False,False,True,False,False
0,20,67.16,0,1343.2,True,False,False,False,False,False
0,43,43.56,1,1873.08,True,False,True,False,True,False
1,6,44.59,1,267.54,False,False,False,True,False,False
1,55,103.31,0,5682.05,False,False,False,False,True,False
0,21,74.81,0,1571.01,False,False,False,False,True,False
0,51,105.68,0,5389.68,False,False,False,True,False,False
1,46,71.45,0,3286.7,False,False,False,False,True,False
1,35,110.93,1,3882.55,True,False,False,False,True,False
0,8,45.47,0,363.76,False,False,True,False,True,False
0,68,81.67,0,5553.56,False,False,True,False,True,False
0,16,70.32,0,1125.12,True,False,True,False,True,False
1,67,111.87,0,7495.29,False,False,True,False,False,False
0,71,61.85,0,4391.35,True,False,False,False,False,True
1,64,105.48,1,6750.72,True,False,False,False,False,False
0,2,76.39,1,152.78,True,False,False,False,False,False
1,1,90.85,0,90.85,True,False,False,False,False,True
1,58,108.69,0,6304.02,True,False,True,False,False,True
1,1,119.69,0,119.69,False,False,True,True,False,False
1,7,93.11,0,651.77,True,False,False,False,True,False
0,69,51.45,0,3550.05,True,False,False,False,False,True
1,18,49.9,1,898.2,False,False,False,True,False,False
1,32,50.91,0,1629.12,False,False,False,True,False,False
1,45,29.79,0,1340.55,True,True,False,False,False,False
0,33,25.36,0,836.88,False,True,False,True,False,False
0,49,78.08,0,3825.92,False,True,False,False,True,False
0,33,101.06,0,3334.98,True,True,False,False,False,False
0,71,23.61,0,1676.31,True,False,False,False,False,True
0,68,76.66,1,5212.88,False,False,False,False,False,False
0,28,57.18,0,1601.04,True,False,False,False,False,False
1,53,109.25,0,5790.25,True,True,False,False,True,False
1,44,34.54,0,1519.76,False,True,False,False,True,False
1,55,76.34,0,4198.7,True,False,False,False,False,False
0,10,117.09,0,1170.9,True,True,False,False,False,True
1,14,54.5,0,763.0,True,False,True,False,True,False
1,36,94.18,0,3390.48,True,True,False,False,False,False
0,34,108.25,0,3680.5,True,True,False,False,True,False
1,18,38.62,0,695.16,False,True,False,False,True,False
0,16,119.25,1,1908.0,False,True,False,True,False,False
1,37,100.94,1,3734.78,True,False,False,False,False,True
0,41,33.76,0,1384.16,False,False,True,False,False,False
0,25,51.09,1,1277.25,True,False,False,False,False,False
0,8,82.5,1,660.0,True,True,False,True,False,False
1,18,108.49,0,1952.82,True,True,False,False,False,False
1,68,39.48,0,2684.64,True,True,False,False,False,False
0,48,93.12,0,4469.76,True,True,False,True,False,False
0,70,47.06,0,3294.2,False,True,False,True,False,False
1,67,100.54,0,6736.18,False,False,True,False,False,False
1,18,88.34,0,1590.12,True,False,False,True,False,False
0,18,72.29,0,1301.22,False,True,False,False,True,False
1,56,84.99,0,4759.44,True,False,True,False,True,False
1,23,107.64,0,2475.72,False,False,False,False,True,False
1,35,58.64,0,2052.4,True,False,False,False,True,False
0,6,96.93,1,581.58,False,False,False,True,False,False
0,26,35.89,1,933.14,True,True,False,False,False,True
1,61,90.12,0,5497.32,True,True,False,False,False,True
0,15,95.07,0,1426.05,False,False,True,False,False,False
1,32,64.3,0,2057.6,False,False,True,False,False,True
1,12,99.36,1,1192.32,True,False,False,False,True,False
0,5,75.71,1,378.55,False,True,False,True,False,False
0,64,113.63,0,7272.32,True,False,False,False,True,False
0,71,31.25,0,2218.75,False,False,False,False,True,False
1,27,33.08,0,893.16,False,False,True,True,False,False
1,45,104.24,1,4690.8,True,True,False,False,True,False
0,35,104.24,1,3648.4,False,False,True,False,True,False
0,26,67.12,0,1745.12,False,True,False,True,False,False
0,23,116.4,0,2677.2,True,False,False,True,False,False
1,13,87.94,0,1143.22,False,False,False,False,False,False
1,3,118.29,1,354.87,True,False,False,False,False,False
1,29,73.24,0,2123.96,True,True,False,False,True,False
0,66,40.16,0,2650.56,True,False,False,False,False,False
0,64,64.44,0,4124.16,True,True,False,False,False,True
1,28,118.05,1,3305.4,True,True,False,False,False,True
0,36,57.04,0,2053.44,False,False,True,False,True,False
0,6,115.7,0,694.2,True,False,False,False,False,False
0,11,99.7,1,1096.7,True,False,True,False,True,False
0,38,64.21,0,2439.98,False,True,False,False,False,False
1,34,74.19,0,2522.46,False,False,False,True,False,False
0,67,80.74,0,5409.58,False,False,False,True,False,False
1,46,86.58,0,3982.68,True,True,False,True,False,False
1,29,27.67,1,802.43,True,False,False,True,False,False
0,60,113.36,1,6801.6,True,True,False,False,True,False
1,54,79.7,0,4303.8,False,False,False,False,True,False
1,69,113.11,1,7804.59,True,False,False,False,True,False
0,9,83.19,0,748.71,False,True,False,False,False,True
1,10,63.1,0,631.0,True,False,True,True,False,False
1,68,76.69,0,5214.92,False,True,False,True,False,False
1,58,102.95,0,5971.1,True,False,False,True,False,False
1,52,52.61,1,2735.72,True,True,False,False,False,False
1,34,115.65,1,3932.1,True,True,False,False,False,False
1,35,66.6,0,2331.0,False,True,False,False,False,True
1,33,115.62,0,3815.46,False,False,False,False,False,True
1,32,108.08,0,3458.56,True,False,True,False,False,False
0,55,96.77,1,5322.35,True,False,True,False,False,False
0,8,66.74,0,533.92,True,False,False,False,True,False
0,46,78.69,0,3619.74,False,False,True,False,True,False
1,14,103.8,1,1453.2,True,True,False,False,False,False
1,8,74.41,1,595.28,True,True,False,True,False,False
1,71,93.82,0,6661.22,True,False,True,False,False,False
0,54,99.07,1,5349.78,True,False,True,False,True,False
0,21,71.31,0,1497.51,False,False,True,False,False,True
0,14,73.62,0,1030.68,False,True,False,False,False,False
1,2,39.78,1,79.56,True,True,False,False,False,False
0,61,44.47,0,2712.67,True,False,False,True,False,False
0,17,110.49,0,1878.33,False,False,False,False,False,True
1,48,104.03,0,4993.44,False,True,False,True,False,False
0,8,21.01,1,168.08,True,True,False,False,False,True
1,56,106.94,0,5988.64,False,False,False,True,False,False
0,17,22.52,0,382.84,False,False,False,False,False,True
1,69,65.83,0,4542.27,True,True,False,False,False,False
1,12,26.74,0,320.88,False,False,True,False,False,False
1,38,116.88,0,4441.44,False,True,False,False,False,False
1,18,117.23,0,2110.14,True,False,True,False,True,False
1,26,81.09,0,2108.34,True,True,False,False,False,True
0,37,59.22,0,2191.14,False,False,False,False,False,True
1,70,71.2,0,4984.0,True,False,False,True,False,False
1,41,96.23,1,3945.43,False,False,False,False,True,False
1,42,42.32,0,1777.44,True,True,False,True,False,False
1,41,64.17,0,2630.97,False,True,False,False,True,False
0,47,93.73,1,4405.31,True,True,False,True,False,False
1,14,59.54,1,833.56,False,False,True,False,True,False
0,1,23.2,0,23.2,False,True,False,True,False,False
1,17,70.74,0,1202.58,False,False,True,True,False,False
1,55,93.74,0,5155.7,True,False,True,False,True,False
0,53,117.68,1,6237.04,True,False,True,False,False,True
0,31,23.7,0,734.7,False,False,False,True,False,False
0,62,73.99,0,4587.38,False,False,True,False,True,False
1,8,64.99,0,519.92,True,False,True,False,True,False
0,30,44.24,1,1327.2,True,False,False,False,False,True
1,66,83.78,0,5529.48,True,False,True,False,False,True
0,45,36.36,0,1636.2,True,True,False,False,False,True
0,18,48.39,1,871.02,True,True,False,False,False,True
1,45,98.18,0,4418.1,True,False,False,True,False,False
0,19,66.04,0,1254.76,False,False,False,True,False,False
0,68,119.37,0,8117.16,True,False,True,False,False,False
1,50,58.65,0,2932.5,False,False,True,True,False,False
1,25,66.33,0,1658.25,True,False,True,False,False,False
1,38,50.03,0,1901.14,True,False,False,False,False,False
0,36,43.63,1,1570.68,False,False,True,True,False,False
0,68,112.23,1,7631.64,False,True,False,False,False,False
0,56,94.88,0,5313.28,True,True,False,False,False,True
0,39,53.34,0,2080.26,False,False,True,False,False,False
0,63,90.02,1,5671.26,False,False,False,True,False,False
1,7,116.58,1,816.06,False,True,False,False,True,False
0,58,27.4,0,1589.2,False,False,False,True,False,False
1,59,46.45,0,2740.55,True,True,False,False,True,False
0,48,40.06,1,1922.88,False,False,True,False,True,False
1,5,106.98,0,534.9,True,False,True,False,False,False
0,36,37.92,0,1365.12,True,False,False,False,False,False
0,25,50.81,1,1270.25,True,False,True,False,True,False
1,45,74.39,0,3347.55,True,False,False,False,False,False
0,19,82.11,0,1560.09,False,False,False,False,False,True
1,7,100.82,0,705.74,False,True,False,True,False,False
0,58,60.73,1,3522.34,True,True,False,False,False,False
0,66,73.42,1,4845.72,True,False,True,False,True,False
1,39,116.55,0,4545.45,True,False,False,False,True,False
0,18,49.74,0,895.32,True,True,False,True,False,False
1,1,44.81,0,44.81,False,False,True,False,False,False
0,63,91.06,1,5736.78,True,False,True,False,False,False
0,3,97.11,0,291.33,False,True,False,False,True,False
0,21,61.48,0,1291.08,True,False,True,True,False,False
0,30,41.3,0,1239.0,True,True,False,False,True,False
0,11,97.89,0,1076.79,True,False,False,True,False,False
0,22,87.05,1,1915.1,True,False,True,False,False,False
0,57,107.62,0,6134.34,False,False,False,False,False,False
1,3,104.43,1,313.29,False,True,False,True,False,False
0,30,40.52,0,1215.6,False,False,False,False,True,False
0,45,103.23,0,4645.35,True,True,False,False,True,False
0,36,37.52,1,1350.72,True,False,True,False,True,False
1,64,106.37,0,6807.68,False,False,True,True,False,False
1,54,97.03,0,5239.62,False,False,True,True,False,False
0,68,76.99,1,5235.32,True,False,False,False,True,False
0,50,84.22,0,4211.0,True,False,False,False,True,False
0,31,30.41,0,942.71,False,False,False,True,False,False
1,29,23.99,0,695.71,True,True,False,True,False,False
0,59,53.06,1,3130.54,True,False,True,False,True,False
1,36,102.14,0,3677.04,False,False,False,False,True,False
0,67,66.58,0,4460.86,True,True,False,False,False,False
1,11,42.34,1,465.74,False,False,False,False,False,True
1,11,103.45,0,1137.95,True,True,False,True,False,False
0,26,42.86,0,1114.36,False,False,True,False,False,True
0,53,101.55,0,5382.15,True,False,False,True,False,False
0,14,65.3,1,914.2,False,False,True,False,False,False
0,64,66.35,1,4246.4,False,False,False,True,False,False
0,10,47.27,0,472.7,False,True,False,True,False,False
0,31,110.02,0,3410.62,False,False,True,False,False,True
0,36,28.88,0,1039.68,True,False,False,False,False,False
1,10,34.44,0,344.4,True,False,False,False,False,False
0,26,83.59,0,2173.34,False,False,True,False,False,False
0,20,105.01,0,2100.2,True,True,False,False,False,False
1,44,29.55,1,1300.2,True,False,True,True,False,False
0,62,93.38,0,5789.56,True,False,False,False,False,True
0,9,94.25,1,848.25,True,False,True,False,False,False
0,71,78.15,0,5548.65,True,False,True,False,True,False
0,24,68.67,0,1648.08,False,True,False,False,False,False
1,12,52.11,0,625.32,False,True,False,False,False,True
1,60,55.15,1,3309.0,False,False,True,False,False,True
0,16,87.44,0,1399.04,False,True,False,False,False,True
0,29,26.53,0,769.37,True,True,False,False,False,True
1,32,78.49,0,2511.68,True,False,False,False,True,False
0,35,47.87,1,1675.45,False,True,False,False,False,False
1,43,66.66,0,2866.38,True,False,True,True,False,False
1,53,75.9,0,4022.7,True,False,True,True,False,False
1,20,108.57,0,2171.4,False,False,False,False,True,False
0,8,77.91,1,623.28,True,False,False,False,False,False
0,42,42.72,0,1794.24,False,False,False,False,False,False
0,70,27.95,0,1956.5,False,False,True,True,False,False
1,16,82.7,0,1323.2,True,False,True,False,True,False
0,69,74.5,0,5140.5,True,True,False,True,False,False
0,53,87.18,0,4620.54,False,False,False,False,True,False
1,45,65.94,0,2967.3,False,True,False,False,False,True
0,51,102.51,0,5228.01,True,True,False,False,False,False
0,6,112.02,0,672.12,False,False,True,False,False,False
0,33,24.0,1,792.0,False,True,False,False,False,False
1,15,94.41,0,1416.15,False,False,False,False,False,False
0,14,23.52,0,329.28,True,False,False,False,False,False
1,39,64.51,0,2515.89,False,False,True,False,False,False
1,63,66.16,0,4168.08,True,False,True,False,False,True
1,5,89.62,0,448.1,False,False,True,False,False,False
0,52,55.24,0,2872.48,True,False,False,False,False,True
0,16,102.09,0,1633.44,False,False,True,False,False,False
0,38,54.29,1,2063.02,True,False,False,False,False,False
1,53,54.25,1,2875.25,True,True,False,False,True,False
1,53,42.28,1,2240.84,True,False,True,False,False,False
0,46,88.39,0,4065.94,False,False,True,True,False,False
1,15,27.66,1,414.9,False,False,True,False,True,False
0,59,56.31,0,3322.29,False,False,False,False,True,False
0,50,46.69,0,2334.5,True,True,False,False,True,False
0,9,42.93,1,386.37,False,False,True,True,False,False
0,26,26.1,0,678.6,True,True,False,False,False,True
0,3,39.04,0,117.12,False,False,True,False,True,False
0,47,64.62,0,3037.14,True,False,False,False,True,False
0,5,70.37,1,351.85,True,True,False,False,True,False
1,62,46.95,1,2910.9,True,True,False,False,False,False
0,5,85.02,0,425.1,False,False,True,False,False,True
1,10,53.58,0,535.8,False,True,False,True,False,False
1,63,56.72,0,3573.36,False,False,False,True,False,False
0,25,98.26,0,2456.5,True,True,False,False,False,True
1,44,75.2,0,3308.8,True,True,False,False,False,True
1,25,115.32,0,2883.0,False,True,False,False,False,True
1,30,55.93,1,1677.9,False,True,False,False,False,False
0,14,102.78,1,1438.92,False,False,True,False,True,False
0,43,93.83,0,4034.69,True,False,True,False,False,False
0,28,109.02,0,3052.56,True,True,False,False,False,True
0,19,115.68,0,2197.92,True,True,False,False,False,False
0,42,20.77,0,872.34,True,False,False,True,False,False
1,20,28.83,0,576.6,True,False,True,False,False,False
1,11,87.43,0,961.73,False,False,True,False,False,True
0,54,59.02,1,3187.08,True,False,True,False,True,False
1,24,101.91,1,2445.84,True,True,False,False,False,False
1,70,21.2,1,1484.0,True,False,True,False,False,True
1,17,100.7,0,1711.9,True,False,False,False,False,False
1,28,33.52,1,938.56,True,False,False,True,False,False
0,50,49.02,0,2451.0,False,False,False,False,False,False
0,55,116.91,0,6430.05,True,False,False,False,False,False
0,10,25.16,0,251.6,True,False,False,False,True,False
1,21,54.9,1,1152.9,True,False,True,False,False,False
1,58,28.45,0,1650.1,False,True,False,False,False,False
0,34,105.36,0,3582.24,False,True,False,True,False,False
0,43,90.3,0,3882.9,False,True,False,True,False,False
1,11,100.03,0,1100.33,True,True,False,True,False,False
0,33,72.73,0,2400.09,False,False,True,False,True,False
0,58,55.77,0,3234.66,True,False,True,True,False,False
1,46,20.23,1,930.58,True,False,True,True,False,False
1,61,47.79,1,2915.19,False,False,False,False,False,False
0,62,71.46,1,4430.52,True,True,False,False,False,False
1,1,86.44,0,86.44,True,False,True,False,True,False
0,21,42.89,0,900.69,True,False,True,True,False,False
1,62,33.89,0,2101.18,False,False,True,False,False,True
1,64,40.16,1,2570.24,True,True,False,False,False,False
0,56,55.41,0,3102.96,True,True,False,False,False,True
1,1,34.84,0,34.84,False,False,False,False,False,True
0,21,35.68,0,749.28,True,False,False,True,False,False
1,22,24.38,0,536.36,True,False,False,False,False,True
0,54,105.67,0,5706.18,False,True,False,False,True,False
1,4,41.98,0,167.92,True,False,False,False,True,False
1,65,102.19,0,6642.35,True,False,False,False,False,False
0,51,63.83,0,3255.33,True,False,True,False,False,True
1,63,83.24,0,5244.12,True,True,False,False,True,False
0,15,27.57,0,413.55,True,False,False,False,True,False
1,36,78.36,0,2820.96,False,False,False,False,False,True
1,29,49.0,1,1421.0,False,True,False,False,True,False
0,52,29.52,0,1535.04,False,False,False,False,False,True
1,46,110.82,0,5097.72,False,True,False,False,True,False
1,69,80.36,0,5544.84,True,True,False,False,False,True
0,29,44.17,0,1280.93,True,True,False,False,True,False
1,47,61.96,1,2912.12,True,False,False,False,True,False
0,25,55.69,1,1392.25,True,False,False,False,True,False
0,16,90.06,1,1440.96,True,False,False,True,False,False
0,41,80.74,0,3310.34,False,True,False,True,False,False
1,65,21.98,0,1428.7,False,False,False,False,True,False
1,69,39.78,1,2744.82,True,False,True,True,False,False
0,20,67.81,0,1356.2,True,True,False,False,False,True
1,69,64.55,1,4453.95,True,False,False,True,False,False
0,36,71.67,1,2580.12,False,True,False,False,False,False
1,58,91.48,0,5305.84,True,False,False,False,False,False
0,48,88.2,0,4233.6,True,True,False,False,True,False
0,2,57.28,0,114.56,True,False,True,True,False,False
1,29,107.76,0,3125.04,False,True,False,False,False,False
0,16,26.29,0,420.64,True,True,False,False,True,False
0,35,78.45,0,2745.75,False,True,False,False,False,False
1,62,114.97,0,7128.14,False,False,False,False,True,False
0,4,74.91,0,299.64,False,True,False,False,False,False
0,68,65.51,0,4454.68,False,False,False,False,False,False
1,51,33.39,1,1702.89,False,True,False,True,False,False
0,33,101.02,1,3333.66,False,False,False,False,True,False
0,24,57.38,0,1377.12,True,False,False,False,False,False
0,25,90.12,1,2253.0,True,False,False,False,True,False
0,28,39.75,0,1113.0,True,False,False,True,False,False
0,7,24.19,0,169.33,False,True,False,False,False,False
0,36,50.55,1,1819.8,True,True,False,False,False,True
0,10,48.14,0,481.4,False,False,False,False,False,True
0,36,107.35,0,3864.6,False,False,False,False,False,True
1,18,106.47,0,1916.46,False,False,False,False,True,False
0,6,73.39,1,440.34,True,False,True,True,False,False
0,7,21.9,0,153.3,False,False,True,False,True,False
1,12,42.83,1,513.96,False,True,False,False,True,False
0,41,83.9,0,3439.9,True,False,True,False,False,True
0,63,30.14,0,1898.82,True,False,True,True,False,False
0,25,90.06,0,2251.5,False,False,False,False,False,False
0,53,21.2,0,1123.6,False,False,False,False,True,False
0,33,88.25,0,2912.25,True,False,True,False,False,True
0,6,104.45,0,626.7,True,False,True,False,True,False
1,62,66.92,0,4149.04,True,False,True,False,True,False
1,66,102.91,0,6792.06,False,False,False,True,False,False
1,9,98.15,0,883.35,True,True,False,False,False,False
1,67,87.14,1,5838.38,True,False,True,False,True,False
1,16,64.51,1,1032.16,True,True,False,False,True,False
0,55,47.19,1,2595.45,False,True,False,False,False,False
0,40,106.09,1,4243.6,True,False,True,True,False,False
0,26,84.86,0,2206.36,True,True,False,False,True,False
0,38,99.8,0,3792.4,True,False,False,True,False,False
0,35,75.2,1,2632.0,True,False,True,True,False,False
1,68,37.19,1,2528.92,True,False,True,False,True,False
1,59,117.94,0,6958.46,False,False,True,False,False,False
0,14,38.27,0,535.78,False,False,True,False,True,False
0,47,111.12,0,5222.64,False,False,False,False,True,False
0,71,40.81,0,2897.51,True,False,False,False,False,True
1,42,57.37,0,2409.54,False,True,False,False,False,False
1,51,64.01,1,3264.51,False,False,True,False,False,True
0,19,112.14,0,2130.66,False,False,True,False,False,False
1,66,108.82,0,7182.12,True,True,False,False,True,False
0,47,102.32,0,4809.04,True,False,False,True,False,False
1,65,57.67,1,3748.55,False,False,True,False,False,True
1,42,20.45,0,858.9,False,True,False,False,False,True
0,38,88.16,0,3350.08,True,False,False,False,False,True
1,13,61.1,0,794.3,True,True,False,False,False,True
1,44,95.71,0,4211.24,False,True,False,False,False,False
0,24,99.49,0,2387.76,True,False,False,True,False,False
1,30,63.97,1,1919.1,False,False,True,True,False,False
0,70,94.81,0,6636.7,True,False,False,False,True,False
1,38,103.99,0,3951.62,False,False,True,False,True,False
0,23,112.85,0,2595.55,False,False,False,False,False,True
0,57,78.25,0,4460.25,True,False,True,False,True,False
1,23,97.85,0,2250.55,False,False,True,False,True,False
1,36,69.46,0,2500.56,False,True,False,False,False,False
0,57,24.17,0,1377.69,False,True,False,False,True,False
1,1,35.52,1,35.52,True,False,True,False,True,False
1,3,32.82,0,98.46,True,False,False,False,True,False
1,14,37.18,1,520.52,True,False,True,True,False,False
0,34,21.02,0,714.68,False,False,False,True,False,False
0,70,105.87,1,7410.9,True,False,True,False,True,False
0,69,76.01,0,5244.69,False,False,False,False,False,True
1,51,58.32,0,2974.32,False,True,False,True,False,False
1,29,60.98,1,1768.42,True,False,False,False,False,False
0,48,66.34,0,3184.32,True,True,False,False,False,False
0,16,27.39,0,438.24,False,False,False,False,False,False
1,57,47.47,1,2705.79,False,True,False,False,True,False
1,10,105.16,0,1051.6,True,False,False,False,False,True
1,19,94.37,0,1793.03,True,False,True,False,False,False
1,67,76.34,0,5114.78,True,False,False,False,False,True
0,36,68.07,0,2450.52,False,True,False,False,False,False
1,4,45.9,0,183.6,False,True,False,False,False,True
1,33,67.13,1,2215.29,False,False,False,False,True,False
0,28,79.79,1,2234.12,False,False,True,False,True,False
0,9,91.26,0,821.34,False,False,False,False,False,False
1,6,36.66,0,219.96,True,False,False,False,False,False
0,49,101.31,0,4964.19,True,True,False,True,False,False
1,22,54.58,0,1200.76,False,False,True,False,False,False
1,48,70.33,0,3375.84,False,False,True,True,False,False
0,21,80.79,0,1696.59,True,False,True,True,False,False
0,33,68.81,1,2270.73,True,False,True,False,True,False
1,56,77.2,1,4323.2,True,False,False,False,True,False
0,29,31.15,0,903.35,True,False,True,True,False,False
1,53,63.22,0,3350.66,False,False,True,False,False,False
1,40,48.05,0,1922.0,True,False,True,True,False,False
1,18,28.6,0,514.8,False,True,False,False,False,False
0,47,39.16,1,1840.52,True,True,False,False,True,False
1,13,80.24,0,1043.12,True,True,False,False,False,False
1,27,39.67,0,1071.09,True,False,True,True,False,False
1,62,38.11,0,2362.82,False,False,False,False,False,False
0,45,75.28,1,3387.6,False,False,False,True,False,False
1,3,110.47,0,331.41,True,True,False,False,False,False
1,22,98.87,0,2175.14,False,True,False,True,False,False
1,27,110.51,1,2983.77,False,False,True,False,True,False
0,55,78.3,0,4306.5,True,True,False,True,False,False
1,67,60.99,1,4086.33,True,True,False,False,True,False
1,33,92.96,0,3067.68,False,True,False,True,False,False
0,2,46.14,0,92.28,False,True,False,True,False,False
0,46,27.81,1,1279.26,False,False,False,False,False,True
1,33,54.46,0,1797.18,True,False,True,False,False,True
1,58,49.92,1,2895.36,True,False,False,False,False,True
1,7,87.55,1,612.85,False,True,False,False,False,True
0,15,75.14,0,1127.1,True,False,True,False,False,False
0,26,33.83,0,879.58,True,False,True,False,True,False
1,11,110.85,0,1219.35,False,False,False,False,True,False
0,38,79.33,0,3014.54,False,False,False,False,False,True
1,27,65.77,0,1775.79,True,True,False,False,False,False
1,7,113.72,0,796.04,True,False,False,True,False,False
0,1,29.73,0,29.73,False,True,False,True,False,False
1,21,98.96,1,2078.16,True,True,False,False,True,False
0,30,56.47,1,1694.1,True,True,False,False,True,False
0,8,89.54,0,716.32,False,False,True,False,False,False
1,3,113.07,0,339.21,False,False,True,True,False,False
0,55,71.77,0,3947.35,True,False,False,False,False,False
1,15,22.26,1,333.9,True,False,False,True,False,False
0,36,22.88,0,823.68,True,False,True,False,False,True
1,6,53.06,1,318.36,False,False,False,False,False,True
1,42,98.17,1,4123.14,True,True,False,False,False,False
1,50,48.83,1,2441.5,True,True,False,False,True,False
0,18,53.45,0,962.1,False,False,True,False,False,False
1,50,98.45,0,4922.5,False,False,False,False,False,False
0,30,31.62,1,948.6,True,False,False,True,False,False
0,39,104.68,0,4082.52,False,False,True,True,False,False
0,12,46.58,0,558.96,False,True,False,True,False,False
0,59,25.12,0,1482.08,True,True,False,True,False,False
0,44,31.73,0,1396.12,False,False,False,False,True,False
1,4,115.26,1,461.04,False,False,True,False,True,False
0,36,65.13,0,2344.68,True,False,True,False,False,True
1,48,45.64,1,2190.72,False,True,False,False,False,False
1,14,72.13,0,1009.82,True,True,False,False,False,True
0,49,88.23,0,4323.27,True,False,False,True,False,False
1,67,51.88,1,3475.96,False,False,True,False,False,False
1,9,92.53,1,832.77,False,False,False,True,False,False
0,21,45.23,1,949.83,False,False,False,False,False,False
1,16,31.23,1,499.68,True,False,True,False,True,False
0,16,74.97,0,1199.52,False,False,True,True,False,False
0,28,35.11,0,983.08,True,True,False,False,False,False
0,51,114.05,0,5816.55,False,False,True,False,False,False
1,56,20.04,0,1122.24,False,False,False,True,False,False
1,57,95.57,0,5447.49,False,False,False,False,True,False
1,52,47.95,0,2493.4,True,False,True,False,True,False
1,46,104.61,0,4812.06,False,False,False,False,True,False
0,38,26.02,0,988.76,False,False,True,False,False,False
0,48,115.3,0,5534.4,True,True,False,False,True,False
1,41,30.14,0,1235.74,True,True,False,False,False,False
0,59,98.79,1,5828.61,False,False,True,False,False,True
1,67,71.73,0,4805.91,False,False,False,False,True,False
0,66,63.04,0,4160.64,False,False,True,True,False,False
0,27,48.02,1,1296.54,True,False,True,True,False,False
0,32,104.14,0,3332.48,True,True,False,True,False,False
0,56,39.98,1,2238.88,True,False,True,True,False,False
0,10,92.12,0,921.2,True,True,False,False,False,True
1,40,64.58,0,2583.2,False,True,False,False,False,True
1,17,119.85,0,2037.45,True,False,True,False,True,False
0,58,81.14,1,4706.12,True,False,True,False,True,False
1,6,30.42,0,182.52,True,False,True,True,False,False
0,39,61.95,0,2416.05,False,False,True,True,False,False
0,18,26.63,1,479.34,False,True,False,True,False,False
0,42,48.57,1,2039.94,True,False,True,False,False,False
0,4,54.33,1,217.32,True,True,False,False,True,False
1,20,105.32,1,2106.4,False,True,False,True,False,False
0,28,103.8,1,2906.4,False,False,False,True,False,False
1,40,21.16,0,846.4,False,True,False,True,False,False
0,65,73.23,0,4759.95,False,False,False,False,False,True
0,44,42.35,1,1863.4,False,False,True,False,False,True
1,23,52.01,0,1196.23,False,False,False,False,False,True
0,57,22.17,0,1263.69,False,False,True,False,False,False
0,47,94.97,0,4463.59,False,True,False,False,False,False
1,13,115.06,0,1495.78,True,False,False,False,True,False
1,16,41.93,0,670.88,True,False,True,True,False,False
1,55,54.18,1,2979.9,True,False,True,False,True,False
0,65,40.64,1,2641.6,True,False,False,False,True,False
0,16,113.0,0,1808.0,True,False,False,False,False,True
1,37,20.94,0,774.78,True,False,True,True,False,False
1,52,78.39,0,4076.28,False,False,True,False,False,True
0,10,107.08,0,1070.8,False,True,False,False,False,True
0,38,38.63,0,1467.94,True,False,True,True,False,False
1,44,79.0,0,3476.0,True,False,False,False,True,False
1,54,25.06,1,1353.24,False,False,True,False,True,False
1,51,101.46,0,5174.46,False,False,True,False,False,True
1,52,47.44,0,2466.88,False,False,False,True,False,False
0,70,118.88,0,8321.6,True,True,False,False,True,False
0,59,112.2,1,6619.8,False,False,True,False,False,False
0,13,93.25,1,1212.25,True,False,False,False,True,False
0,41,69.68,0,2856.88,True,False,False,True,False,False
1,12,96.66,1,1159.92,False,False,False,True,False,False
0,50,33.06,0,1653.0,False,False,False,True,False,False
1,57,51.02,0,2908.14,True,True,False,False,False,True
0,50,22.69,0,1134.5,False,False,False,False,True,False
0,57,84.5,0,4816.5,False,False,True,False,False,False
0,54,100.55,1,5429.7,True,True,False,False,False,True
1,66,114.63,1,7565.58,False,False,False,False,True,False
0,8,88.65,0,709.2,True,False,True,True,False,False
1,63,93.21,0,5872.23,True,True,False,False,True,False
1,9,109.55,0,985.95,False,False,True,True,False,False
0,60,113.64,1,6818.4,True,True,False,True,False,False
1,63,69.13,0,4355.19,True,False,False,False,True,False
0,3,30.98,0,92.94,False,False,True,False,True,False
1,13,66.64,1,866.32,False,False,False,False,False,False
0,9,75.61,0,680.49,False,True,False,False,True,False
1,52,83.15,1,4323.8,True,False,False,False,True,False
1,62,118.93,0,7373.66,True,False,False,False,False,True
0,8,111.76,0,894.08,False,False,True,True,False,False
0,45,59.64,1,2683.8,True,False,False,True,False,False
0,53,31.35,0,1661.55,False,False,False,False,False,False
0,63,41.48,0,2613.24,False,False,False,False,False,True
1,57,37.38,1,2130.66,True,True,False,False,False,False
1,54,55.6,0,3002.4,False,False,True,False,True,False
1,19,107.65,0,2045.35,True,False,True,False,False,False
1,67,63.8,0,4274.6,True,False,False,True,False,False
0,46,76.73,0,3529.58,False,False,True,False,False,True
1,10,37.92,0,379.2,True,True,False,False,True,False
0,18,69.28,0,1247.04,False,True,False,False,False,True
1,12,107.36,0,1288.32,True,False,False,False,False,True
0,49,97.35,0,4770.15,True,False,False,False,False,False
0,23,28.12,0,646.76,True,True,False,False,True,False
0,62,106.21,0,6585.02,False,True,False,False,False,True
0,11,47.38,0,521.18,True,True,False,False,False,True
0,56,86.57,0,4847.92,False,False,False,False,False,False
1,55,34.64,0,1905.2,True,True,False,False,False,True
0,25,87.46,0,2186.5,True,False,False,True,False,False
1,9,23.57,0,212.13,False,True,False,True,False,False
1,12,80.06,0,960.72,False,True,False,False,True,False
0,11,84.59,0,930.49,False,False,True,False,True,False
1,38,44.45,1,1689.1,False,True,False,False,False,False
1,28,113.7,0,3183.6,False,False,False,False,False,True
1,8,24.6,1,196.8,True,True,False,False,False,False
0,47,109.17,0,5130.99,True,False,True,False,False,False
0,36,58.19,1,2094.84,False,True,False,True,False,False
0,50,91.39,0,4569.5,True,True,False,False,False,True
0,9,85.15,0,766.35,True,True,False,True,False,False
1,60,36.82,1,2209.2,True,False,False,True,False,False
1,67,51.9,0,3477.3,False,True,False,False,True,False
1,53,72.97,0,3867.41,True,True,False,False,False,False
1,17,104.65,0,1779.05,True,True,False,True,False,False
1,53,115.49,0,6120.97,True,False,True,False,True,False
1,28,22.06,1,617.68,False,False,False,False,True,False
0,63,55.26,0,3481.38,True,False,False,False,False,True
1,15,86.81,0,1302.15,True,False,True,False,False,True
1,19,72.77,0,1382.63,False,False,False,True,False,False
1,70,114.3,0,8001.0,False,False,True,False,True,False
0,47,21.7,0,1019.9,True,True,False,False,True,False
1,71,63.77,0,4527.67,True,False,False,False,True,False
1,48,86.88,0,4170.24,False,True,False,False,False,False
0,20,41.76,0,835.2,False,True,False,False,True,False
1,37,92.59,0,3425.83,False,False,False,False,False,False
0,2,28.12,0,56.24,False,True,False,False,False,True
0,64,65.1,1,4166.4,False,True,False,True,False,False
1,36,87.62,0,3154.32,False,False,True,False,False,True
1,5,46.68,0,233.4,False,False,False,True,False,False
0,64,27.38,0,1752.32,True,True,False,False,True,False
1,7,115.7,1,809.9,False,False,True,True,False,False
1,70,111.38,0,7796.6,False,False,False,True,False,False
0,22,112.64,0,2478.08,True,True,False,False,False,True
0,46,117.85,1,5421.1,False,True,False,True,False,False
1,40,38.47,0,1538.8,False,True,False,False,True,False
0,61,35.78,0,2182.58,True,True,False,False,False,False
1,46,23.42,0,1077.32,False,True,False,False,True,False
1,28,109.18,0,3057.04,True,False,False,True,False,False
1,35,95.28,0,3334.8,True,False,False,False,False,True
1,1,83.33,0,83.33,True,False,True,False,True,False
0,29,112.77,0,3270.33,True,False,True,True,False,False
1,9,77.51,0,697.59,False,False,True,False,False,True
0,9,32.97,1,296.73,True,False,False,False,False,False
1,22,37.69,0,829.18,True,False,False,False,False,True
1,63,33.22,0,2092.86,False,False,False,True,False,False
0,66,50.77,1,3350.82,True,True,False,False,False,True
1,58,57.95,0,3361.1,True,False,False,True,False,False
0,70,99.68,1,6977.6,True,False,False,False,False,True
0,55,39.13,0,2152.15,True,True,False,False,False,True
1,13,92.54,1,1203.02,False,False,True,False,False,True
1,19,69.12,1,1313.28,True,False,True,True,False,False
1,33,119.97,0,3959.01,False,False,True,False,False,True
1,65,97.66,0,6347.9,False,True,False,True,False,False
0,60,116.9,0,7014.0,True,True,False,False,True,False
1,12,54.24,0,650.88,True,True,False,False,False,False
1,43,32.31,1,1389.33,True,False,False,False,True,False
1,17,70.59,0,1200.03,True,False,True,False,False,False
1,68,32.42,1,2204.56,False,True,False,True,False,False
1,29,69.25,1,2008.25,False,True,False,False,True,False
0,55,46.99,0,2584.45,False,False,True,False,False,False
1,7,69.1,0,483.7,True,False,True,False,False,False
0,44,114.96,0,5058.24,False,False,False,False,True,False
1,5,48.9,0,244.5,True,False,True,False,True,False
1,60,119.34,1,7160.4,True,True,False,True,False,False
1,6,42.93,0,257.58,True,False,False,False,False,False
0,7,40.81,0,285.67,True,False,True,True,False,False
1,46,74.48,1,3426.08,True,False,False,True,False,False
0,57,104.2,0,5939.4,False,True,False,False,False,True
0,54,94.95,0,5127.3,False,True,False,True,False,False
1,46,92.35,1,4248.1,True,True,False,False,False,False
0,10,48.26,0,482.6,False,True,False,False,False,True
1,4,22.25,1,89.0,True,False,False,True,False,False
1,67,36.17,1,2423.39,True,False,False,True,False,False
0,25,54.95,0,1373.75,True,True,False,False,False,False
1,61,117.17,0,7147.37,False,False,False,False,False,True
1,38,111.98,0,4255.24,True,True,False,False,True,False
0,32,40.06,0,1281.92,True,True,False,False,True,False
0,23,92.56,0,2128.88,False,False,True,False,False,True
0,37,77.9,0,2882.3,False,False,False,False,False,True
0,3,24.98,1,74.94,False,False,True,False,False,True
0,13,57.17,0,743.21,True,True,False,False,False,True
0,34,68.61,1,2332.74,True,False,True,False,True,False
1,65,86.76,0,5639.4,False,True,False,True,False,False
0,8,49.49,0,395.92,True,True,False,False,False,False
0,9,113.38,1,1020.42,False,True,False,False,True,False
1,28,65.19,1,1825.32,False,False,False,False,False,False
1,18,44.85,0,807.3,True,True,False,False,True,False
0,42,51.64,0,2168.88,True,True,False,False,False,True
0,41,95.19,0,3902.79,False,False,False,False,True,False
1,70,84.03,0,5882.1,False,False,False,False,True,False
0,33,94.22,1,3109.26,False,True,False,False,False,True
0,54,49.23,1,2658.42,False,False,False,True,False,False
1,36,52.68,0,1896.48,True,True,False,False,False,True
0,56,59.67,0,3341.52,False,False,True,True,False,False
1,17,38.86,0,660.62,False,False,False,False,True,False
0,10,89.1,1,891.0,False,False,True,False,True,False
1,44,52.93,0,2328.92,True,True,False,False,False,False
1,2,52.62,1,105.24,True,False,False,False,False,False
1,14,46.94,1,657.16,False,False,False,False,True,False
0,41,65.28,0,2676.48,True,True,False,False,False,False
1,2,97.2,1,194.4,True,False,False,True,False,False
0,19,103.56,0,1967.64,True,False,False,False,False,True
1,1,100.45,0,100.45,False,False,False,False,True,False
1,2,82.12,0,164.24,False,False,True,False,True,False
1,27,48.04,1,1297.08,True,True,False,False,False,False
0,2,93.49,0,186.98,False,True,False,False,True,False
0,51,23.94,0,1220.94,False,True,False,False,True,False
1,10,99.82,0,998.2,True,False,False,True,False,False
0,19,98.02,0,1862.38,True,False,False,True,False,False
0,13,87.0,1,1131.0,False,False,False,False,False,True
0,48,29.79,1,1429.92,True,True,False,False,True,False
1,56,119.73,0,6704.88,False,False,True,False,False,False
0,56,95.64,0,5355.84,False,True,False,False,False,True
1,50,93.48,0,4674.0,True,True,False,False,False,False
1,45,26.4,0,1188.0,False,False,True,False,True,False
1,59,59.87,1,3532.33,False,False,False,False,False,False
0,39,28.62,0,1116.18,True,False,False,False,False,False
1,21,56.1,1,1178.1,True,True,False,False,False,True
0,55,77.05,0,4237.75,True,False,True,False,True,False
0,57,107.89,0,6149.73,False,True,False,False,False,True
1,41,48.29,0,1979.89,True,True,False,False,True,False
1,70,82.34,0,5763.8,True,False,True,True,False,False
1,49,36.47,0,1787.03,True,False,True,False,False,True
0,44,55.4,0,2437.6,True,False,False,False,True,False
0,35,114.72,0,4015.2,False,True,False,True,False,False
1,5,94.76,0,473.8,False,False,True,True,False,False
1,71,74.58,0,5295.18,True,False,True,True,False,False
0,51,45.17,0,2303.67,False,False,True,False,False,True
0,57,57.97,0,3304.29,True,False,True,True,False,False
1,58,35.67,1,2068.86,True,True,False,False,True,False
0,36,55.35,0,1992.6,False,True,False,False,False,True
0,10,35.06,0,350.6,False,True,False,False,False,False
0,50,99.53,0,4976.5,True,False,True,True,False,False
0,37,28.08,0,1038.96,True,False,False,False,False,True
0,20,38.94,0,778.8,False,False,True,False,False,False
0,13,89.12,0,1158.56,True,True,False,False,False,True
1,19,110.25,1,2094.75,False,True,False,True,False,False
0,56,116.46,0,6521.76,True,True,False,True,False,False
1,45,103.6,0,4662.0,True,False,False,False,False,False
1,60,41.15,0,2469.0,False,False,False,False,True,False
0,68,48.57,0,3302.76,False,True,False,True,False,False
1,57,107.08,0,6103.56,False,False,True,False,False,False
1,54,108.93,1,5882.22,False,True,False,True,False,False
1,37,84.07,0,3110.59,False,True,False,False,True,False
0,37,51.36,1,1900.32,False,False,False,False,False,False
1,14,42.41,0,593.74,False,False,False,False,True,False
0,44,105.23,0,4630.12,True,False,False,True,False,False
1,42,40.53,1,1702.26,True,False,False,False,False,False
1,1,86.18,1,86.18,True,True,False,False,False,True
1,23,116.8,0,2686.4,False,False,True,False,True,False
1,64,90.53,0,5793.92,False,True,False,True,False,False
0,28,45.77,0,1281.56,False,True,False,True,False,False
1,4,48.25,0,193.0,True,False,True,False,True,False
1,41,29.29,1,1200.89,False,True,False,False,False,False
0,60,88.62,0,5317.2,False,False,True,False,False,True
0,18,71.84,0,1293.12,True,False,False,True,False,False
0,63,40.65,0,2560.95,False,False,False,False,True,False
1,61,42.77,0,2608.97,True,False,False,False,True,False
0,49,20.9,0,1024.1,True,False,True,False,False,True
0,47,117.84,0,5538.48,False,True,False,False,False,True
0,39,102.8,0,4009.2,False,False,False,True,False,False
0,6,59.42,0,356.52,False,False,False,False,False,True
0,53,114.61,0,6074.33,True,True,False,False,True,False
0,25,87.71,1,2192.75,True,False,False,False,False,False
1,65,95.15,0,6184.75,True,False,False,False,False,False
0,5,88.0,0,440.0,False,False,True,False,True,False
1,65,95.68,1,6219.2,False,True,False,False,True,False
0,8,37.09,1,296.72,False,False,True,False,True,False
0,39,76.24,0,2973.36,False,False,False,True,False,False
0,43,104.94,0,4512.42,True,False,False,False,True,False
1,5,21.95,0,109.75,True,True,False,False,False,True
0,4,32.34,0,129.36,True,False,False,False,True,False
0,1,44.56,0,44.56,True,False,True,False,True,False
0,56,49.47,0,2770.32,False,False,True,True,False,False
0,45,38.27,0,1722.15,False,True,False,False,True,False
1,65,82.43,1,5357.95,False,True,False,False,False,True
1,3,49.4,0,148.2,True,False,False,False,False,True
1,22,35.81,1,787.82,True,True,False,False,False,True
1,56,110.58,1,6192.48,False,True,False,False,True,False
1,18,89.5,1,1611.0,False,False,False,True,False,False
0,25,44.61,0,1115.25,True,False,False,True,False,False
0,48,56.1,0,2692.8,False,False,True,True,False,False
0,31,94.08,0,2916.48,True,False,True,False,False,True
1,30,99.09,0,2972.7,True,True,False,True,False,False
0,66,37.64,0,2484.24,True,False,False,False,True,False
1,10,113.66,1,1136.6,False,True,False,False,True,False
0,71,98.53,0,6995.63,False,False,True,False,False,False
1,59,105.68,0,6235.12,True,True,False,False,False,True
0,51,34.39,1,1753.89,False,False,True,False,False,False
0,9,34.34,0,309.06,True,False,True,False,False,False
0,54,50.54,0,2729.16,True,True,False,False,False,True
0,62,26.46,0,1640.52,True,False,True,False,False,True
1,9,29.11,0,261.99,True,False,True,False,False,False
0,9,34.32,0,308.88,False,False,False,False,True,False
0,24,91.24,0,2189.76,True,True,False,False,False,False
0,39,23.02,0,897.78,True,True,False,False,False,True
1,8,28.32,1,226.56,False,True,False,False,True,False
0,25,114.42,0,2860.5,True,False,True,False,False,False
0,66,28.37,1,1872.42,True,False,True,False,False,False
0,10,73.75,0,737.5,False,False,True,False,False,False
0,24,84.26,1,2022.24,False,True,False,False,False,True
0,59,115.86,0,6835.74,False,False,False,False,False,False
1,31,109.98,1,3409.38,True,True,False,False,False,True
1,11,64.07,0,704.77,False,True,False,False,True,False
1,6,114.22,0,685.32,False,True,False,True,False,False
0,70,63.23,0,4426.1,True,False,False,False,True,False
1,32,86.99,0,2783.68,True,True,False,False,False,False
0,39,45.96,0,1792.44,True,False,False,False,False,True
0,48,83.66,1,4015.68,True,False,False,False,False,False
0,13,73.82,0,959.66,True,True,False,False,True,False
0,59,80.68,1,4760.12,False,True,False,True,False,False
1,67,88.27,1,5914.09,False,True,False,True,False,False
1,56,37.35,1,2091.6,False,False,True,False,False,True
1,41,50.13,0,2055.33,True,False,False,False,True,False
0,56,93.62,0,5242.72,True,True,False,False,True,False
1,35,36.38,0,1273.3,True,False,False,False,False,True
1,38,54.42,0,2067.96,False,False,True,False,False,True
0,67,86.65,0,5805.55,False,False,True,False,False,True
1,34,113.77,0,3868.18,True,True,False,False,False,False
0,70,27.53,0,1927.1,False,False,False,False,False,False
1,11,71.66,0,788.26,True,False,True,False,False,True
1,27,28.19,0,761.13,False,False,True,False,False,True
1,48,57.91,0,2779.68,False,False,False,True,False,False
0,24,37.54,0,900.96,False,False,True,True,False,False
1,18,84.94,0,1528.92,True,False,False,False,False,False
1,27,95.78,0,2586.06,False,True,False,True,False,False
1,54,44.73,1,2415.42,False,False,False,False,False,True
1,55,91.29,1,5020.95,True,True,False,False,True,False
0,21,64.68,1,1358.28,False,False,False,False,False,True
0,59,48.36,0,2853.24,True,False,True,True,False,False
1,34,72.34,0,2459.56,True,True,False,False,False,False
1,58,57.97,1,3362.26,True,False,False,False,False,True
1,48,43.0,1,2064.0,True,True,False,False,False,True
0,54,95.68,1,5166.72,True,False,False,True,False,False
1,18,99.75,0,1795.5,False,False,False,False,True,False
1,3,100.03,0,300.09,True,True,False,False,False,True
0,24,58.21,1,1397.04,True,True,False,False,False,False
0,1,36.95,0,36.95,True,True,False,False,False,False
0,6,104.04,0,624.24,True,False,True,False,True,False
1,19,52.93,0,1005.67,False,False,False,True,False,False
0,43,94.81,0,4076.83,True,False,False,False,True,False
0,8,101.75,0,814.0,False,True,False,False,False,False
1,69,96.82,0,6680.58,True,False,False,False,False,True
0,52,58.98,0,3066.96,False,False,False,False,False,False
1,47,113.8,0,5348.6,True,False,False,False,True,False
1,28,86.02,0,2408.56,True,True,False,False,False,False
0,46,77.57,0,3568.22,False,False,False,True,False,False
1,4,89.79,1,359.16,True,False,False,False,True,False
0,8,24.47,0,195.76,False,False,True,False,False,False
0,61,59.05,0,3602.05,True,False,True,False,False,True
0,17,108.12,0,1838.04,False,True,False,False,False,True
1,34,36.11,0,1227.74,True,False,False,False,True,False
0,20,61.44,0,1228.8,True,False,False,False,False,True
1,34,60.52,0,2057.68,False,False,True,False,True,False
1,43,55.6,0,2390.8,True,True,False,False,False,True
1,10,76.24,0,762.4,True,True,False,False,False,False
0,30,119.62,0,3588.6,True,False,False,False,False,True
1,25,45.58,0,1139.5,True,False,True,False,False,False
1,57,90.5,1,5158.5,True,False,True,False,True,False
0,63,95.8,0,6035.4,True,False,True,False,False,True
0,71,78.45,1,5569.95,False,False,False,True,False,False
1,47,29.75,1,1398.25,False,False,False,True,False,False
1,3,77.24,1,231.72,False,False,False,True,False,False
0,46,115.35,1,5306.1,True,False,True,False,False,True
1,36,54.21,0,1951.56,False,True,False,False,False,False
1,26,83.97,0,2183.22,True,False,False,False,True,False
1,10,115.94,1,1159.4,True,False,False,False,False,True
1,34,99.8,0,3393.2,True,True,False,False,True,False
0,8,88.83,0,710.64,True,True,False,False,True,False
1,55,117.11,0,6441.05,False,False,True,False,False,True
0,10,37.06,0,370.6,True,False,False,False,False,False
1,57,97.27,0,5544.39,False,False,True,True,False,False
0,45,60.68,0,2730.6,True,False,False,False,True,False
1,50,56.04,1,2802.0,False,False,True,False,True,False
0,64,72.07,0,4612.48,False,False,True,False,False,True
1,2,23.38,0,46.76,False,True,False,False,True,False
0,45,51.25,0,2306.25,False,False,False,False,False,True
1,62,36.62,0,2270.44,False,True,False,False,True,False
1,14,33.87,0,474.18,False,True,False,False,False,False
0,15,53.73,0,805.95,True,True,False,False,False,False
0,14,100.23,1,1403.22,False,False,False,True,False,False
0,31,40.11,1,1243.41,True,False,True,True,False,False
0,29,73.14,0,2121.06,False,False,True,False,False,False
0,27,94.87,1,2561.49,True,False,False,True,False,False
1,9,44.1,0,396.9,False,False,False,True,False,False
0,20,112.42,0,2248.4,False,False,True,True,False,False
0,58,106.65,1,6185.7,True,False,True,False,False,False
1,49,45.12,0,2210.88,False,True,False,True,False,False
0,57,118.96,0,6780.72,False,False,True,False,False,True
0,16,86.92,0,1390.72,False,True,False,True,False,False
0,8,48.61,0,388.88,True,False,True,False,False,True
1,67,88.1,0,5902.7,False,False,True,True,False,False
0,19,86.62,0,1645.78,True,False,True,False,False,True
1,67,80.62,0,5401.54,False,True,False,True,False,False
1,36,91.17,0,3282.12,False,True,False,False,False,True
0,60,46.83,0,2809.8,True,False,True,True,False,False
1,36,117.9,1,4244.4,False,True,False,False,False,True
0,11,105.79,1,1163.69,False,True,False,False,False,False
0,51,94.57,0,4823.07,True,True,False,False,True,False
0,55,22.63,0,1244.65,False,True,False,False,True,False
0,54,79.04,0,4268.16,True,False,False,False,False,False
0,17,90.65,0,1541.05,True,True,False,False,False,False
1,62,105.41,0,6535.42,True,False,True,False,False,True
1,42,114.62,0,4814.04,False,True,False,False,False,True
1,24,111.59,1,2678.16,True,False,True,True,False,False
1,17,60.6,0,1030.2,True,True,False,True,False,False
0,48,109.65,0,5263.2,False,False,True,False,True,False
0,70,20.07,0,1404.9,True,False,False,False,True,False
1,7,55.15,1,386.05,False,False,True,False,False,True
0,14,31.39,0,439.46,False,True,False,False,False,True
1,11,108.31,1,1191.41,False,True,False,False,False,False
1,12,112.8,0,1353.6,False,False,True,False,False,True
1,5,45.6,1,228.0,True,False,False,True,False,False
1,5,56.73,0,283.65,True,True,False,False,False,False
0,20,118.39,0,2367.8,True,True,False,False,False,True
0,54,76.61,1,4136.94,True,False,True,True,False,False
1,55,69.71,0,3834.05,True,False,True,True,False,False
1,58,70.04,0,4062.32,False,False,False,False,True,False
1,30,89.62,1,2688.6,True,False,True,False,False,False
1,24,115.45,0,2770.8,True,True,False,False,True,False
1,3,56.66,0,169.98,True,False,True,False,False,False
0,48,37.27,0,1788.96,False,False,False,False,False,False
1,71,38.5,0,2733.5,False,False,False,False,True,False
1,22,22.04,0,484.88,True,True,False,False,True,False
0,14,75.54,0,1057.56,False,False,True,False,False,True
0,48,112.91,0,5419.68,True,True,False,False,False,False
0,29,91.31,0,2647.99,True,False,False,False,False,True
0,50,119.3,0,5965.0,False,False,False,False,False,False
0,10,110.95,0,1109.5,False,False,True,True,False,False
0,71,69.19,0,4912.49,True,False,True,False,False,True
0,27,68.65,0,1853.55,True,True,False,False,True,False
0,28,82.84,0,2319.52,False,False,False,True,False,False
0,9,31.09,0,279.81,True,True,False,False,True,False
1,71,80.77,1,5734.67,False,True,False,True,False,False
0,26,66.41,1,1726.66,True,True,False,True,False,False
1,8,84.27,0,674.16,False,False,False,False,False,True
1,2,76.52,0,153.04,True,False,True,False,True,False
1,57,51.04,0,2909.28,True,False,False,False,False,True
1,52,80.78,0,4200.56,False,True,False,True,False,False
1,58,56.6,1,3282.8,True,False,False,False,False,False
1,3,39.46,0,118.38,True,True,False,False,False,False
1,8,87.51,0,700.08,False,True,False,True,False,False
1,59,50.63,0,2987.17,True,False,True,False,True,False
0,2,108.9,1,217.8,True,True,False,False,True,False
1,62,39.93,1,2475.66,True,False,False,False,True,False
1,49,80.01,0,3920.49,False,False,True,False,False,False
1,20,77.15,1,1543.0,False,False,True,False,False,True
1,29,39.77,0,1153.33,False,False,True,False,True,False
0,17,63.99,1,1087.83,True,False,True,False,False,True
1,22,87.55,0,1926.1,True,False,True,False,True,False
0,6,51.85,1,311.1,True,False,False,False,True,False
0,62,31.38,0,1945.56,True,True,False,False,True,False
1,31,81.52,0,2527.12,False,True,False,False,False,True
1,62,42.41,0,2629.42,True,True,False,False,False,True
0,12,88.15,0,1057.8,True,True,False,False,False,True
1,12,103.95,0,1247.4,True,False,True,True,False,False
1,63,32.34,0,2037.42,False,True,False,False,False,False
0,16,63.76,0,1020.16,True,True,False,True,False,False
0,25,64.49,0,1612.25,True,False,True,False,False,False
1,22,83.25,0,1831.5,True,False,True,True,False,False
1,18,53.44,0,961.92,True,False,True,False,False,False
1,45,61.86,1,2783.7,True,True,False,False,False,True
0,68,21.2,0,1441.6,False,False,True,False,False,False
1,12,32.24,1,386.88,True,False,True,False,True,False
0,49,76.99,1,3772.51,True,False,False,False,False,True
0,33,41.59,1,1372.47,True,False,False,True,False,False
1,63,34.46,0,2170.98,True,True,False,False,True,False
0,18,52.44,0,943.92,True,False,True,False,True,False
1,54,36.35,1,1962.9,True,True,False,False,False,True
1,27,25.96,0,700.92,True,False,False,False,True,False
0,25,48.39,1,1209.75,True,False,False,False,False,True
1,34,36.44,1,1238.96,True,False,True,False,False,False
0,60,99.94,0,5996.4,True,True,False,False,False,True
0,54,26.27,0,1418.58,False,False,False,False,False,True
1,5,94.74,0,473.7,False,False,True,True,False,False
1,36,58.28,1,2098.08,False,True,False,False,True,False
1,54,87.53,1,4726.62,False,False,True,True,False,False
1,36,25.27,0,909.72,True,False,True,True,False,False
0,69,112.07,1,7732.83,False,False,False,True,False,False
0,39,96.74,0,3772.86,False,True,False,True,False,False
0,70,34.01,0,2380.7,True,False,False,True,False,False
1,4,41.88,0,167.52,False,True,False,False,True,False
0,65,84.4,0,5486.0,False,True,False,False,True,False
0,40,112.16,0,4486.4,True,False,True,False,True,False
1,37,64.58,0,2389.46,True,False,True,True,False,False
1,67,68.56,0,4593.52,True,True,False,False,True,False
1,31,43.78,1,1357.18,False,False,True,True,False,False
0,47,58.3,0,2740.1,False,False,False,False,True,False
1,27,48.6,0,1312.2,True,True,False,False,True,False
0,51,55.06,0,2808.06,True,False,False,False,True,False
0,20,22.06,1,441.2,False,False,True,False,True,False
0,13,24.11,0,313.43,True,True,False,False,False,True
0,63,88.07,1,5548.41,False,False,True,False,True,False
0,44,88.18,0,3879.92,True,False,False,False,True,False
1,24,53.02,0,1272.48,True,True,False,False,False,True
0,3,108.55,0,325.65,False,False,True,False,False,False
1,10,46.61,0,466.1,True,False,False,False,False,False
0,65,59.58,0,3872.7,True,False,False,False,False,True
0,49,93.14,0,4563.86,True,False,True,False,False,False
1,58,94.36,0,5472.88,False,True,False,False,True,False
0,2,106.12,1,212.24,True,False,True,True,False,False
0,66,22.91,0,1512.06,True,True,False,True,False,False
1,31,38.38,0,1189.78,True,False,False,False,True,False
1,68,84.06,0,5716.08,True,False,False,False,True,False
0,37,53.82,1,1991.34,True,False,False,False,False,False
0,24,24.36,0,584.64,True,False,True,False,False,True
0,44,78.65,0,3460.6,False,False,True,True,False,False
1,41,59.31,0,2431.71,False,False,True,False,True,False
0,51,56.41,0,2876.91,True,False,False,False,False,True
1,42,46.44,0,1950.48,False,True,False,False,False,True
1,40,20.6,0,824.0,False,False,True,False,True,False
0,48,38.24,1,1835.52,True,False,True,False,False,True
1,4,67.42,1,269.68,False,False,True,True,False,False
0,60,47.57,0,2854.2,False,False,False,True,False,False
0,39,107.44,0,4190.16,False,True,False,False,False,True
1,5,34.3,0,171.5,False,True,False,False,True,False
1,6,107.53,0,645.18,False,True,False,False,False,True
1,14,60.48,1,846.72,False,False,True,False,False,False
1,70,47.58,0,3330.6,False,False,True,False,True,False
1,12,50.43,1,605.16,False,True,False,False,True,False
1,62,53.01,0,3286.62,True,False,False,False,True,False
0,27,70.66,0,1907.82,True,True,False,True,False,False
0,54,55.39,1,2991.06,False,False,True,False,True,False
0,12,84.72,0,1016.64,False,True,False,False,True,False
1,8,62.52,0,500.16,True,True,False,True,False,False
1,16,87.16,0,1394.56,False,True,False,True,False,False
1,52,80.44,0,4182.88,False,False,False,True,False,False
0,26,44.45,0,1155.7,True,False,True,False,True,False
0,8,101.28,1,810.24,True,False,True,False,True,False
1,45,99.9,1,4495.5,True,True,False,True,False,False
1,19,118.9,1,2259.1,False,False,True,True,False,False
1,17,37.51,0,637.67,False,False,False,False,False,False
1,65,104.78,1,6810.7,True,True,False,True,False,False
0,29,107.2,1,3108.8,True,False,False,False,False,True
0,14,84.22,0,1179.08,False,True,False,False,False,False
0,17,70.64,0,1200.88,True,True,False,True,False,False
1,13,115.73,0,1504.49,False,True,False,True,False,False
0,63,117.27,0,7388.01,False,False,False,True,False,False
1,33,84.17,0,2777.61,True,False,True,True,False,False
1,29,55.96,0,1622.84,True,False,True,False,False,True
1,37,101.72,1,3763.64,False,False,True,True,False,False
0,46,28.93,0,1330.78,True,False,True,False,True,False
0,24,49.06,0,1177.44,True,False,False,False,False,False
1,14,118.56,1,1659.84,True,False,True,True,False,False
0,5,101.43,0,507.15,True,False,True,False,True,False
1,53,113.96,1,6039.88,False,True,False,False,False,True
1,30,79.48,1,2384.4,False,False,False,False,False,False
1,60,60.77,0,3646.2,False,True,False,True,False,False
0,28,117.97,0,3303.16,False,False,True,False,False,False
0,26,50.94,0,1324.44,True,True,False,True,False,False
1,18,95.74,0,1723.32,True,False,True,False,False,True
0,36,75.82,0,2729.52,False,True,False,False,False,True
0,8,42.85,0,342.8,False,False,False,False,False,False
0,18,21.75,1,391.5,True,True,False,False,False,False
0,58,58.38,0,3386.04,False,True,False,False,False,False
1,32,74.77,0,2392.64,False,True,False,False,False,True
0,49,38.32,1,1877.68,True,True,False,False,True,False
1,48,61.46,0,2950.08,False,False,True,False,False,False
1,71,81.52,1,5787.92,True,True,False,True,False,False
0,65,91.49,0,5946.85,True,False,False,False,False,True
1,33,25.27,0,833.91,False,True,False,False,False,False
1,50,86.42,0,4321.0,True,False,False,False,False,True
0,4,25.67,1,102.68,False,True,False,False,False,False
1,36,22.82,0,821.52,True,False,True,False,False,True
1,28,35.24,0,986.72,False,False,False,False,False,True
0,3,85.36,0,256.08,False,False,False,False,False,False
0,6,25.28,0,151.68,False,True,False,True,False,False
0,45,22.09,0,994.05,True,False,True,False,False,True
0,23,31.8,0,731.4,True,False,True,True,False,False
0,7,114.97,1,804.79,False,False,False,True,False,False
1,61,110.73,0,6754.53,True,True,False,False,False,True
1,65,28.65,0,1862.25,False,False,True,False,False,True
0,6,50.4,1,302.4,False,False,True,False,False,True
0,24,114.73,0,2753.52,True,False,True,True,False,False
1,37,29.77,1,1101.49,False,True,False,False,False,True
0,45,29.46,0,1325.7,True,True,False,False,False,True
0,51,28.6,0,1458.6,False,False,False,False,False,True
1,45,117.65,0,5294.25,True,True,False,False,False,True
1,63,94.31,1,5941.53,False,False,True,False,False,False
1,29,41.45,1,1202.05,False,False,False,False,False,True
0,25,24.59,1,614.75,True,True,False,True,False,False
1,10,116.52,0,1165.2,False,False,True,True,False,False
0,35,62.55,1,2189.25,False,False,True,False,True,False
1,55,79.84,1,4391.2,True,False,False,False,False,False
0,25,47.92,0,1198.0,False,False,False,False,False,False
0,45,95.84,0,4312.8,True,True,False,False,True,False
0,12,39.68,1,476.16,False,True,False,True,False,False
1,4,98.69,0,394.76,True,False,False,True,False,False
1,67,43.06,0,2885.02,False,False,False,False,False,True
1,17,29.79,1,506.43,False,False,True,False,True,False
0,65,67.88,0,4412.2,False,True,False,True,False,False
1,53,101.32,1,5369.96,True,False,True,False,True,False
1,57,58.49,0,3333.93,True,False,False,False,True,False
0,28,22.89,0,640.92,True,False,False,False,False,False
0,16,75.33,0,1205.28,True,False,False,True,False,False
1,21,88.05,0,1849.05,False,True,False,True,False,False
1,42,94.07,0,3950.94,False,False,False,False,False,True
1,54,60.19,0,3250.26,True,False,False,True,False,False
0,32,29.7,0,950.4,True,True,False,False,False,False
1,38,78.43,0,2980.34,True,False,False,True,False,False
0,70,52.95,1,3706.5,False,True,False,False,False,True
0,38,114.69,0,4358.22,True,False,False,True,False,False
1,54,70.27,0,3794.58,True,True,False,False,True,False
1,60,67.23,0,4033.8,False,True,False,False,False,False
0,47,50.92,0,2393.24,False,True,False,False,False,True
0,12,53.88,0,646.56,True,True,False,False,False,True
1,53,71.28,1,3777.84,False,False,True,False,True,False
1,33,50.67,1,1672.11,True,True,False,False,False,False
1,28,109.23,0,3058.44,False,True,False,True,False,False
0,3,63.9,1,191.7,True,True,False,False,False,False
0,26,49.2,1,1279.2,True,True,False,False,False,False
1,54,35.54,0,1919.16,True,False,False,False,False,False
0,40,87.24,0,3489.6,True,False,False,False,False,False
0,66,22.58,1,1490.28,False,True,False,False,False,False
1,68,65.0,1,4420.0,False,True,False,False,False,False
0,47,75.01,0,3525.47,False,False,True,False,True,False
1,2,53.98,0,107.96,False,True,False,False,False,True
1,42,94.98,0,3989.16,True,True,False,False,True,False
0,34,87.57,0,2977.38,True,True,False,True,False,False
0,21,117.14,1,2459.94,False,False,False,False,False,True
1,44,70.88,1,3118.72,False,True,False,False,False,True
0,2,73.78,0,147.56,False,True,False,True,False,False
1,59,44.58,0,2630.22,False,False,True,False,False,True
0,16,58.55,1,936.8,False,False,False,True,False,False
0,20,22.69,0,453.8,True,False,True,False,False,False
0,26,88.93,0,2312.18,True,True,False,False,False,False
1,16,51.16,0,818.56,True,False,True,False,False,True
0,70,74.04,0,5182.8,False,True,False,False,False,True
1,23,45.5,0,1046.5,False,True,False,False,False,False
1,42,82.1,0,3448.2,False,False,False,False,False,False
1,37,64.76,0,2396.12,False,False,True,True,False,False
0,6,68.19,1,409.14,True,True,False,False,False,True
1,37,114.26,1,4227.62,True,False,True,False,False,True
1,22,90.62,0,1993.64,False,False,False,False,True,False
0,6,46.19,0,277.14,True,True,False,False,False,False
1,32,70.39,0,2252.48,True,False,False,False,False,False
1,17,66.67,0,1133.39,False,False,True,False,False,True
0,38,99.51,0,3781.38,False,False,True,False,True,False
1,17,103.34,0,1756.78,False,False,True,True,False,False
0,37,48.34,1,1788.58,False,True,False,True,False,False
1,23,102.12,1,2348.76,False,True,False,False,False,False
1,49,37.95,1,1859.55,False,True,False,False,True,False
0,61,96.28,0,5873.08,True,False,False,False,True,False
1,49,44.88,0,2199.12,True,False,True,True,False,False
1,61,49.79,0,3037.19,False,False,True,False,False,False
1,32,105.25,0,3368.0,True,False,True,False,False,True
0,63,62.01,0,3906.63,False,False,False,False,True,False
0,7,119.06,1,833.42,False,True,False,False,False,True
0,22,35.19,0,774.18,False,False,False,False,False,False
0,6,66.33,0,397.98,False,False,True,True,False,False
0,61,93.25,1,5688.25,True,False,True,False,True,False
1,14,20.54,0,287.56,False,False,False,False,False,True
0,16,35.19,0,563.04,True,True,False,False,True,False
0,3,22.04,0,66.12,False,True,False,False,True,False
0,9,119.29,0,1073.61,False,False,True,False,True,False
1,47,96.06,0,4514.82,False,False,False,False,False,False
1,42,57.36,0,2409.12,True,True,False,False,False,True
0,42,35.63,0,1496.46,False,False,False,False,True,False
1,23,29.04,0,667.92,False,False,True,False,False,True
1,3,73.19,0,219.57,False,False,True,False,False,False
1,1,117.59,0,117.59,True,False,True,False,True,False
1,67,87.46,0,5859.82,True,False,True,False,True,False
0,71,56.51,1,4012.21,True,True,False,False,True,False
0,3,70.09,1,210.27,False,False,True,False,False,True
1,49,119.89,0,5874.61,True,True,False,False,False,True
1,67,71.88,0,4815.96,False,True,False,False,True,False
1,55,116.42,0,6403.1,True,False,False,False,False,True
1,4,21.64,1,86.56,True,False,True,False,False,True
0,31,92.1,0,2855.1,False,True,False,False,True,False
1,66,82.72,1,5459.52,True,False,False,False,True,False
0,64,88.53,0,5665.92,False,False,False,True,False,False
1,31,77.06,1,2388.86,False,False,True,True,False,False
0,63,24.42,0,1538.46,True,False,True,False,True,False
1,66,34.96,0,2307.36,False,False,False,False,False,False
0,31,112.23,0,3479.13,False,True,False,False,True,False
0,47,43.29,0,2034.63,True,False,True,False,True,False
0,22,119.29,1,2624.38,True,False,False,False,True,False
1,46,87.96,0,4046.16,False,False,False,False,True,False
0,58,64.44,0,3737.52,True,True,False,False,True,False
1,61,112.0,0,6832.0,False,True,False,False,True,False
0,46,99.5,0,4577.0,False,False,False,False,True,False
0,1,62.9,0,62.9,True,True,False,False,True,False
1,25,26.86,1,671.5,True,False,True,True,False,False
0,61,106.83,0,6516.63,True,False,False,True,False,False
1,14,96.5,1,1351.0,True,True,False,True,False,False
1,45,99.07,1,4458.15,False,True,False,False,False,False
1,39,94.49,0,3685.11,False,True,False,False,False,True
1,66,47.58,0,3140.28,True,True,False,False,False,False
0,32,105.88,1,3388.16,True,False,False,False,False,False
0,58,20.22,0,1172.76,False,True,False,False,True,False
1,56,43.73,0,2448.88,False,False,True,True,False,False
0,6,24.66,1,147.96,False,False,True,False,True,False
0,67,31.06,0,2081.02,False,False,False,False,True,False
1,50,73.24,0,3662.0,True,False,False,True,False,False
0,38,23.73,0,901.74,False,False,True,False,True,False
1,3,38.14,1,114.42,False,False,True,False,False,True
0,5,43.27,0,216.35,True,False,False,False,False,True
0,24,85.53,0,2052.72,False,False,True,False,False,False
1,54,66.88,0,3611.52,False,False,True,True,False,False
0,34,65.84,1,2238.56,True,False,False,False,False,True
0,39,96.84,1,3776.76,True,False,False,False,False,False
1,48,65.67,0,3152.16,True,True,False,False,True,False
0,49,54.85,0,2687.65,False,True,False,False,False,False
1,34,116.25,0,3952.5,False,False,True,False,False,False
0,7,20.83,0,145.81,True,False,False,False,False,True
1,18,50.54,1,909.72,True,True,False,False,False,False
1,70,80.94,0,5665.8,False,False,True,True,False,False
1,34,98.28,1,3341.52,True,False,True,False,True,False
1,51,101.64,1,5183.64,True,False,True,True,False,False
1,68,24.61,0,1673.48,True,False,True,False,True,False
0,14,90.91,1,1272.74,False,False,False,True,False,False
0,69,92.03,0,6350.07,False,False,True,False,True,False
1,8,41.41,0,331.28,False,True,False,True,False,False
0,15,31.28,0,469.2,False,False,False,False,True,False
1,59,94.97,1,5603.23,False,False,True,False,False,True
0,11,44.95,0,494.45,False,True,False,False,False,False
0,20,20.17,1,403.4,True,True,False,False,False,False
1,55,42.36,1,2329.8,False,False,False,False,False,False
1,36,23.11,0,831.96,False,False,False,False,False,False
0,14,44.92,1,628.88,True,False,False,False,True,False
0,58,53.5,0,3103.0,False,True,False,True,False,False
1,38,47.14,0,1791.32,False,True,False,True,False,False
0,1,111.99,1,111.99,True,False,True,False,False,True
0,65,43.25,0,2811.25,True,False,False,False,False,False
1,1,66.75,0,66.75,True,False,False,False,False,False
0,60,115.74,0,6944.4,False,False,False,False,False,True
1,25,107.92,0,2698.0,True,False,False,False,False,False
1,10,50.93,0,509.3,False,True,False,False,False,True
1,50,52.65,0,2632.5,False,False,False,False,False,False
0,12,79.33,0,951.96,False,True,False,True,False,False
0,32,111.79,1,3577.28,False,True,False,False,False,True
1,33,21.0,1,693.0,True,False,False,True,False,False
1,26,59.31,0,1542.06,True,True,False,False,False,False
0,42,104.98,0,4409.16,False,True,False,True,False,False
0,50,61.05,0,3052.5,True,False,False,True,False,False
0,61,92.01,1,5612.61,False,False,False,False,True,False
1,41,89.19,0,3656.79,False,False,True,False,False,False
1,57,40.55,0,2311.35,False,True,False,False,True,False
0,2,64.96,1,129.92,True,True,False,False,False,True
0,70,76.62,0,5363.4,False,False,True,False,True,False
0,31,91.55,0,2838.05,False,False,True,False,False,False
1,23,102.24,0,2351.52,True,False,False,False,True,False
1,54,95.99,1,5183.46,True,False,True,False,True,False
0,28,22.83,0,639.24,True,False,False,False,False,False
0,19,87.06,0,1654.14,True,False,False,True,False,False
1,48,69.73,1,3347.04,False,False,False,False,False,True
1,2,77.39,1,154.78,True,True,False,False,True,False
0,11,57.3,0,630.3,False,True,False,False,False,False
0,44,91.4,0,4021.6,True,False,False,False,True,False
0,59,87.39,0,5156.01,True,False,True,False,False,True
1,59,77.95,0,4599.05,True,True,False,False,False,True
0,38,106.16,0,4034.08,True,True,False,False,False,True
1,25,30.19,0,754.75,True,False,True,False,True,False
1,21,50.1,0,1052.1,True,True,False,True,False,False
0,42,69.51,0,2919.42,False,False,True,True,False,False
0,36,115.86,0,4170.96,True,False,True,True,False,False
1,9,27.2,0,244.8,True,True,False,False,False,False
0,12,53.71,1,644.52,True,False,True,True,False,False
1,10,112.59,0,1125.9,True,False,True,True,False,False
0,59,109.79,0,6477.61,False,False,False,False,False,True
0,5,106.52,0,532.6,True,False,False,False,False,False
0,33,50.84,0,1677.72,True,True,False,False,False,True
0,69,104.68,0,7222.92,True,False,True,False,True,False
1,63,70.53,0,4443.39,True,True,False,False,True,False
1,29,81.98,0,2377.42,False,True,False,False,False,True
1,18,43.88,0,789.84,True,False,False,False,False,False
0,6,90.67,0,544.02,False,False,True,True,False,False
1,53,52.77,0,2796.81,True,True,False,True,False,False
1,32,54.39,0,1740.48,False,True,False,False,False,False
1,42,83.68,1,3514.56,False,False,False,True,False,False
0,47,43.98,0,2067.06,True,False,False,True,False,False
1,31,42.44,0,1315.64,True,False,False,False,False,True
0,62,56.92,0,3529.04,False,True,False,False,True,False
0,56,97.81,0,5477.36,False,False,True,False,False,False
1,11,42.47,0,467.17,True,False,False,False,False,False
0,26,98.73,0,2566.98,False,False,False,True,False,False
1,27,89.56,0,2418.12,False,False,True,True,False,False
1,57,87.91,1,5010.87,False,True,False,False,True,False
1,27,67.48,0,1821.96,True,True,False,False,False,False
1,59,94.59,1,5580.81,False,False,True,False,False,True
1,62,21.35,1,1323.7,False,False,False,False,True,False
0,20,50.56,0,1011.2,False,False,True,False,False,True
1,3,87.91,0,263.73,True,True,False,False,True,False
0,16,118.73,0,1899.68,True,True,False,False,False,True
1,44,20.25,0,891.0,False,False,False,False,False,True
1,30,71.0,0,2130.0,True,False,False,False,False,True
1,40,112.38,0,4495.2,False,False,True,False,False,False
0,65,106.35,0,6912.75,True,True,False,True,False,False
0,29,22.31,0,646.99,True,True,False,False,False,False
0,30,72.96,1,2188.8,False,False,True,False,False,True
0,32,20.43,0,653.76,True,False,False,True,False,False
1,10,98.96,1,989.6,True,True,False,False,False,True
1,51,50.89,0,2595.39,True,True,False,False,True,False
0,8,96.56,0,772.48,False,False,False,True,False,False
0,51,114.48,1,5838.48,True,True,False,False,False,False
0,36,117.61,0,4233.96,True,False,False,False,False,True
1,55,109.41,0,6017.55,False,False,True,True,False,False
0,35,40.41,0,1414.35,True,False,False,False,False,False
0,36,39.46,1,1420.56,True,False,False,False,True,False
1,56,82.58,1,4624.48,True,False,True,False,False,True
0,36,74.41,0,2678.76,True,True,False,False,False,False
1,61,20.95,0,1277.95,True,True,False,True,False,False
1,62,59.17,0,3668.54,False,False,False,False,True,False
1,25,110.67,1,2766.75,False,False,False,False,False,True
1,64,109.84,0,7029.76,True,False,True,False,False,False
1,60,40.39,1,2423.4,True,False,True,False,True,False
0,57,58.2,0,3317.4,True,True,False,False,True,False
0,70,76.04,1,5322.8,False,True,False,False,False,False
1,52,105.28,0,5474.56,False,False,True,False,False,True
1,56,73.2,0,4099.2,True,False,False,False,False,False
0,63,116.82,0,7359.66,True,False,True,False,True,False
0,68,99.91,0,6793.88,False,True,False,False,True,False
1,20,115.31,0,2306.2,True,False,False,True,False,False
0,54,93.15,1,5030.1,False,False,True,False,False,True
0,1,107.76,1,107.76,False,True,False,False,False,False
1,10,103.1,1,1031.0,True,False,False,False,False,True
0,23,45.38,0,1043.74,False,False,False,False,False,True
0,51,42.95,0,2190.45,True,False,False,False,True,False
0,24,106.44,0,2554.56,True,False,False,True,False,False
0,13,28.47,1,370.11,True,False,False,False,False,False
1,29,60.86,0,1764.94,True,False,True,False,False,False
0,58,102.07,0,5920.06,True,False,False,True,False,False
1,43,101.32,0,4356.76,True,False,True,True,False,False
0,10,33.88,0,338.8,False,False,False,False,True,False
1,31,68.77,0,2131.87,False,True,False,False,True,False
1,14,67.98,0,951.72,False,False,False,False,False,False
0,34,52.37,0,1780.58,False,False,True,True,False,False
1,17,111.72,0,1899.24,True,True,False,False,False,True
1,21,85.31,1,1791.51,False,True,False,False,False,True
1,67,118.02,0,7907.34,False,False,True,True,False,False
1,58,26.68,1,1547.44,False,True,False,False,False,False
1,8,59.44,0,475.52,True,False,True,False,False,True
0,38,103.51,0,3933.38,False,False,False,False,False,True
1,26,62.27,0,1619.02,True,False,False,True,False,False
1,64,46.19,1,2956.16,False,False,True,False,True,False
0,30,119.78,1,3593.4,True,False,False,False,False,True
0,9,107.31,0,965.79,True,True,False,False,True,False
1,32,74.65,0,2388.8,False,False,False,False,False,True
0,11,76.17,1,837.87,True,False,False,False,False,False
0,34,20.69,1,703.46,True,True,False,False,True,False
0,18,118.1,0,2125.8,False,True,False,False,False,False
0,19,100.63,1,1911.97,False,False,False,False,True,False
0,54,23.67,0,1278.18,False,False,False,True,False,False
0,37,37.63,0,1392.31,True,False,False,True,False,False
1,12,102.1,0,1225.2,True,False,True,False,False,True
1,4,28.69,0,114.76,True,False,True,False,False,False
0,43,114.18,1,4909.74,False,False,False,False,True,False
0,27,119.99,1,3239.73,True,False,False,False,False,False
1,51,108.64,1,5540.64,True,True,False,False,False,False
0,5,93.89,0,469.45,True,False,False,False,False,True
1,6,68.73,0,412.38,True,False,False,True,False,False
0,56,28.24,0,1581.44,True,False,True,False,True,False
1,68,93.04,0,6326.72,True,False,True,False,False,True
1,44,59.69,1,2626.36,True,False,True,False,False,False
0,15,77.02,0,1155.3,False,True,False,True,False,False
0,42,49.34,1,2072.28,False,False,False,True,False,False
0,11,44.22,0,486.42,False,False,True,False,True,False
0,11,52.43,0,576.73,True,True,False,True,False,False
1,66,101.38,0,6691.08,True,False,False,False,False,False
0,27,62.65,0,1691.55,False,False,False,True,False,False
1,58,51.17,0,2967.86,True,True,False,False,False,False
0,21,63.3,0,1329.3,False,False,False,False,True,False
1,21,23.23,1,487.83,True,True,False,False,False,False
0,1,109.06,0,109.06,True,True,False,True,False,False
0,58,75.18,0,4360.44,False,False,True,True,False,False
1,13,30.48,0,396.24,False,True,False,False,True,False
0,6,48.84,1,293.04,False,False,True,False,True,False
0,58,118.36,0,6864.88,False,False,False,True,False,False
0,17,79.31,0,1348.27,False,False,True,False,True,False
0,12,49.14,0,589.68,True,True,False,False,False,False
0,52,62.63,0,3256.76,True,False,True,False,False,True
1,70,45.85,0,3209.5,True,False,False,False,False,False
0,52,23.18,0,1205.36,False,False,True,False,False,False
1,37,104.2,1,3855.4,False,False,False,False,True,False
0,3,49.25,0,147.75,False,True,False,False,False,True
0,8,103.84,1,830.72,False,False,True,True,False,False
1,10,67.86,0,678.6,False,False,False,False,True,False
1,47,38.29,1,1799.63,False,False,False,False,False,False
1,41,100.19,1,4107.79,True,False,True,False,False,True
1,64,57.71,1,3693.44,True,False,True,False,True,False
1,42,90.77,0,3812.34,True,False,True,False,False,False
0,43,103.72,1,4459.96,True,False,True,False,False,False
1,9,116.3,0,1046.7,True,False,True,True,False,False
1,14,28.58,0,400.12,False,False,False,True,False,False
0,4,20.84,1,83.36,False,True,False,False,False,True
0,2,74.84,1,149.68,False,False,False,False,False,False
1,1,46.42,0,46.42,False,False,True,False,False,False
1,65,66.91,1,4349.15,False,False,True,True,False,False
1,46,27.27,0,1254.42,False,True,False,False,False,False
0,59,70.16,0,4139.44,True,False,True,True,False,False
1,7,32.49,0,227.43,False,True,False,False,False,False
0,66,103.86,0,6854.76,False,False,True,True,False,False
0,15,95.95,0,1439.25,False,False,False,True,False,False
0,47,27.41,0,1288.27,False,True,False,False,False,True
0,40,103.64,1,4145.6,True,False,False,False,False,False
1,42,52.5,1,2205.0,True,False,True,False,False,False
0,51,55.29,0,2819.79,False,False,False,True,False,False
0,35,37.98,0,1329.3,True,False,False,False,False,False
1,41,103.53,0,4244.73,True,False,False,True,False,False
0,57,60.47,1,3446.79,False,True,False,False,False,True
1,38,24.88,1,945.44,False,True,False,False,False,True
0,8,116.62,0,932.96,False,True,False,True,False,False
1,63,45.59,1,2872.17,False,False,False,False,True,False
0,4,113.62,0,454.48,False,False,False,False,False,True
0,48,50.12,0,2405.76,True,False,True,False,False,False
1,52,103.14,0,5363.28,False,True,False,True,False,False
0,38,86.42,0,3283.96,False,False,True,True,False,False
0,5,106.13,0,530.65,False,False,False,False,False,True
1,70,117.61,0,8232.7,True,True,False,True,False,False
0,24,107.15,0,2571.6,False,False,True,False,False,True
0,17,60.37,0,1026.29,False,False,False,True,False,False
1,26,101.45,0,2637.7,False,False,False,False,False,True
1,3,91.17,0,273.51,True,False,False,False,False,False
1,2,26.16,1,52.32,False,True,False,False,True,False
1,2,112.98,1,225.96,False,True,False,False,True,False
1,22,66.6,0,1465.2,False,False,True,False,True,False
0,71,33.45,1,2374.95,True,False,False,False,True,False
1,4,62.54,0,250.16,False,True,False,False,False,True
0,38,80.31,0,3051.78,False,True,False,True,False,False
1,70,77.29,0,5410.3,False,False,False,False,True,False
0,52,77.48,0,4028.96,True,False,False,True,False,False
0,31,45.58,0,1412.98,False,False,True,False,False,True
1,26,83.27,0,2165.02,False,False,True,False,False,True
0,36,110.74,1,3986.64,False,False,True,False,True,False
0,26,58.87,0,1530.62,True,True,False,False,False,False
1,28,83.06,0,2325.68,True,True,False,False,True,False
1,5,44.4,1,222.0,False,True,False,True,False,False
1,18,24.83,0,446.94,True,True,False,False,True,False
1,15,78.57,0,1178.55,True,True,False,False,False,True
0,57,24.75,0,1410.75,True,False,False,False,False,True
0,5,92.36,0,461.8,False,False,True,True,False,False
0,37,87.04,0,3220.48,False,False,True,True,False,False
0,22,56.93,0,1252.46,True,False,True,True,False,False
0,52,61.13,0,3178.76,True,False,True,False,True,False
0,15,111.78,1,1676.7,True,False,False,False,True,False
1,17,21.31,0,362.27,False,True,False,False,False,False
0,51,76.33,0,3892.83,False,True,False,True,False,False
0,45,112.34,0,5055.3,True,True,False,False,False,False
0,63,111.4,1,7018.2,True,False,True,False,False,False
1,28,78.47,1,2197.16,True,False,True,False,False,True
1,59,58.12,0,3429.08,True,False,False,False,False,False
1,21,29.89,0,627.69,False,False,False,False,False,True
1,42,37.38,0,1569.96,True,True,False,True,False,False
0,69,87.97,0,6069.93,False,True,False,False,False,True
0,17,21.66,0,368.22,True,True,False,True,False,False
0,68,108.35,1,7367.8,True,True,False,False,True,False
1,7,78.79,1,551.53,True,True,False,False,False,False
0,40,24.51,1,980.4,True,True,False,True,False,False
0,40,43.98,0,1759.2,True,False,True,False,True,False
0,43,79.42,0,3415.06,False,False,False,False,True,False
1,51,23.56,0,1201.56,True,False,False,True,False,False
1,23,98.0,0,2254.0,True,False,True,False,False,True
1,32,111.99,0,3583.68,True,True,False,True,False,False
0,31,116.12,0,3599.72,False,True,False,False,False,False
0,17,93.37,0,1587.29,False,True,False,False,True,False
0,58,105.68,1,6129.44,False,False,False,False,False,True
0,35,81.07,0,2837.45,False,False,False,True,False,False
1,30,65.85,0,1975.5,True,True,False,True,False,False
0,64,91.31,1,5843.84,True,True,False,False,True,False
1,53,42.42,1,2248.26,True,False,True,True,False,False
0,51,30.98,0,1579.98,False,True,False,False,False,False
1,37,96.19,0,3559.03,True,False,True,False,False,True
0,6,115.82,1,694.92,True,True,False,False,False,False
0,34,77.75,0,2643.5,False,True,False,False,True,False
1,56,68.25,1,3822.0,False,True,False,False,False,True
1,25,73.44,0,1836.0,False,False,True,False,True,False
0,13,67.85,0,882.05,True,False,True,False,True,False
0,63,64.22,0,4045.86,True,False,True,False,False,False
0,66,114.7,0,7570.2,False,False,False,False,False,True
1,5,67.98,1,339.9,True,False,False,False,True,False
0,11,28.11,0,309.21,False,True,False,False,False,False
1,44,96.55,0,4248.2,False,False,True,False,False,False
0,69,59.16,0,4082.04,True,False,True,False,False,True
0,2,91.07,1,182.14,False,True,False,True,False,False
0,40,77.96,1,3118.4,False,True,False,True,False,False
0,37,91.32,0,3378.84,False,True,False,False,True,False
1,49,26.2,1,1283.8,True,True,False,True,False,False
1,36,23.39,0,842.04,False,False,True,False,False,True
0,70,57.85,0,4049.5,False,False,False,True,False,False
0,34,89.32,0,3036.88,False,False,True,False,False,True
0,58,42.37,0,2457.46,False,False,False,False,True,False
1,37,63.34,1,2343.58,False,True,False,True,False,False
0,60,118.08,0,7084.8,False,False,False,False,False,True
1,12,41.49,1,497.88,False,False,True,False,False,True
1,32,104.79,1,3353.28,True,False,True,False,False,True
1,4,102.55,0,410.2,True,False,True,False,False,False
1,33,109.14,0,3601.62,False,False,True,False,True,False
0,43,111.51,1,4794.93,True,False,True,False,False,True
0,9,70.73,0,636.57,True,False,True,False,False,False
1,51,88.19,1,4497.69,False,True,False,False,False,False
0,20,81.89,0,1637.8,True,False,False,False,False,True
0,39,50.89,1,1984.71,False,True,False,False,True,False
0,23,47.98,1,1103.54,False,False,False,True,False,False
1,41,54.16,1,2220.56,False,False,False,False,False,False
0,44,41.85,0,1841.4,False,False,False,False,False,True
0,35,95.74,0,3350.9,False,False,True,False,True,False
0,23,116.46,0,2678.58,True,False,True,False,True,False
0,58,106.78,0,6193.24,False,False,True,False,False,True
0,48,41.79,0,2005.92,True,False,False,False,False,False
0,58,25.19,1,1461.02,False,False,False,True,False,False
0,57,95.71,0,5455.47,False,False,False,False,True,False
0,39,59.02,0,2301.78,False,True,False,True,False,False
0,28,102.46,1,2868.88,True,False,True,False,True,False
0,64,97.92,1,6266.88,False,False,True,False,True,False
1,62,82.54,1,5117.48,False,False,True,False,True,False
0,62,45.53,1,2822.86,False,True,False,False,False,False
1,26,30.4,1,790.4,False,True,False,False,False,False
0,51,45.26,0,2308.26,True,True,False,False,False,True
1,50,70.98,1,3549.0,False,False,False,True,False,False
1,36,117.95,0,4246.2,True,True,False,True,False,False
0,26,26.37,0,685.62,False,False,False,False,False,True
1,33,40.01,1,1320.33,True,False,False,False,False,False
1,68,82.73,0,5625.64,True,False,True,True,False,False
1,8,50.44,0,403.52,False,False,True,False,False,True
0,66,105.85,0,6986.1,False,True,False,False,True,False
1,23,33.94,0,780.62,True,False,False,True,False,False
1,70,116.32,0,8142.4,False,False,False,False,False,False
0,55,111.24,1,6118.2,False,False,False,True,False,False
1,43,108.75,0,4676.25,False,False,True,False,True,False
1,21,37.31,1,783.51,True,False,True,False,False,False
1,22,52.95,0,1164.9,False,False,True,False,False,False
0,9,100.41,0,903.69,False,False,True,False,False,True
1,34,100.78,1,3426.52,False,False,True,False,False,False
0,59,90.52,0,5340.68,True,False,True,False,False,True
1,26,64.81,0,1685.06,False,True,False,False,False,False
1,1,51.16,0,51.16,True,True,False,False,True,False
1,5,116.3,0,581.5,False,True,False,False,True,False
1,41,33.93,0,1391.13,True,True,False,False,True,False
0,63,24.38,0,1535.94,False,False,False,False,True,False
1,22,20.91,0,460.02,False,False,True,False,True,False
0,68,97.5,0,6630.0,True,False,True,True,False,False
1,48,25.67,1,1232.16,True,True,False,False,True,False
0,66,73.86,0,4874.76,True,False,False,False,False,False
1,16,56.73,1,907.68,False,True,False,False,False,True
1,53,34.69,0,1838.57,False,False,True,True,False,False
0,65,94.06,1,6113.9,False,True,False,False,False,False
0,64,25.5,0,1632.0,False,False,False,False,True,False
0,68,51.84,0,3525.12,True,False,True,False,True,False
0,63,76.22,0,4801.86,False,False,False,False,False,False
1,62,60.24,0,3734.88,False,True,False,True,False,False
0,71,45.91,1,3259.61,False,False,True,False,False,True
0,45,112.6,0,5067.0,False,False,False,False,False,True
0,52,113.1,0,5881.2,False,False,False,False,False,True
1,65,61.61,1,4004.65,False,False,False,False,False,True
1,2,59.37,0,118.74,False,False,True,False,True,False
1,49,50.74,0,2486.26,True,False,True,True,False,False
1,22,105.58,0,2322.76,False,True,False,False,True,False
0,29,76.79,0,2226.91,False,True,False,True,False,False
1,35,28.95,0,1013.25,False,False,True,False,False,True
0,24,105.33,1,2527.92,False,False,False,False,False,False
1,30,73.49,0,2204.7,True,False,True,False,False,False
0,42,61.56,0,2585.52,True,False,True,False,True,False
0,71,53.79,1,3819.09,True,False,True,False,False,False
0,50,29.94,1,1497.0,True,False,True,False,True,False
0,71,115.67,0,8212.57,True,True,False,False,True,False
0,60,94.12,0,5647.2,True,True,False,True,False,False
1,30,33.18,0,995.4,False,False,False,False,False,True
0,12,71.13,1,853.56,True,False,True,False,False,True
0,49,75.56,1,3702.44,True,False,True,False,False,True
0,46,36.79,0,1692.34,False,True,False,False,False,True
0,43,62.72,1,2696.96,True,True,False,True,False,False
1,2,84.57,0,169.14,False,False,True,False,False,True
1,54,48.4,1,2613.6,False,True,False,False,False,True
0,35,53.16,1,1860.6,True,False,True,False,False,False
0,52,32.2,1,1674.4,False,False,False,False,False,True
0,33,61.32,1,2023.56,True,False,False,False,False,True
0,51,78.39,0,3997.89,True,False,False,False,True,False
1,26,31.65,0,822.9,False,False,True,False,True,False
1,62,81.48,0,5051.76,False,True,False,False,False,True
0,61,59.78,1,3646.58,True,False,False,False,True,False
0,26,87.82,1,2283.32,False,False,True,False,False,False
0,37,51.48,0,1904.76,False,False,False,False,False,False
0,30,76.85,0,2305.5,True,False,False,False,False,False
0,11,81.28,0,894.08,True,True,False,True,False,False
1,53,89.05,0,4719.65,False,False,True,False,False,False
1,41,95.69,0,3923.29,True,True,False,False,False,True
0,5,33.64,1,168.2,True,True,False,False,False,False
1,66,116.52,0,7690.32,True,True,False,False,False,False
1,13,104.36,0,1356.68,True,False,False,False,False,False
1,63,76.23,0,4802.49,True,False,False,False,False,False
0,25,109.04,1,2726.0,True,False,False,False,True,False
1,44,58.24,1,2562.56,True,False,True,False,False,False
1,14,23.43,0,328.02,False,True,False,False,False,False
0,69,92.7,0,6396.3,True,False,False,False,True,False
1,59,114.33,0,6745.47,False,True,False,False,True,False
0,56,36.19,1,2026.64,False,True,False,True,False,False
1,52,84.39,1,4388.28,False,True,False,False,False,True
0,66,101.34,1,6688.44,True,True,False,True,False,False
0,68,110.51,0,7514.68,True,True,False,False,True,False
1,12,47.65,0,571.8,False,False,False,False,True,False
1,68,32.87,0,2235.16,True,False,True,False,True,False
0,43,44.79,0,1925.97,False,False,True,True,False,False
0,6,77.77,1,466.62,True,False,True,False,False,False
1,15,111.87,0,1678.05,True,False,True,False,False,True
1,42,78.25,0,3286.5,False,True,False,False,False,True
1,31,111.96,0,3470.76,False,False,False,False,False,False
1,53,97.0,1,5141.0,False,False,False,False,False,True
0,6,79.84,1,479.04,True,True,False,False,False,False
0,33,22.18,0,731.94,False,True,False,True,False,False
0,29,53.31,0,1545.99,True,False,False,False,True,False
1,21,25.75,0,540.75,True,False,False,False,False,False
1,54,52.22,0,2819.88,True,False,True,False,False,False
0,56,26.23,1,1468.88,False,False,True,False,True,False
0,21,36.78,0,772.38,False,False,True,False,True,False
0,55,61.07,1,3358.85,False,False,False,False,False,True
0,58,71.49,1,4146.42,True,False,True,False,False,False
0,64,41.71,1,2669.44,True,False,False,False,True,False
0,46,93.26,0,4289.96,False,False,False,False,False,True
1,22,79.04,1,1738.88,True,True,False,True,False,False
0,60,89.18,0,5350.8,True,False,False,False,False,False
0,11,93.28,0,1026.08,False,True,False,True,False,False
0,47,92.69,0,4356.43,False,True,False,False,True,False
0,31,113.62,0,3522.22,False,False,False,False,True,False
0,18,43.72,1,786.96,True,False,False,False,False,False
0,22,47.02,0,1034.44,True,False,True,True,False,False
0,56,29.42,0,1647.52,True,False,False,False,True,False
1,17,79.26,0,1347.42,True,False,True,False,False,False
0,38,59.52,1,2261.76,True,False,True,False,False,False
1,25,69.62,1,1740.5,False,False,False,False,False,False
1,32,36.98,0,1183.36,True,False,True,False,True,False
1,15,84.91,0,1273.65,True,True,False,False,True,False
0,13,81.9,0,1064.7,True,True,False,False,False,False
0,58,46.48,0,2695.84,False,False,False,False,False,True
0,50,66.54,1,3327.0,False,False,False,False,False,False
0,11,109.43,1,1203.73,False,False,False,False,False,False
0,13,97.35,1,1265.55,True,True,False,False,False,False
0,50,42.69,0,2134.5,False,False,True,False,False,True
0,38,107.89,1,4099.82,False,True,False,True,False,False
0,1,26.73,0,26.73,False,False,True,False,True,False
0,39,61.39,0,2394.21,True,False,True,False,True,False
0,27,28.01,1,756.27,False,False,False,True,False,False
1,36,112.42,0,4047.12,True,False,False,False,False,False
0,32,24.07,0,770.24,True,False,False,False,False,False
0,41,35.12,0,1439.92,False,True,False,False,True,False
0,15,111.5,0,1672.5,True,True,False,False,False,False
1,31,78.22,0,2424.82,False,True,False,True,False,False
0,6,99.52,0,597.12,True,False,False,False,True,False
0,52,21.64,1,1125.28,False,False,False,False,False,True
1,22,61.91,0,1362.02,False,False,True,False,False,False
0,31,118.45,0,3671.95,False,False,True,True,False,False
1,46,77.98,0,3587.08,True,False,False,False,True,False
1,67,104.97,0,7032.99,False,True,False,False,True,False
1,43,116.36,0,5003.48,True,False,False,False,False,True
1,1,88.5,0,88.5,False,True,False,False,False,False
0,44,52.76,0,2321.44,True,False,False,False,False,True
1,57,50.86,0,2899.02,True,False,False,True,False,False
1,9,27.13,1,244.17,False,False,True,False,True,False
0,5,62.78,0,313.9,False,True,False,False,True,False
0,9,111.54,1,1003.86,False,True,False,False,False,True
0,45,67.81,0,3051.45,False,False,False,False,False,True
1,24,111.1,0,2666.4,False,False,True,False,False,True
0,42,101.71,1,4271.82,True,False,False,False,False,False
1,22,118.42,0,2605.24,False,False,False,False,True,False
1,60,114.77,0,6886.2,False,True,False,False,False,False
0,37,90.65,0,3354.05,True,False,False,True,False,False
0,39,107.12,1,4177.68,False,False,True,False,False,False
0,53,94.81,0,5024.93,False,False,False,False,False,True
0,28,90.34,0,2529.52,True,False,True,True,False,False
0,15,91.56,0,1373.4,False,True,False,True,False,False
0,60,92.1,0,5526.0,False,True,False,False,False,False
1,60,57.94,1,3476.4,False,False,False,False,False,False
1,6,62.36,1,374.16,True,False,True,False,False,True
0,52,49.41,0,2569.32,False,True,False,False,False,True
1,12,34.83,0,417.96,True,False,True,True,False,False
1,19,65.84,0,1250.96,False,True,False,False,False,True
1,2,109.99,0,219.98,True,True,False,False,True,False
1,55,85.13,1,4682.15,False,False,True,False,True,False
1,15,25.62,0,384.3,True,False,True,True,False,False
1,64,101.12,1,6471.68,True,False,True,False,False,False
0,69,113.54,0,7834.26,True,True,False,False,False,False
0,15,102.94,1,1544.1,True,False,True,False,True,False
0,43,92.75,0,3988.25,True,False,False,False,False,False
1,17,35.01,1,595.17,True,False,True,False,False,True
0,24,54.9,0,1317.6,False,True,False,False,True,False
0,30,76.53,0,2295.9,False,False,True,True,False,False
0,67,27.69,1,1855.23,True,False,True,False,False,False
1,51,30.63,1,1562.13,True,False,True,True,False,False
0,60,113.43,0,6805.8,True,False,False,True,False,False
1,3,90.27,0,270.81,True,True,False,False,False,False
0,5,47.51,0,237.55,False,False,False,False,False,False
0,28,52.74,1,1476.72,True,False,False,False,True,False
0,11,58.44,0,642.84,False,True,False,False,True,False
1,15,27.51,0,412.65,False,True,False,True,False,False
1,48,93.92,1,4508.16,True,False,True,True,False,False
1,46,37.68,0,1733.28,True,True,False,False,True,False
1,28,100.51,0,2814.28,False,False,True,True,False,False
1,7,104.59,0,732.13,False,False,False,False,False,True
0,71,83.84,0,5952.64,True,False,True,False,False,False
0,6,96.99,0,581.94,True,True,False,False,False,False
1,58,37.18,0,2156.44,True,False,True,False,False,True
1,68,77.59,0,5276.12,False,False,False,False,True,False
0,55,87.68,0,4822.4,False,True,False,False,True,False
1,67,86.16,0,5772.72,True,True,False,True,False,False
0,49,31.73,0,1554.77,False,False,True,True,False,False
1,51,54.44,0,2776.44,False,False,True,False,True,False
0,59,52.5,0,3097.5,True,False,True,True,False,False
1,6,77.25,0,463.5,True,False,False,False,False,True
1,51,96.52,0,4922.52,False,False,False,False,False,False
0,38,77.06,0,2928.28,False,True,False,False,False,True
0,11,95.48,0,1050.28,True,True,False,False,False,False
1,52,29.9,1,1554.8,True,False,False,False,False,False
1,20,107.81,0,2156.2,True,False,True,True,False,False
0,10,73.66,0,736.6,True,False,True,True,False,False
1,26,23.75,0,617.5,True,False,False,False,False,False
0,48,84.32,0,4047.36,False,False,True,True,False,False
0,14,71.73,0,1004.22,False,False,False,False,False,True
1,59,42.04,0,2480.36,False,False,True,False,True,False
0,12,96.44,0,1157.28,False,False,True,True,False,False
0,23,113.36,1,2607.28,True,True,False,True,False,False
1,39,52.27,1,2038.53,True,False,True,True,False,False
0,9,69.39,0,624.51,True,False,True,False,True,False
0,25,32.82,0,820.5,False,False,False,False,False,True
0,17,112.98,1,1920.66,False,False,False,False,False,False
0,42,51.88,0,2178.96,False,False,False,False,False,True
1,29,39.48,0,1144.92,True,False,False,True,False,False
0,60,67.84,0,4070.4,False,False,True,False,True,False
1,67,24.33,0,1630.11,True,False,False,False,False,True
0,57,45.28,0,2580.96,True,True,False,True,False,False
1,14,26.77,0,374.78,True,False,False,True,False,False
0,39,32.74,0,1276.86,True,False,True,False,False,False
1,16,31.22,1,499.52,True,True,False,False,True,False
0,18,107.24,0,1930.32,True,False,True,False,False,False
0,20,113.04,0,2260.8,False,True,False,False,False,True
0,46,67.45,0,3102.7,True,True,False,False,False,False
0,45,83.04,0,3736.8,True,True,False,False,False,True
1,4,89.59,0,358.36,False,False,True,True,False,False
1,20,59.13,0,1182.6,True,True,False,False,True,False
0,11,57.02,0,627.22,False,False,True,False,True,False
1,65,87.56,0,5691.4,False,True,False,True,False,False
0,18,57.67,1,1038.06,False,False,False,False,True,False
0,39,78.1,0,3045.9,True,False,False,False,False,False
1,44,71.52,0,3146.88,True,True,False,False,False,True
1,18,72.45,1,1304.1,False,True,False,False,False,True
1,47,102.94,0,4838.18,True,False,False,False,False,True
0,31,90.41,1,2802.71,True,False,False,False,False,False
0,39,116.07,1,4526.73,False,False,True,False,False,True
1,38,99.1,0,3765.8,False,False,False,False,True,False
0,47,34.58,0,1625.26,True,False,True,False,False,True
1,70,93.85,1,6569.5,False,True,False,False,False,False
1,8,86.56,0,692.48,False,False,True,False,True,False
1,65,84.6,0,5499.0,False,True,False,True,False,False
1,13,68.07,0,884.91,True,False,True,False,True,False
1,55,26.25,0,1443.75,True,False,True,False,False,False
1,43,115.15,0,4951.45,True,False,True,False,True,False
0,4,105.19,0,420.76,False,True,False,False,False,True
0,71,68.68,0,4876.28,True,True,False,False,False,False
1,60,35.86,1,2151.6,False,False,True,True,False,False
1,12,102.45,1,1229.4,True,True,False,False,False,True
1,59,63.07,0,3721.13,True,False,True,False,False,False
0,54,59.01,0,3186.54,False,True,False,False,False,False
1,44,86.54,0,3807.76,True,False,True,True,False,False
1,16,95.87,0,1533.92,False,False,False,True,False,False
1,6,26.28,0,157.68,True,False,False,False,False,False
0,14,96.76,0,1354.64,True,False,True,True,False,False
1,58,93.39,0,5416.62,False,True,False,True,False,False
0,31,78.92,0,2446.52,False,False,True,False,False,True
0,41,53.84,0,2207.44,False,False,False,False,False,False
1,35,36.48,1,1276.8,True,False,False,False,True,False
0,10,30.27,0,302.7,True,False,True,False,False,True
0,30,20.12,0,603.6,True,False,False,False,False,False
0,44,40.65,1,1788.6,False,False,True,False,False,False
1,55,61.13,1,3362.15,False,False,False,False,False,True
0,71,44.36,0,3149.56,False,True,False,True,False,False
1,18,50.9,0,916.2,True,True,False,False,True,False
1,39,59.05,0,2302.95,True,True,False,False,True,False
1,42,50.83,0,2134.86,False,False,True,False,False,False
0,54,92.46,0,4992.84,True,False,True,False,False,False
1,30,69.17,0,2075.1,False,True,False,False,True,False
0,20,21.93,1,438.6,True,True,False,False,False,False
0,42,42.67,0,1792.14,True,True,False,False,True,False
0,5,90.97,1,454.85,False,False,False,True,False,False
0,50,50.09,0,2504.5,True,True,False,False,True,False
1,41,112.01,0,4592.41,True,False,False,False,True,False
1,39,91.27,0,3559.53,False,True,False,False,True,False
0,57,48.99,0,2792.43,False,False,True,False,False,False
1,57,71.64,0,4083.48,True,True,False,True,False,False
1,37,86.72,0,3208.64,False,False,False,False,False,True
1,7,39.34,0,275.38,True,True,False,False,False,True
0,5,44.62,0,223.1,False,False,False,False,True,False
1,51,70.71,0,3606.21,True,True,False,False,False,False
0,8,112.49,0,899.92,True,False,False,False,False,True
1,56,54.4,0,3046.4,False,False,False,False,False,True
0,11,60.21,0,662.31,True,True,False,False,True,False
0,22,39.06,0,859.32,True,True,False,False,True,False
0,11,79.32,0,872.52,False,False,True,False,False,False
1,60,94.02,0,5641.2,False,False,True,False,False,True
0,15,64.06,0,960.9,True,False,True,False,True,False
1,38,95.02,1,3610.76,False,False,False,True,False,False
0,1,50.26,0,50.26,False,False,False,True,False,False
1,46,90.7,0,4172.2,True,False,True,True,False,False
0,43,45.83,0,1970.69,True,False,True,False,True,False
1,22,98.06,1,2157.32,False,True,False,False,False,False
0,3,103.06,0,309.18,False,False,True,True,False,False
0,14,99.77,0,1396.78,False,False,False,True,False,False
0,2,41.55,1,83.1,True,True,False,True,False,False
1,61,89.42,0,5454.62,True,False,True,False,True,False
0,32,73.85,0,2363.2,True,False,True,False,True,False
0,38,118.6,0,4506.8,True,False,True,False,True,False
0,46,56.16,0,2583.36,True,True,False,True,False,False
0,42,97.13,0,4079.46,True,True,False,False,True,False
1,6,57.01,0,342.06,True,True,False,False,True,False
0,41,59.69,0,2447.29,False,False,True,False,False,False
0,25,31.1,0,777.5,False,True,False,False,True,False
1,11,43.97,1,483.67,True,True,False,False,False,True
1,41,36.45,1,1494.45,True,True,False,False,True,False
1,71,35.92,0,2550.32,True,True,False,False,True,False
0,57,20.9,0,1191.3,False,False,False,False,False,True
1,46,99.38,0,4571.48,True,False,True,False,False,True
1,48,66.79,0,3205.92,False,True,False,False,True,False
1,63,100.42,0,6326.46,False,False,False,False,False,False
0,39,81.26,0,3169.14,False,False,False,True,False,False
0,10,103.13,1,1031.3,False,False,True,False,False,True
0,70,70.38,0,4926.6,False,False,True,False,False,False
1,65,29.4,0,1911.0,True,True,False,False,True,False
0,59,81.68,0,4819.12,True,False,True,False,True,False
1,36,87.78,0,3160.08,False,False,True,False,False,True
1,27,82.65,1,2231.55,True,False,True,False,False,True
1,55,100.13,1,5507.15,False,False,True,False,False,False
0,70,93.15,1,6520.5,False,True,False,False,True,False
1,53,63.26,0,3352.78,True,False,False,False,False,True
1,60,101.91,0,6114.6,True,False,True,False,False,True
0,61,89.18,0,5439.98,True,False,False,True,False,False
1,36,32.04,1,1153.44,True,False,False,False,False,True
1,27,73.99,0,1997.73,True,False,False,False,False,False
1,41,92.86,0,3807.26,False,False,True,False,True,False
0,28,75.33,1,2109.24,True,False,True,False,False,True
1,16,114.9,0,1838.4,True,True,False,True,False,False
0,35,30.15,1,1055.25,True,False,True,False,False,True
0,36,92.23,0,3320.28,False,False,True,False,False,True
1,56,102.45,1,5737.2,True,False,True,False,True,False
1,19,90.27,0,1715.13,False,False,False,True,False,False
1,57,58.56,0,3337.92,True,True,False,False,False,False
1,33,58.55,0,1932.15,True,False,False,False,False,False
0,23,78.66,1,1809.18,False,True,False,False,True,False
0,63,59.71,0,3761.73,True,False,True,False,False,False
1,70,108.32,0,7582.4,True,False,True,False,False,False
0,22,30.99,0,681.78,False,False,False,False,False,True
1,67,83.92,1,5622.64,True,False,False,False,False,False
1,59,33.41,0,1971.19,False,False,False,True,False,False
1,25,74.02,0,1850.5,False,True,False,False,False,True
1,17,91.56,0,1556.52,False,False,False,False,False,False
0,39,36.55,0,1425.45,False,False,True,True,False,False
0,39,90.4,0,3525.6,False,True,False,False,False,True
1,24,34.0,1,816.0,True,True,False,True,False,False
1,38,82.06,0,3118.28,True,False,True,False,True,False
0,57,70.56,0,4021.92,True,False,False,False,True,False
0,44,49.81,0,2191.64,False,False,False,False,False,False
0,36,31.15,0,1121.4,False,False,True,True,False,False
1,70,93.59,0,6551.3,False,False,True,False,False,True
0,45,58.18,1,2618.1,False,False,True,True,False,False
1,26,28.65,0,744.9,True,False,True,True,False,False
1,11,97.28,0,1070.08,True,True,False,False,True,False
0,52,43.29,0,2251.08,False,True,False,False,True,False
1,25,93.65,0,2341.25,False,False,False,False,False,False
0,31,76.49,0,2371.19,True,True,False,True,False,False
1,45,39.45,1,1775.25,False,True,False,True,False,False
1,67,27.64,0,1851.88,False,True,False,False,False,True
1,40,79.32,0,3172.8,False,False,True,False,False,True
1,46,22.52,1,1035.92,True,True,False,False,True,False
1,54,26.55,1,1433.7,True,False,False,True,False,False
1,41,90.22,0,3699.02,False,True,False,False,False,False
0,38,73.89,0,2807.82,True,False,True,False,True,False
0,36,52.63,0,1894.68,False,True,False,True,False,False
1,44,73.92,1,3252.48,False,False,False,False,True,False
0,57,79.16,0,4512.12,True,True,False,False,False,False
1,66,76.53,0,5050.98,False,False,False,True,False,False
0,30,84.26,0,2527.8,False,False,True,False,False,False
0,10,114.03,0,1140.3,True,False,False,True,False,False
1,61,58.88,0,3591.68,False,False,False,True,False,False
0,63,50.12,0,3157.56,False,False,True,False,False,False
1,36,23.84,0,858.24,False,False,False,False,False,True
0,54,34.71,1,1874.34,True,True,False,False,False,False
1,65,30.62,0,1990.3,False,True,False,False,False,False
0,4,53.54,0,214.16,True,False,False,False,True,False
1,55,81.0,1,4455.0,False,True,False,False,False,False
0,54,24.63,0,1330.02,False,True,False,False,False,False
1,64,92.77,0,5937.28,False,False,True,False,True,False
0,22,59.74,0,1314.28,False,False,False,False,False,True
1,25,116.35,1,2908.75,True,True,False,False,False,False
0,59,76.84,1,4533.56,True,False,False,False,True,False
1,57,97.14,0,5536.98,False,False,False,False,False,True
0,54,106.12,0,5730.48,False,True,False,False,False,True
1,44,108.88,1,4790.72,False,False,True,False,False,False
1,52,71.85,0,3736.2,False,False,True,False,False,True
1,16,59.67,0,954.72,False,False,False,False,False,False
1,16,76.05,0,1216.8,False,False,True,False,False,True
0,55,60.21,1,3311.55,False,True,False,False,False,True
0,61,44.07,1,2688.27,False,True,False,False,False,True
0,40,52.39,1,2095.6,True,False,True,False,False,False
1,21,43.28,1,908.88,True,False,True,False,False,True
1,66,46.94,1,3098.04,True,False,False,True,False,False
1,8,29.36,0,234.88,False,False,True,False,True,False
1,71,62.65,0,4448.15,False,False,False,False,True,False
1,10,43.53,1,435.3,False,True,False,True,False,False
0,57,64.84,0,3695.88,True,False,True,False,False,True
0,4,99.22,1,396.88,False,False,False,True,False,False
0,43,64.83,1,2787.69,True,False,False,False,False,False
1,63,115.46,0,7273.98,False,False,False,False,True,False
1,43,34.78,0,1495.54,True,False,False,False,False,True
1,67,105.03,0,7037.01,True,True,False,False,True,False
1,51,44.83,0,2286.33,True,False,True,True,False,False
1,56,113.39,1,6349.84,False,False,False,True,False,False
1,43,42.71,0,1836.53,True,False,True,False,True,False
1,24,94.7,1,2272.8,False,False,True,False,True,False
0,34,26.21,0,891.14,False,True,False,False,True,False
0,59,82.98,1,4895.82,False,False,True,False,True,False
1,2,41.87,0,83.74,False,True,False,True,False,False
1,2,87.02,0,174.04,False,True,False,False,False,True
1,10,83.58,0,835.8,True,False,False,False,True,False
0,23,112.37,0,2584.51,False,True,False,False,False,True
0,15,82.67,0,1240.05,False,False,False,False,True,False
1,17,60.82,1,1033.94,False,True,False,False,False,False
0,14,39.36,0,551.04,False,True,False,False,False,True
0,16,85.75,0,1372.0,False,False,True,False,False,False
0,32,31.64,0,1012.48,True,False,False,True,False,False
1,23,102.85,1,2365.55,True,False,True,False,False,False
0,34,44.73,0,1520.82,False,True,False,True,False,False
0,16,72.42,0,1158.72,True,False,False,False,True,False
1,34,79.59,0,2706.06,True,True,False,True,False,False
1,71,56.25,0,3993.75,False,True,False,False,True,False
0,33,86.39,0,2850.87,True,False,True,False,True,False
1,68,45.02,0,3061.36,False,False,False,False,True,False
0,43,23.46,0,1008.78,True,False,False,True,False,False
0,64,115.93,0,7419.52,True,False,False,False,True,False
1,71,52.0,0,3692.0,True,True,False,False,False,False
1,18,91.35,0,1644.3,False,False,False,False,False,False
0,68,70.75,0,4811.0,True,True,False,False,True,False
1,61,86.9,0,5300.9,True,True,False,False,True,False
1,20,31.09,0,621.8,False,True,False,False,False,True
0,11,71.88,0,790.68,False,False,False,True,False,False
0,46,59.22,1,2724.12,True,False,True,False,False,True
0,64,65.18,0,4171.52,False,True,False,False,False,False
0,28,116.62,1,3265.36,True,False,True,True,False,False
0,48,33.63,0,1614.24,True,False,False,False,False,False
0,35,95.47,0,3341.45,False,False,False,True,False,False
1,8,53.03,0,424.24,False,False,False,True,False,False
1,22,49.04,0,1078.88,False,False,False,True,False,False
0,24,47.08,0,1129.92,True,False,False,False,False,False
1,66,54.88,0,3622.08,False,False,True,False,True,False
1,64,55.71,0,3565.44,True,False,False,False,False,False
0,65,47.07,0,3059.55,False,False,False,True,False,False
1,14,86.75,0,1214.5,True,False,False,False,False,False
1,25,24.77,0,619.25,False,False,False,False,False,False
0,3,53.23,1,159.69,True,False,False,False,False,True
1,5,48.02,0,240.1,False,True,False,True,False,False
1,65,95.14,0,6184.1,True,True,False,False,False,False
0,54,34.65,1,1871.1,False,False,True,True,False,False
1,19,114.07,0,2167.33,False,False,False,False,False,False
1,54,37.05,1,2000.7,True,False,True,False,False,True
1,10,57.0,0,570.0,False,False,True,False,False,False
0,16,39.97,0,639.52,True,False,False,False,True,False
0,46,48.67,0,2238.82,True,False,False,True,False,False
1,29,96.1,0,2786.9,False,True,False,False,False,True
1,15,67.64,0,1014.6,True,False,False,False,False,False
0,48,36.26,0,1740.48,False,True,False,False,False,True
0,11,24.66,0,271.26,False,False,True,False,False,False
1,34,42.99,0,1461.66,True,False,True,True,False,False
0,36,114.56,0,4124.16,False,True,False,False,False,False
1,30,104.53,1,3135.9,True,True,False,False,False,True
1,19,64.02,0,1216.38,True,False,False,False,True,False
0,68,68.2,1,4637.6,False,True,False,False,False,True
0,70,109.94,0,7695.8,False,True,False,False,True,False
1,33,79.13,0,2611.29,True,False,False,False,True,False
1,22,108.08,0,2377.76,True,False,True,True,False,False
0,36,69.18,1,2490.48,False,True,False,False,False,True
1,23,40.01,1,920.23,False,False,False,False,False,False
0,63,92.59,0,5833.17,False,False,False,False,True,False
0,26,72.64,0,1888.64,False,True,False,False,False,True
0,60,86.84,0,5210.4,True,False,True,True,False,False
0,5,35.72,0,178.6,False,False,False,False,False,False
0,54,84.76,0,4577.04,True,True,False,False,False,False
1,38,58.23,1,2212.74,True,False,True,False,False,False
0,62,53.2,0,3298.4,False,True,False,False,False,True
0,25,87.15,1,2178.75,True,False,False,False,False,True
0,12,79.22,0,950.64,False,False,False,False,False,False
0,22,84.91,1,1868.02,True,False,False,True,False,False
0,9,116.53,0,1048.77,False,True,False,False,False,False
0,29,90.12,0,2613.48,True,False,False,False,False,False
0,44,84.09,0,3699.96,True,True,False,True,False,False
1,27,81.36,0,2196.72,False,False,True,True,False,False
1,55,59.87,0,3292.85,False,False,True,True,False,False
1,5,103.92,1,519.6,True,False,True,False,False,False
1,52,58.09,0,3020.68,True,False,True,True,False,False
0,13,90.02,0,1170.26,False,False,False,False,False,True
1,42,49.31,0,2071.02,True,False,False,True,False,False
0,15,34.78,1,521.7,False,True,False,False,False,False
1,18,32.98,0,593.64,True,False,True,False,True,False
1,50,83.46,1,4173.0,False,False,True,False,True,False
0,2,52.8,0,105.6,True,True,False,False,False,True
0,13,47.5,1,617.5,False,True,False,False,True,False
1,68,79.21,0,5386.28,False,True,False,False,True,False
1,47,22.57,0,1060.79,True,True,False,False,True,False
1,50,44.62,0,2231.0,False,False,True,False,False,True
1,12,54.05,1,648.6,True,False,False,False,True,False
0,13,90.84,0,1180.92,False,False,True,False,False,False
1,9,74.5,0,670.5,False,True,False,False,True,False
1,59,105.6,0,6230.4,False,False,False,True,False,False
1,45,53.45,0,2405.25,True,False,True,False,True,False
1,70,49.64,0,3474.8,False,True,False,False,True,False
1,43,23.32,0,1002.76,True,False,False,False,False,False
0,23,115.17,1,2648.91,False,False,False,False,False,True
0,45,70.15,1,3156.75,True,True,False,False,False,True
0,23,70.25,0,1615.75,True,False,False,False,True,False
0,34,112.34,1,3819.56,True,False,True,False,False,False
0,16,48.99,0,783.84,False,False,True,False,True,False
1,63,53.21,0,3352.23,True,False,True,False,False,True
0,51,85.63,0,4367.13,False,False,False,False,False,True
0,32,98.52,0,3152.64,True,False,False,True,False,False
1,38,89.93,0,3417.34,True,True,False,True,False,False
0,56,98.87,0,5536.72,True,True,False,False,False,False
0,69,77.51,0,5348.19,True,False,False,False,False,False
0,17,106.28,0,1806.76,False,False,True,False,False,True
0,39,75.01,0,2925.39,True,False,False,False,False,True
1,41,42.93,0,1760.13,True,False,True,False,False,True
1,48,74.17,0,3560.16,False,True,False,False,True,False
0,28,91.29,0,2556.12,True,False,False,True,False,False
1,50,85.36,1,4268.0,True,False,False,True,False,False
0,1,44.3,0,44.3,True,False,False,False,False,True
1,50,24.11,1,1205.5,True,False,True,False,False,True
1,19,45.25,0,859.75,False,True,False,True,False,False
1,59,118.4,0,6985.6,False,False,True,False,False,False
1,68,38.45,0,2614.6,True,True,False,False,False,True
1,67,66.44,0,4451.48,False,False,True,False,False,True
1,41,83.83,1,3437.03,False,True,False,False,False,False
1,10,107.95,0,1079.5,True,False,True,False,False,True
1,28,96.03,0,2688.84,False,False,False,True,False,False
1,34,110.9,0,3770.6,True,False,True,True,False,False
1,39,80.44,0,3137.16,False,False,False,False,False,False
1,56,106.53,1,5965.68,False,False,False,True,False,False
0,52,46.38,0,2411.76,False,False,False,False,False,False
1,3,63.06,0,189.18,True,False,True,False,False,False
0,23,104.38,1,2400.74,False,False,False,True,False,False
1,17,52.56,0,893.52,True,False,True,False,False,False
0,71,107.12,0,7605.52,True,True,False,True,False,False
0,26,56.31,0,1464.06,False,False,True,False,False,False
0,18,56.34,0,1014.12,True,False,True,False,False,False
1,46,50.9,0,2341.4,False,False,True,False,False,False
1,70,74.69,0,5228.3,True,True,False,True,False,False
1,31,32.91,1,1020.21,True,True,False,False,False,True
1,9,23.66,1,212.94,False,True,False,False,True,False
0,35,109.74,0,3840.9,False,False,False,False,False,True
1,60,112.89,0,6773.4,False,False,True,False,False,False
1,63,27.62,0,1740.06,False,False,True,True,False,False
1,52,74.97,0,3898.44,True,False,False,False,False,False
1,48,73.97,0,3550.56,True,False,False,False,False,True
1,61,57.24,0,3491.64,True,False,True,False,True,False
1,24,76.89,0,1845.36,False,False,False,False,False,True
1,58,65.81,1,3816.98,True,False,False,True,False,False
1,64,68.96,0,4413.44,False,True,False,True,False,False
0,30,95.53,0,2865.9,True,False,False,False,False,True
0,29,72.6,1,2105.4,False,False,False,False,False,True
1,10,52.37,0,523.7,True,False,True,False,True,False
1,39,78.15,1,3047.85,True,False,False,False,False,False
1,55,84.08,0,4624.4,False,False,False,True,False,False
1,28,86.23,0,2414.44,True,False,False,True,False,False
0,18,81.83,1,1472.94,False,True,False,False,True,False
0,41,86.46,0,3544.86,True,False,True,True,False,False
1,65,51.01,0,3315.65,True,True,False,True,False,False
0,46,64.61,0,2972.06,False,False,False,False,False,True
0,60,86.87,0,5212.2,False,False,True,False,False,True
1,9,95.44,0,858.96,True,False,True,False,True,False
1,45,63.41,1,2853.45,True,False,False,True,False,False
1,60,56.53,1,3391.8,True,True,False,False,True,False
0,28,91.59,0,2564.52,True,False,False,False,False,False
0,3,42.22,0,126.66,True,True,False,False,False,False
1,51,20.95,0,1068.45,True,False,False,False,True,False
1,8,67.12,1,536.96,False,False,True,True,False,False
0,70,37.34,0,2613.8,False,False,True,False,False,False
0,59,57.83,0,3411.97,False,True,False,True,False,False
1,61,49.12,0,2996.32,True,False,False,False,False,True
0,58,97.73,1,5668.34,True,True,False,False,True,False
1,70,53.14,0,3719.8,True,False,True,False,False,False
1,12,84.07,0,1008.84,False,False,True,True,False,False
0,9,87.39,0,786.51,False,True,False,False,False,True
0,49,65.65,0,3216.85,True,True,False,False,True,False
0,17,28.11,0,477.87,True,True,False,False,False,False
1,54,90.04,0,4862.16,False,True,False,False,False,True
1,44,27.52,0,1210.88,False,True,False,False,True,False
1,32,29.92,0,957.44,False,False,False,False,False,False
1,35,39.6,0,1386.0,True,True,False,True,False,False
1,49,48.04,0,2353.96,True,True,False,False,False,True
1,54,104.65,0,5651.1,True,False,True,False,False,True
0,16,87.49,0,1399.84,False,False,True,True,False,False
1,12,58.72,0,704.64,False,False,False,False,False,True
1,8,117.86,0,942.88,True,True,False,False,False,True
1,21,44.36,0,931.56,True,True,False,False,True,False
1,48,80.98,0,3887.04,False,False,True,True,False,False
0,8,104.72,0,837.76,True,False,True,False,False,True
1,28,100.2,0,2805.6,False,False,True,True,False,False
0,10,29.03,0,290.3,False,True,False,False,True,False
0,52,89.73,0,4665.96,True,True,False,False,True,False
1,15,45.79,0,686.85,False,False,False,True,False,False
1,4,55.57,0,222.28,True,False,True,True,False,False
0,62,68.9,1,4271.8,False,False,True,False,False,False
0,4,99.08,0,396.32,False,False,True,False,True,False
1,41,36.62,0,1501.42,True,False,True,False,False,True
0,55,30.86,0,1697.3,False,False,True,False,True,False
1,28,35.34,0,989.52,True,True,False,False,True,False
1,47,41.82,0,1965.54,True,True,False,False,False,False
0,9,25.95,1,233.55,False,False,True,True,False,False
1,2,112.64,0,225.28,True,False,True,False,True,False
1,67,51.91,0,3477.97,True,True,False,False,False,False
1,48,37.7,1,1809.6,True,True,False,True,False,False
0,69,83.78,0,5780.82,True,False,False,False,True,False
0,28,98.7,0,2763.6,True,True,False,False,False,False
0,14,95.32,0,1334.48,True,False,False,False,True,False
1,46,91.87,0,4226.02,False,False,True,False,False,True
0,13,25.05,1,325.65,True,False,True,True,False,False
0,16,98.22,0,1571.52,False,False,True,True,False,False
0,40,70.19,0,2807.6,False,True,False,False,True,False
1,30,84.91,1,2547.3,True,True,False,False,False,False
1,65,115.64,0,7516.6,False,False,True,False,False,False
0,58,101.07,0,5862.06,False,False,True,False,False,True
0,48,102.54,0,4921.92,True,False,False,False,False,True
0,49,38.15,1,1869.35,True,True,False,False,False,False
1,2,67.64,0,135.28,True,True,False,True,False,False
0,14,114.93,0,1609.02,False,False,False,False,False,True
1,17,78.27,1,1330.59,False,False,True,False,True,False
1,31,30.26,0,938.06,True,False,True,False,True,False
1,10,93.18,0,931.8,True,True,False,True,False,False
0,70,24.29,0,1700.3,False,True,False,True,False,False
0,37,94.23,0,3486.51,False,False,True,False,False,True
1,64,107.98,0,6910.72,False,False,False,False,True,False
1,30,62.53,1,1875.9,False,False,False,True,False,False
1,34,61.36,0,2086.24,True,False,False,False,True,False
1,18,50.42,0,907.56,False,True,False,False,False,True
0,63,107.69,0,6784.47,False,False,False,True,False,False
0,49,74.78,1,3664.22,False,True,False,False,False,False
1,56,77.93,1,4364.08,False,True,False,False,True,False
1,58,86.17,0,4997.86,True,False,True,True,False,False
1,27,50.02,0,1350.54,True,False,True,False,False,True
0,55,63.28,1,3480.4,False,False,False,False,False,False
1,19,94.16,0,1789.04,False,False,False,True,False,False
0,23,118.55,0,2726.65,True,True,False,False,True,False
1,47,23.43,0,1101.21,True,False,True,False,True,False
0,66,24.26,0,1601.16,False,False,True,False,False,True
0,51,62.81,0,3203.31,False,True,False,False,True,False
1,28,85.96,1,2406.88,True,False,False,False,False,False
0,57,58.64,0,3342.48,True,False,False,False,False,True
0,58,119.96,0,6957.68,True,True,False,False,False,True
0,15,39.54,0,593.1,True,False,True,True,False,False
0,16,20.79,0,332.64,True,True,False,False,False,True
1,47,39.01,0,1833.47,True,True,False,True,False,False
1,63,108.68,0,6846.84,False,False,False,False,False,True
1,12,34.51,0,414.12,True,False,True,True,False,False
1,43,67.9,0,2919.7,True,False,False,True,False,False
1,29,61.93,0,1795.97,True,False,False,True,False,False
0,49,86.57,1,4241.93,True,False,True,False,False,False
0,3,25.46,0,76.38,False,False,False,True,False,False
0,69,85.88,1,5925.72,False,True,False,False,False,False
0,60,55.48,0,3328.8,True,True,False,True,False,False
1,66,112.6,0,7431.6,False,False,True,True,False,False
1,26,104.89,0,2727.14,False,True,False,False,False,False
0,71,59.95,0,4256.45,False,True,False,False,False,False
1,69,119.29,0,8231.01,False,True,False,False,False,False
0,47,25.19,0,1183.93,False,True,False,False,False,False
0,42,98.86,0,4152.12,False,False,False,True,False,False
1,31,63.38,0,1964.78,True,True,False,True,False,False
1,22,63.33,0,1393.26,True,False,True,False,False,True
1,17,37.01,0,629.17,True,False,False,False,False,True
1,20,71.49,0,1429.8,True,True,False,True,False,False
1,8,28.47,1,227.76,True,True,False,False,False,True
1,49,81.66,0,4001.34,False,False,True,False,False,False
1,38,44.16,0,1678.08,True,False,False,False,False,True
0,53,92.49,1,4901.97,True,True,False,False,False,False
1,28,80.74,0,2260.72,False,False,True,True,False,False
0,29,94.64,0,2744.56,False,False,False,False,False,True
0,11,94.97,1,1044.67,True,False,False,False,False,False
1,47,39.67,0,1864.49,False,True,False,True,False,False
0,45,20.07,0,903.15,False,False,True,True,False,False
1,18,56.58,0,1018.44,False,False,True,False,False,False
0,50,111.91,0,5595.5,False,True,False,False,False,False
0,49,77.79,1,3811.71,True,True,False,True,False,False
0,22,92.75,0,2040.5,False,True,False,False,True,False
1,45,107.96,0,4858.2,True,False,True,False,True,False
0,61,110.61,0,6747.21,True,False,False,False,False,False
0,21,72.9,0,1530.9,False,True,False,False,False,True
0,71,74.09,0,5260.39,False,True,False,False,False,False
1,61,105.09,1,6410.49,False,False,False,True,False,False
0,36,100.75,1,3627.0,True,False,False,False,False,False
1,24,89.89,0,2157.36,False,False,True,False,True,False
0,32,80.45,0,2574.4,False,True,False,False,False,False
0,59,81.72,0,4821.48,False,False,True,False,True,False
0,5,56.29,0,281.45,False,False,False,False,False,True
1,16,104.09,0,1665.44,False,True,False,False,False,True
0,11,81.78,0,899.58,True,False,True,False,False,True
0,35,42.35,0,1482.25,False,False,True,False,False,False
0,42,43.98,1,1847.16,False,False,False,False,True,False
0,10,106.16,0,1061.6,False,True,False,False,False,False
1,8,82.57,1,660.56,True,False,True,False,False,True
0,26,59.87,0,1556.62,False,False,True,False,False,False
0,3,38.71,1,116.13,True,False,False,False,True,False
0,59,81.02,0,4780.18,True,True,False,True,False,False
0,3,38.43,1,115.29,False,False,False,False,True,False
1,38,67.02,1,2546.76,False,False,True,False,False,True
0,2,87.75,0,175.5,False,True,False,False,False,True
0,17,76.54,0,1301.18,True,False,False,False,False,True
1,36,112.21,0,4039.56,True,True,False,False,False,False
0,2,23.97,0,47.94,True,True,False,False,True,False
0,34,47.98,0,1631.32,True,True,False,False,False,False
0,27,25.71,0,694.17,True,False,True,False,False,True
1,37,39.46,0,1460.02,True,True,False,False,True,False
0,71,32.4,0,2300.4,False,False,False,True,False,False
1,22,93.27,0,2051.94,False,True,False,False,False,True
1,68,56.94,0,3871.92,True,True,False,False,True,False
1,14,112.5,0,1575.0,False,False,True,False,True,False
1,23,22.34,0,513.82,False,False,False,False,False,True
1,44,85.29,0,3752.76,True,True,False,True,False,False
1,65,117.05,0,7608.25,True,False,True,False,True,False
1,61,37.58,0,2292.38,False,False,True,False,True,False
0,55,64.24,1,3533.2,True,True,False,True,False,False
0,71,90.19,1,6403.49,True,True,False,False,False,True
1,50,83.31,0,4165.5,False,True,False,False,True,False
1,12,76.6,0,919.2,True,False,True,False,False,True
1,15,52.68,0,790.2,False,True,False,False,False,False
1,17,92.82,1,1577.94,False,False,True,False,False,False
1,34,85.33,0,2901.22,False,False,False,True,False,False
1,35,36.28,0,1269.8,False,True,False,False,False,True
0,39,116.41,1,4539.99,False,False,False,False,True,False
0,55,75.57,1,4156.35,True,False,False,True,False,False
1,59,72.55,1,4280.45,True,False,False,False,False,False
1,5,104.82,1,524.1,True,False,True,False,False,True
1,30,84.04,1,2521.2,True,False,True,True,False,False
0,4,27.45,1,109.8,False,False,True,True,False,False
1,15,70.66,0,1059.9,False,False,True,False,False,True
0,35,98.06,1,3432.1,True,False,False,False,True,False
0,55,90.0,0,4950.0,False,False,True,False,True,False
0,66,117.08,0,7727.28,True,False,False,False,True,False
1,60,22.49,0,1349.4,True,False,False,False,False,True
1,24,46.12,0,1106.88,True,False,True,False,False,False
0,22,74.92,0,1648.24,False,False,False,True,False,False
0,44,81.95,1,3605.8,False,False,True,False,False,True
0,32,47.44,0,1518.08,False,False,False,False,True,False
0,51,102.68,1,5236.68,False,True,False,False,True,False
1,3,36.43,0,109.29,True,False,True,True,False,False
0,70,20.08,0,1405.6,False,False,False,True,False,False
1,32,115.24,1,3687.68,False,False,True,True,False,False
0,2,59.16,0,118.32,False,False,False,True,False,False
1,59,115.75,1,6829.25,True,False,True,True,False,False
0,14,47.79,0,669.06,True,True,False,False,False,True
1,51,26.34,1,1343.34,False,True,False,False,True,False
1,11,97.25,0,1069.75,False,False,True,False,True,False
1,10,103.58,0,1035.8,False,False,True,False,False,True
0,58,69.21,1,4014.18,False,False,False,False,False,False
1,34,27.39,0,931.26,True,False,False,False,True,False
0,53,85.41,1,4526.73,False,False,True,False,False,False
1,28,38.21,1,1069.88,False,True,False,False,False,False
1,18,104.94,0,1888.92,False,True,False,False,False,False
0,26,47.4,0,1232.4,True,False,True,False,False,False
1,7,104.77,0,733.39,True,False,False,False,True,False
1,45,62.69,0,2821.05,False,False,True,False,True,False
0,45,79.65,0,3584.25,False,False,True,False,False,True
1,71,98.96,0,7026.16,False,True,False,False,True,False
1,35,24.04,1,841.4,False,True,False,False,False,True
1,52,102.12,0,5310.24,False,False,False,False,False,False
1,21,33.86,0,711.06,True,False,False,False,False,True
0,28,55.84,0,1563.52,True,False,True,False,False,True
1,44,67.28,0,2960.32,True,False,True,False,True,False
1,56,109.54,0,6134.24,False,False,True,False,False,True
1,10,22.24,0,222.4,True,False,True,False,False,False
1,23,75.92,1,1746.16,True,True,False,False,True,False
1,48,84.25,0,4044.0,True,False,False,False,True,False
1,52,51.66,0,2686.32,False,False,False,False,True,False
1,15,49.05,0,735.75,False,False,False,True,False,False
1,55,69.05,1,3797.75,True,False,False,False,False,False
0,43,38.71,1,1664.53,False,True,False,False,False,True
0,50,66.81,0,3340.5,True,False,True,True,False,False
0,6,96.5,0,579.0,True,False,False,False,True,False
0,33,104.54,0,3449.82,True,False,False,True,False,False
1,62,58.52,0,3628.24,True,False,True,True,False,False
1,55,81.73,0,4495.15,False,True,False,False,False,True
0,39,20.0,1,780.0,False,True,False,False,False,False
0,12,75.04,0,900.48,False,False,False,True,False,False
0,31,117.52,0,3643.12,False,False,False,False,False,False
1,53,51.23,0,2715.19,True,False,False,False,False,False
1,34,79.48,0,2702.32,False,True,False,False,True,False
0,41,96.23,0,3945.43,True,False,False,False,True,False
0,10,80.89,1,808.9,False,False,True,False,False,True
0,52,61.85,1,3216.2,False,True,False,False,False,True
0,57,35.26,0,2009.82,False,True,False,True,False,False
0,3,66.37,0,199.11,True,False,True,False,True,False
1,57,49.48,1,2820.36,True,False,True,False,False,False
0,33,89.59,0,2956.47,True,True,False,False,False,False
1,7,64.19,0,449.33,True,False,False,True,False,False
0,4,104.99,0,419.96,False,True,False,False,True,False
0,39,39.33,0,1533.87,True,False,False,False,False,True
1,48,61.77,1,2964.96,True,False,True,True,False,False
0,16,75.75,1,1212.0,False,False,False,False,False,False
1,38,32.6,0,1238.8,False,False,True,False,True,False
1,4,78.79,0,315.16,True,False,False,False,False,True
0,4,49.09,0,196.36,False,False,False,False,False,True
0,27,42.95,0,1159.65,True,False,True,False,False,False
1,17,34.19,1,581.23,False,False,False,False,False,False
1,70,54.99,0,3849.3,True,True,False,False,False,False
0,54,112.9,0,6096.6,True,False,False,False,False,False
1,8,23.1,0,184.8,True,True,False,False,False,True
0,53,105.22,0,5576.66,True,False,True,False,True,False
1,5,59.74,0,298.7,True,False,False,False,False,True
0,69,76.16,0,5255.04,False,False,False,False,False,False
1,47,71.28,1,3350.16,True,True,False,False,True,False
1,40,112.57,0,4502.8,True,True,False,False,False,True
0,7,97.01,0,679.07,True,False,True,False,True,False
1,12,118.48,1,1421.76,True,True,False,False,False,True
1,25,99.44,1,2486.0,True,True,False,False,True,False
1,28,49.59,0,1388.52,False,True,False,False,False,True
1,43,116.29,0,5000.47,False,False,False,False,False,True
1,47,118.36,0,5562.92,True,False,False,True,False,False
1,49,32.31,0,1583.19,False,False,False,False,False,False
1,54,110.1,1,5945.4,True,False,False,True,False,False
0,18,86.42,0,1555.56,False,False,False,False,False,True
1,27,112.2,1,3029.4,False,True,False,False,False,False
1,6,111.57,0,669.42,True,True,False,False,False,True
0,69,109.14,1,7530.66,False,False,False,True,False,False
1,71,108.53,0,7705.63,False,False,False,False,True,False
1,22,31.76,0,698.72,True,False,True,False,True,False
0,59,34.35,0,2026.65,True,False,True,False,False,False
1,47,31.78,0,1493.66,False,True,False,True,False,False
1,68,29.1,1,1978.8,False,False,True,True,False,False
0,32,55.33,0,1770.56,False,True,False,False,False,True
0,1,88.4,0,88.4,True,False,True,False,False,False
1,54,55.47,0,2995.38,False,False,False,False,True,False
1,46,92.03,0,4233.38,False,False,False,True,False,False
0,41,102.03,0,4183.23,False,True,False,False,False,True
1,41,86.62,0,3551.42,True,True,False,False,False,False
0,8,66.51,0,532.08,True,True,False,True,False,False
0,32,49.55,1,1585.6,True,True,False,True,False,False
0,30,32.44,1,973.2,True,False,True,False,True,False
1,46,69.37,1,3191.02,False,False,False,True,False,False
0,52,91.96,0,4781.92,True,False,True,False,True,False
0,61,74.82,1,4564.02,False,False,False,True,False,False
0,13,92.15,0,1197.95,False,False,False,False,False,True
1,40,53.52,0,2140.8,False,False,True,False,False,True
1,61,26.68,0,1627.48,False,True,False,False,False,True
1,44,97.11,0,4272.84,True,False,True,False,False,False
0,62,41.97,1,2602.14,True,False,True,False,False,False
1,44,81.63,0,3591.72,True,False,True,False,False,True
1,48,100.43,0,4820.64,True,False,False,False,False,True
0,59,33.91,0,2000.69,True,True,False,False,False,True
0,57,79.85,0,4551.45,False,False,False,False,True,False
1,11,88.94,0,978.34,True,False,True,False,False,True
1,25,94.65,0,2366.25,True,False,True,False,False,False
0,61,34.77,1,2120.97,True,False,False,False,True,False
1,46,102.51,0,4715.46,True,False,False,False,False,True
0,54,29.41,0,1588.14,False,True,False,False,False,False
0,34,71.96,0,2446.64,False,False,True,False,True,False
1,7,64.34,0,450.38,False,False,False,False,True,False
1,62,42.18,0,2615.16,False,False,False,False,False,False
1,57,50.19,1,2860.83,False,False,False,False,False,False
1,5,36.44,0,182.2,True,False,False,False,True,False
0,35,62.57,0,2189.95,False,False,True,False,False,False
1,37,23.55,0,871.35,False,True,False,False,True,False
1,60,108.89,0,6533.4,False,False,False,False,True,False
1,65,36.35,0,2362.75,True,False,False,False,True,False
0,16,108.6,1,1737.6,True,True,False,False,True,False
1,30,106.36,0,3190.8,False,False,True,False,False,True
1,42,65.17,0,2737.14,True,False,False,False,False,False
0,61,69.77,1,4255.97,True,True,False,False,False,True
0,48,50.19,0,2409.12,False,True,False,False,False,True
0,62,119.69,0,7420.78,True,False,True,False,False,True
0,64,87.08,0,5573.12,True,True,False,False,False,True
0,57,115.18,1,6565.26,True,False,True,False,True,False
1,68,61.48,0,4180.64,False,True,False,False,True,False
0,46,108.3,0,4981.8,False,False,False,False,True,False
0,28,64.82,0,1814.96,False,False,True,True,False,False
0,3,106.68,0,320.04,True,True,False,False,True,False
0,37,33.09,0,1224.33,False,False,False,False,False,True
0,48,83.69,0,4017.12,True,True,False,True,False,False
0,19,87.87,0,1669.53,True,False,False,True,False,False
0,17,85.62,1,1455.54,True,False,True,True,False,False
0,40,64.7,1,2588.0,False,False,False,False,True,False
1,50,88.39,0,4419.5,False,True,False,False,False,True
1,29,43.95,1,1274.55,False,False,False,False,True,False
1,51,79.58,0,4058.58,False,False,False,False,False,False
0,42,75.42,0,3167.64,True,False,True,True,False,False
0,29,51.83,0,1503.07,False,False,False,False,False,False
0,66,97.89,0,6460.74,True,False,False,True,False,False
1,17,28.09,0,477.53,False,True,False,True,False,False
0,31,37.14,0,1151.34,False,True,False,False,False,False
0,52,67.12,1,3490.24,False,False,True,False,False,False
0,39,109.17,0,4257.63,True,False,True,False,True,False
1,60,77.52,0,4651.2,True,False,True,False,False,False
1,51,104.21,1,5314.71,True,True,False,False,False,False
0,16,71.76,0,1148.16,True,False,False,False,False,True
1,14,98.55,0,1379.7,True,False,True,False,False,False
0,42,52.58,0,2208.36,False,True,False,False,True,False
0,51,101.51,1,5177.01,True,True,False,True,False,False
1,24,60.17,0,1444.08,True,False,True,True,False,False
1,43,75.88,0,3262.84,True,True,False,False,False,True
1,19,37.59,0,714.21,True,False,False,False,True,False
1,61,112.04,0,6834.44,False,True,False,True,False,False
0,63,90.15,1,5679.45,True,True,False,False,False,True
0,26,105.89,0,2753.14,False,False,False,True,False,False
1,35,40.79,1,1427.65,False,False,True,False,True,False
1,67,26.77,0,1793.59,False,True,False,False,False,False
0,56,53.72,0,3008.32,True,False,False,False,False,True
0,40,71.67,1,2866.8,False,False,True,False,False,False
0,29,100.24,0,2906.96,True,False,False,False,True,False
0,6,59.77,1,358.62,True,True,False,False,True,False
1,52,47.0,0,2444.0,True,False,False,True,False,False
1,1,57.25,1,57.25,True,False,True,True,False,False
1,52,90.36,1,4698.72,True,False,True,False,False,True
0,24,53.62,1,1286.88,False,False,True,True,False,False
0,34,117.92,1,4009.28,False,False,False,True,False,False
1,7,37.5,0,262.5,True,False,False,False,True,False
1,11,95.31,0,1048.41,False,False,True,False,True,False
1,36,78.92,1,2841.12,True,False,True,False,False,True
0,20,43.31,0,866.2,False,False,True,False,False,False
1,63,95.36,0,6007.68,False,True,False,False,False,True
0,63,64.75,0,4079.25,False,True,False,False,True,False
1,69,88.24,0,6088.56,False,True,False,False,True,False
1,30,86.23,0,2586.9,False,False,True,False,False,True
1,30,31.06,1,931.8,True,True,False,False,False,True
0,22,104.0,0,2288.0,True,False,True,False,False,False
0,61,88.15,0,5377.15,False,False,False,False,True,False
0,21,98.06,0,2059.26,True,False,True,True,False,False
0,37,64.78,1,2396.86,False,False,True,False,True,False
0,27,39.51,0,1066.77,True,True,False,True,False,False
0,35,52.62,1,1841.7,False,False,False,True,False,False
1,38,110.15,0,4185.7,False,False,False,True,False,False
0,60,113.8,1,6828.0,False,False,False,False,False,False
1,70,68.19,1,4773.3,True,True,False,False,False,True
0,32,49.88,1,1596.16,True,True,False,True,False,False
1,27,93.03,1,2511.81,False,True,False,False,False,True
1,3,96.6,0,289.8,False,True,False,True,False,False
0,49,101.55,1,4975.95,True,True,False,False,False,False
1,30,23.11,0,693.3,True,False,True,True,False,False
0,22,20.97,0,461.34,True,False,False,False,False,True
0,19,55.72,0,1058.68,True,True,False,False,False,False
0,31,35.25,0,1092.75,True,False,False,False,False,True
0,20,100.5,1,2010.0,False,True,False,False,False,True
1,19,73.28,0,1392.32,True,False,True,False,False,True
0,2,102.53,0,205.06,False,False,False,True,False,False
1,40,37.69,0,1507.6,False,True,False,False,False,False
1,39,82.72,0,3226.08,True,False,True,False,False,False
1,54,78.02,0,4213.08,True,False,True,False,False,False
0,27,54.04,0,1459.08,False,False,False,False,True,False
1,12,71.71,1,860.52,True,True,False,False,True,False
0,71,78.9,1,5601.9,False,False,True,False,False,False
1,17,108.95,0,1852.15,True,False,True,True,False,False
0,10,25.56,0,255.6,True,False,True,False,True,False
0,19,102.34,0,1944.46,True,False,False,True,False,False
0,30,118.02,0,3540.6,False,False,False,True,False,False
0,30,93.18,1,2795.4,True,True,False,False,True,False
1,25,93.73,0,2343.25,False,True,False,False,False,True
1,66,41.8,0,2758.8,True,False,False,False,False,True
0,35,72.31,0,2530.85,False,False,False,False,False,True
1,51,90.59,0,4620.09,True,False,False,False,True,False
0,71,80.23,0,5696.33,False,False,True,True,False,False
0,71,58.51,0,4154.21,False,False,False,False,True,False
1,27,114.01,0,3078.27,False,True,False,False,False,False
0,10,71.4,0,714.0,False,False,True,True,False,False
0,43,116.99,1,5030.57,False,False,False,False,True,False
0,55,76.39,0,4201.45,False,True,False,True,False,False
0,71,99.34,1,7053.14,True,False,False,False,True,False
0,6,94.2,1,565.2,False,True,False,False,False,False
1,6,86.08,0,516.48,False,False,True,False,False,False
1,48,21.45,0,1029.6,False,False,True,False,False,False
1,2,27.74,0,55.48,True,True,False,False,False,True
0,51,78.15,0,3985.65,True,True,False,False,False,False
0,61,111.18,0,6781.98,True,False,True,False,False,True
0,19,80.11,0,1522.09,False,False,True,True,False,False
0,2,43.6,0,87.2,True,True,False,True,False,False
0,51,52.02,0,2653.02,True,True,False,True,False,False
0,26,82.32,0,2140.32,False,False,False,False,True,False
1,70,79.71,0,5579.7,False,False,False,False,True,False
0,20,115.57,0,2311.4,True,False,True,False,False,True
1,23,72.91,1,1676.93,False,False,True,False,False,True
0,54,55.5,1,2997.0,False,False,False,False,False,True
1,15,72.5,1,1087.5,False,False,False,False,True,False
0,6,98.62,0,591.72,False,False,True,False,True,False
1,35,74.04,0,2591.4,True,False,True,True,False,False
1,8,52.61,0,420.88,False,True,False,False,False,False
0,57,53.86,0,3070.02,True,True,False,False,False,False
0,50,95.68,0,4784.0,True,False,True,False,True,False
1,49,26.64,0,1305.36,True,False,False,False,False,False
0,21,47.48,1,997.08,True,True,False,True,False,False
0,36,35.3,0,1270.8,False,False,True,False,False,False
0,71,114.47,1,8127.37,False,False,False,False,False,True
1,69,29.01,0,2001.69,False,False,False,True,False,False
0,58,95.82,0,5557.56,True,False,True,False,True,False
1,63,83.04,0,5231.52,True,True,False,False,False,True
1,16,83.28,1,1332.48,True,True,False,False,True,False
0,6,96.34,0,578.04,False,False,True,False,True,False
1,52,60.05,1,3122.6,True,False,False,False,False,True
0,2,60.07,0,120.14,False,True,False,True,False,False
0,18,48.87,0,879.66,False,False,True,False,True,False
1,35,79.78,0,2792.3,False,True,False,False,False,True
1,39,112.98,0,4406.22,False,False,True,False,False,True
1,1,112.4,0,112.4,True,True,False,False,True,False
1,37,90.3,0,3341.1,False,True,False,False,True,False
1,21,110.62,1,2323.02,True,True,False,True,False,False
0,1,116.35,1,116.35,False,False,True,False,False,True
1,4,99.51,0,398.04,True,False,True,False,False,False
0,58,60.78,0,3525.24,True,False,False,False,False,False
0,1,68.32,0,68.32,False,True,False,False,True,False
1,13,113.13,0,1470.69,False,True,False,False,True,False
1,46,87.0,0,4002.0,False,False,True,True,False,False
1,47,102.07,0,4797.29,True,True,False,False,False,False
1,7,31.61,1,221.27,False,False,True,False,True,False
1,51,39.39,1,2008.89,False,False,False,False,True,False
0,3,54.41,0,163.23,True,True,False,False,False,False
0,50,38.82,0,1941.0,False,False,True,False,True,False
0,26,110.65,0,2876.9,True,False,True,False,False,False
1,31,41.69,0,1292.39,False,True,False,False,False,False
1,62,75.72,1,4694.64,True,False,False,True,False,False
0,26,28.55,0,742.3,True,False,True,False,False,False
1,67,35.5,0,2378.5,False,True,False,False,True,False
1,55,44.74,0,2460.7,True,False,False,False,False,True
1,28,118.29,1,3312.12,False,False,True,False,False,True
0,44,99.71,1,4387.24,False,False,False,False,False,True
1,38,87.36,0,3319.68,True,False,True,True,False,False
0,30,111.63,1,3348.9,False,True,False,False,True,False
1,66,115.62,1,7630.92,True,True,False,True,False,False
1,8,65.36,0,522.88,True,True,False,True,False,False
0,14,52.77,0,738.78,True,False,False,True,False,False
1,62,51.53,0,3194.86,True,False,False,False,True,False
1,63,23.57,0,1484.91,True,True,False,False,True,False
1,66,47.96,0,3165.36,True,False,True,False,True,False
0,40,55.5,1,2220.0,True,False,False,False,False,True
1,13,23.69,1,307.97,True,False,False,False,False,False
1,17,108.26,0,1840.42,False,False,True,False,True,False
1,15,104.79,1,1571.85,False,False,True,False,True,False
1,33,45.15,1,1489.95,True,True,False,True,False,False
1,16,100.26,0,1604.16,False,False,False,False,True,False
0,13,99.62,0,1295.06,False,False,True,False,False,False
0,23,53.5,0,1230.5,False,False,True,False,False,True
1,36,89.71,0,3229.56,False,True,False,False,True,False
1,43,48.99,0,2106.57,False,True,False,False,False,True
0,50,27.03,0,1351.5,False,False,False,False,True,False
1,13,70.48,1,916.24,True,False,True,False,False,True
1,30,63.83,0,1914.9,False,True,False,False,True,False
1,57,33.82,0,1927.74,False,False,False,True,False,False
1,30,69.06,1,2071.8,False,True,False,False,False,True
1,71,114.94,1,8160.74,False,False,False,True,False,False
1,10,93.14,1,931.4,True,False,True,True,False,False
1,66,93.89,0,6196.74,True,True,False,False,True,False
1,39,95.76,0,3734.64,True,False,False,True,False,False
0,37,94.46,0,3495.02,True,False,False,True,False,False
0,3,21.99,0,65.97,False,False,True,False,True,False
1,34,112.47,0,3823.98,True,True,False,True,False,False
1,38,103.01,0,3914.38,True,False,False,False,False,True
1,14,47.46,1,664.44,True,False,False,False,False,True
1,64,75.27,0,4817.28,True,False,False,False,False,False
0,39,81.5,0,3178.5,False,False,False,False,False,False
0,54,33.19,0,1792.26,True,True,False,False,False,False
0,2,45.4,0,90.8,False,True,False,False,False,False
0,43,22.33,0,960.19,True,False,False,True,False,False
1,53,106.4,1,5639.2,False,True,False,False,False,True
1,3,22.49,0,67.47,False,True,False,False,False,False
1,41,51.87,0,2126.67,True,False,True,True,False,False
0,8,27.82,0,222.56,True,False,True,False,True,False
1,63,98.14,1,6182.82,True,False,False,False,False,True
1,65,112.5,1,7312.5,True,False,True,False,True,False
0,4,76.28,0,305.12,False,True,False,False,False,False
0,68,33.96,0,2309.28,False,False,False,False,False,False
0,10,75.82,0,758.2,True,False,True,False,False,False
0,50,97.03,1,4851.5,True,False,False,False,False,True
0,23,91.84,0,2112.32,False,False,False,False,True,False
1,61,94.17,1,5744.37,True,False,True,False,True,False
1,47,47.92,1,2252.24,False,True,False,False,False,True
0,3,27.37,0,82.11,True,True,False,False,False,False
1,17,34.9,0,593.3,False,False,True,False,False,False
1,22,115.55,0,2542.1,False,False,True,True,False,False
1,16,81.35,0,1301.6,False,False,True,False,False,True
1,3,92.79,1,278.37,False,False,True,False,True,False
0,52,109.91,0,5715.32,False,False,False,True,False,False
1,33,105.28,0,3474.24,True,True,False,False,True,False
1,42,41.84,0,1757.28,False,True,False,False,True,False
1,2,25.81,0,51.62,True,False,True,True,False,False
0,39,112.51,0,4387.89,False,True,False,False,True,False
1,46,118.17,0,5435.82,False,True,False,True,False,False
0,48,76.73,0,3683.04,True,True,False,True,False,False
0,27,108.84,0,2938.68,True,False,True,True,False,False
0,15,43.18,0,647.7,True,False,True,False,False,False
0,7,31.1,1,217.7,True,True,False,False,False,False
1,57,69.98,1,3988.86,False,False,True,False,False,True
0,42,101.12,0,4247.04,True,True,False,False,False,True
0,9,85.47,1,769.23,False,False,True,True,False,False
0,6,83.73,0,502.38,True,True,False,False,False,True
0,57,21.75,0,1239.75,True,False,True,False,False,False
0,30,51.75,0,1552.5,False,True,False,False,False,False
1,55,113.95,0,6267.25,False,False,True,True,False,False
0,54,33.43,0,1805.22,True,False,True,False,False,False
1,27,92.64,0,2501.28,False,True,False,True,False,False
1,59,95.93,0,5659.87,False,False,False,False,False,True
0,7,93.28,0,652.96,False,True,False,False,False,False
1,40,118.93,1,4757.2,False,True,False,True,False,False
1,2,60.92,0,121.84,False,False,False,True,False,False
1,14,88.22,0,1235.08,False,False,True,False,True,False
0,10,39.37,1,393.7,False,False,False,True,False,False
0,50,59.97,0,2998.5,False,True,False,True,False,False
0,18,69.16,1,1244.88,True,False,False,False,False,False
0,18,41.48,1,746.64,False,False,True,False,True,False
0,16,110.68,0,1770.88,True,True,False,False,True,False
0,52,91.62,0,4764.24,False,True,False,False,True,False
0,69,48.38,1,3338.22,False,False,True,False,False,False
1,52,33.5,0,1742.0,False,False,True,False,False,True
1,31,48.79,0,1512.49,False,True,False,True,False,False
0,23,82.3,1,1892.9,True,False,True,False,True,False
1,42,102.64,0,4310.88,True,False,False,False,True,False
0,62,70.32,0,4359.84,False,False,False,False,False,False
0,50,30.25,1,1512.5,True,False,False,False,False,False
0,15,44.93,0,673.95,False,False,False,False,True,False
1,44,54.51,1,2398.44,False,False,True,False,False,True
0,42,83.61,0,3511.62,True,False,False,False,False,False
0,45,44.66,1,2009.7,True,False,False,False,True,False
0,35,43.39,0,1518.65,False,True,False,False,False,True
0,22,48.62,0,1069.64,False,False,True,False,False,False
1,38,79.25,0,3011.5,True,False,True,False,False,True
0,70,69.26,0,4848.2,False,False,True,False,True,False
1,64,104.16,0,6666.24,True,True,False,False,False,True
1,7,89.79,0,628.53,False,True,False,False,True,False
0,44,86.68,1,3813.92,False,False,True,False,False,False
0,7,35.47,0,248.29,True,False,False,True,False,False
1,66,25.52,0,1684.32,True,True,False,True,False,False
1,60,71.0,0,4260.0,True,True,False,False,True,False
1,1,27.16,1,27.16,False,True,False,True,False,False
1,62,56.4,0,3496.8,False,False,True,False,True,False
0,18,22.61,0,406.98,False,False,False,True,False,False
1,7,37.68,0,263.76,False,True,False,True,False,False
1,54,31.04,0,1676.16,True,True,False,False,False,False
1,67,100.1,0,6706.7,False,False,True,False,True,False
1,10,54.61,0,546.1,False,False,False,False,False,True
0,61,27.88,0,1700.68,False,True,False,False,False,False
0,59,46.55,1,2746.45,True,False,True,False,False,True
0,59,88.28,0,5208.52,False,False,True,False,False,False
1,69,94.56,0,6524.64,False,True,False,False,True,False
1,63,31.99,0,2015.37,True,False,True,False,False,True
0,8,97.86,0,782.88,False,False,True,False,False,False
0,55,57.06,0,3138.3,False,True,False,True,False,False
1,6,87.94,0,527.64,True,False,True,False,False,True
0,1,87.15,0,87.15,False,False,False,False,False,False
1,56,99.36,0,5564.16,False,False,False,False,False,False
1,10,89.72,0,897.2,False,True,False,False,False,True
1,23,23.89,0,549.47,True,False,False,True,False,False
1,16,71.95,0,1151.2,False,False,False,False,False,True
1,16,36.62,0,585.92,False,True,False,False,False,True
1,56,117.0,0,6552.0,True,False,True,False,False,True
0,6,45.58,0,273.48,True,False,False,False,False,False
0,30,62.01,0,1860.3,False,False,True,True,False,False
0,63,39.67,0,2499.21,False,True,False,False,False,True
1,1,33.46,1,33.46,False,False,False,False,False,True
0,51,80.09,0,4084.59,False,True,False,False,False,True
1,46,69.32,0,3188.72,True,False,True,False,False,True
1,21,57.47,0,1206.87,False,True,False,False,False,True
1,38,28.54,0,1084.52,True,False,False,False,False,True
1,69,93.6,0,6458.4,True,True,False,True,False,False
0,63,20.59,0,1297.17,False,True,False,True,False,False
0,50,65.77,0,3288.5,False,True,False,True,False,False
0,12,83.26,1,999.12,True,False,True,False,True,False
1,69,63.07,0,4351.83,True,False,True,False,True,False
0,44,32.62,0,1435.28,False,False,True,False,False,False
0,52,97.82,0,5086.64,True,False,True,True,False,False
0,9,52.39,0,471.51,False,False,False,True,False,False
1,65,33.48,1,2176.2,False,False,True,True,False,False
0,10,75.03,0,750.3,True,False,True,False,False,True
1,46,21.92,0,1008.32,True,False,False,False,False,True
0,58,52.41,0,3039.78,False,False,True,False,False,False
1,37,95.06,0,3517.22,True,True,False,True,False,False
0,52,111.27,1,5786.04,False,False,True,False,False,True
0,13,79.17,0,1029.21,False,False,False,True,False,False
0,6,41.76,0,250.56,False,True,False,True,False,False
1,58,42.0,0,2436.0,True,False,False,False,False,True
0,48,80.39,0,3858.72,False,True,False,False,False,True
0,32,60.68,0,1941.76,False,True,False,False,True,False
1,11,37.73,1,415.03,False,True,False,False,False,True
1,5,98.74,0,493.7,False,False,False,False,True,False
1,6,40.02,0,240.12,False,True,False,False,False,True
1,21,52.16,0,1095.36,False,True,False,True,False,False
0,42,26.14,0,1097.88,False,True,False,False,False,True
0,27,90.14,0,2433.78,False,True,False,False,False,False
1,3,47.53,0,142.59,False,True,False,True,False,False
0,60,43.29,0,2597.4,False,False,True,False,False,False
1,66,50.34,1,3322.44,False,False,False,True,False,False
0,49,107.41,0,5263.09,True,True,False,False,False,True
1,34,71.8,1,2441.2,False,True,False,False,False,True
0,37,35.79,0,1324.23,False,True,False,False,False,True
1,42,97.45,0,4092.9,False,True,False,False,True,False
1,65,40.85,0,2655.25,True,True,False,False,False,True
0,60,61.25,0,3675.0,False,False,True,False,False,False
0,1,76.81,0,76.81,True,False,True,False,True,False
0,59,78.44,0,4627.96,False,True,False,False,False,True
1,4,26.9,0,107.6,False,True,False,False,True,False
0,14,103.68,0,1451.52,True,True,False,False,True,False
1,18,67.94,1,1222.92,False,False,False,True,False,False
0,34,118.93,0,4043.62,True,False,False,False,True,False
0,1,91.74,0,91.74,True,False,True,False,True,False
1,53,119.26,0,6320.78,False,False,True,True,False,False
1,22,65.35,0,1437.7,False,False,False,False,False,True
0,61,34.08,1,2078.88,False,True,False,False,False,False
1,22,92.73,1,2040.06,False,False,True,False,True,False
1,50,97.78,0,4889.0,True,True,False,False,False,False
0,16,105.28,0,1684.48,True,True,False,False,True,False
1,28,50.14,0,1403.92,False,False,True,False,False,False
0,70,71.07,0,4974.9,True,False,False,True,False,False
0,42,105.75,0,4441.5,True,False,False,False,True,False
1,66,106.47,0,7027.02,False,False,False,False,True,False
0,71,22.57,0,1602.47,True,True,False,False,False,True
1,35,87.09,1,3048.15,True,True,False,False,False,True
0,20,80.17,0,1603.4,False,True,False,False,True,False
1,2,28.33,0,56.66,True,False,False,True,False,False
1,7,113.01,1,791.07,False,True,False,False,False,False
1,49,64.54,0,3162.46,True,False,True,False,False,True
1,9,87.43,1,786.87,False,True,False,False,False,True
1,27,108.28,0,2923.56,True,False,True,False,False,True
0,2,33.01,0,66.02,True,False,False,False,False,True
0,68,105.58,1,7179.44,False,True,False,True,False,False
1,60,92.43,0,5545.8,False,True,False,False,True,False
0,49,103.96,0,5094.04,False,False,False,False,False,False
1,2,69.48,0,138.96,False,True,False,False,False,True
1,17,23.35,0,396.95,True,False,True,True,False,False
0,20,87.05,0,1741.0,True,False,False,True,False,False
0,32,57.45,0,1838.4,True,False,True,False,False,True
1,51,60.24,0,3072.24,False,False,False,False,False,False
1,42,64.13,0,2693.46,True,False,True,False,False,True
1,63,69.29,0,4365.27,True,False,True,True,False,False
1,61,86.19,0,5257.59,False,False,True,False,False,False
1,62,92.68,0,5746.16,False,True,False,True,False,False
1,3,97.68,1,293.04,True,True,False,False,True,False
0,26,87.16,0,2266.16,False,True,False,True,False,False
1,48,100.35,0,4816.8,True,True,False,False,False,True
1,8,32.21,1,257.68,True,True,False,False,False,False
0,5,103.68,0,518.4,False,False,True,False,False,True
1,11,58.73,1,646.03,True,True,False,False,True,False
1,42,72.88,0,3060.96,False,False,True,False,False,False
0,41,63.38,0,2598.58,False,False,False,False,False,False
1,19,67.57,0,1283.83,True,False,True,False,False,False
0,48,48.54,1,2329.92,True,True,False,True,False,False
1,53,37.0,1,1961.0,True,False,False,False,False,True
0,55,30.49,0,1676.95,False,True,False,False,False,False
0,61,65.14,0,3973.54,True,False,False,False,False,False
0,32,32.53,0,1040.96,False,False,True,False,False,False
1,46,44.5,0,2047.0,False,False,False,False,True,False
1,36,33.36,0,1200.96,True,True,False,False,False,False
0,18,30.91,1,556.38,False,False,False,True,False,False
0,18,108.25,0,1948.5,True,False,True,True,False,False
1,12,87.4,0,1048.8,True,False,False,False,False,False
1,46,112.38,0,5169.48,True,False,True,True,False,False
1,55,84.4,0,4642.0,True,False,False,True,False,False
1,38,104.4,0,3967.2,True,False,True,False,False,False
1,2,75.53,0,151.06,True,False,True,True,False,False
0,9,66.26,0,596.34,True,False,True,False,True,False
1,5,72.85,1,364.25,False,False,True,False,False,False
0,19,52.02,0,988.38,True,True,False,False,False,True
1,71,85.8,0,6091.8,False,False,True,True,False,False
0,39,109.72,0,4279.08,False,True,False,False,False,False
0,42,98.24,0,4126.08,False,False,True,False,False,True
1,17,66.2,0,1125.4,True,False,False,False,True,False
0,63,115.39,0,7269.57,False,False,False,False,True,False
0,46,118.54,1,5452.84,False,True,False,False,False,False
0,20,69.31,0,1386.2,True,False,False,False,False,False
0,70,106.46,0,7452.2,True,False,True,False,True,False
1,8,20.48,0,163.84,False,False,False,False,True,False
0,19,26.67,1,506.73,True,True,False,False,True,False
1,32,22.24,0,711.68,True,False,False,False,False,True
0,19,97.32,1,1849.08,True,True,False,False,False,True
1,24,27.98,0,671.52,True,False,True,False,False,False
1,24,21.71,0,521.04,False,False,True,False,False,True
1,56,34.74,0,1945.44,True,False,False,True,False,False
0,18,50.63,0,911.34,True,False,False,False,True,False
1,12,66.47,0,797.64,True,False,False,False,False,False
1,41,26.54,0,1088.14,False,False,True,False,False,True
0,48,69.9,0,3355.2,False,False,False,False,False,False
1,64,44.81,1,2867.84,True,False,True,False,False,True
0,16,47.44,0,759.04,True,True,False,False,False,False
0,23,102.19,0,2350.37,False,False,False,False,True,False
1,39,118.69,0,4628.91,True,False,False,False,True,False
0,33,66.39,0,2190.87,True,True,False,False,True,False
0,24,52.18,1,1252.32,False,True,False,False,False,True
0,61,113.14,1,6901.54,True,True,False,False,False,False
1,55,70.04,0,3852.2,True,True,False,False,False,False
0,61,93.04,1,5675.44,False,False,True,False,False,False
0,40,61.37,0,2454.8,False,False,False,True,False,False
0,58,40.25,0,2334.5,True,False,True,False,False,True
1,1,85.49,0,85.49,False,False,True,False,True,False
0,25,86.48,0,2162.0,True,True,False,False,True,False
1,53,66.02,1,3499.06,True,False,False,False,False,False
0,61,46.99,0,2866.39,True,False,True,False,False,False
1,46,103.18,0,4746.28,False,False,True,True,False,False
1,60,47.53,1,2851.8,False,True,False,False,False,True
1,51,85.9,0,4380.9,True,False,False,False,False,False
0,48,58.4,0,2803.2,True,False,False,False,False,False
0,40,67.25,0,2690.0,False,False,False,False,False,True
0,7,41.14,1,287.98,False,False,True,False,False,False
1,19,84.95,1,1614.05,False,True,False,False,True,False
0,15,42.58,0,638.7,True,False,False,False,False,True
0,70,68.57,1,4799.9,False,False,True,False,True,False
1,61,52.85,1,3223.85,False,False,True,True,False,False
0,56,116.36,0,6516.16,True,False,False,False,False,False
0,10,118.22,0,1182.2,True,True,False,False,False,False
1,46,95.35,0,4386.1,True,True,False,False,False,True
1,57,118.39,0,6748.23,False,False,False,True,False,False
0,35,31.36,1,1097.6,True,False,True,False,False,True
1,3,119.23,1,357.69,True,True,False,True,False,False
0,66,30.36,0,2003.76,True,False,True,False,False,True
0,53,61.55,1,3262.15,True,False,True,False,False,True
0,52,43.89,0,2282.28,False,True,False,False,False,False
0,53,115.38,0,6115.14,True,False,True,False,False,False
0,54,83.58,0,4513.32,False,False,True,True,False,False
1,47,79.71,1,3746.37,False,False,False,False,True,False
1,3,119.74,1,359.22,False,True,False,False,True,False
0,65,81.24,0,5280.6,True,False,True,False,False,True
1,15,84.62,1,1269.3,False,True,False,False,False,False
1,34,24.48,0,832.32,True,True,False,False,False,True
0,50,105.91,0,5295.5,True,False,True,True,False,False
1,33,117.01,0,3861.33,True,True,False,False,False,True
1,3,116.03,1,348.09,False,False,False,False,False,True
0,2,42.11,0,84.22,True,False,False,False,False,True
0,4,42.59,0,170.36,True,False,True,True,False,False
0,16,56.6,0,905.6,True,True,False,True,False,False
0,54,51.02,1,2755.08,False,False,True,False,False,True
0,33,50.56,1,1668.48,False,True,False,False,False,False
0,9,80.52,0,724.68,False,False,True,True,False,False
0,57,100.56,1,5731.92,True,False,True,False,True,False
1,40,113.68,0,4547.2,False,True,False,False,False,True
0,52,26.79,0,1393.08,True,False,False,False,False,False
1,16,47.8,1,764.8,True,False,True,True,False,False
1,8,45.5,0,364.0,False,False,False,False,False,True
0,60,55.74,0,3344.4,True,True,False,False,False,False
1,36,62.43,0,2247.48,False,False,True,False,True,False
1,3,58.92,0,176.76,True,True,False,True,False,False
1,15,115.21,0,1728.15,False,False,False,True,False,False
0,23,63.71,0,1465.33,True,True,False,False,True,False
1,3,75.16,1,225.48,True,False,True,True,False,False
1,30,94.86,0,2845.8,True,False,False,False,False,False
0,45,92.51,0,4162.95,True,False,True,True,False,False
1,17,78.3,0,1331.1,True,False,False,False,False,True
1,58,106.08,1,6152.64,False,True,False,False,True,False
1,58,82.42,0,4780.36,True,True,False,False,False,True
1,57,107.48,0,6126.36,False,False,True,True,False,False
1,7,50.28,1,351.96,False,False,True,False,False,True
0,39,33.2,0,1294.8,False,False,True,False,False,False
1,58,101.95,0,5913.1,True,False,False,False,False,True
0,56,58.25,0,3262.0,True,False,False,False,False,False
1,15,85.11,0,1276.65,True,False,True,False,False,False
0,44,93.73,0,4124.12,False,False,False,False,False,False
0,12,52.67,0,632.04,True,False,False,False,True,False
0,8,70.52,0,564.16,True,True,False,False,False,True
1,41,109.49,0,4489.09,False,True,False,False,False,False
1,34,107.98,0,3671.32,False,True,False,False,False,False
1,46,94.94,1,4367.24,False,False,True,False,False,True
1,29,96.27,0,2791.83,False,True,False,True,False,False
1,16,109.77,0,1756.32,False,True,False,False,True,False
0,5,93.63,0,468.15,False,False,False,False,False,False
0,5,53.96,0,269.8,True,True,False,True,False,False
0,30,32.08,1,962.4,False,False,False,True,False,False
1,50,62.19,0,3109.5,True,True,False,True,False,False
1,5,28.73,0,143.65,True,False,True,False,False,False
0,13,31.58,0,410.54,True,False,True,False,False,False
1,49,115.02,1,5635.98,False,True,False,False,False,False
1,50,87.59,0,4379.5,True,True,False,False,False,True
0,14,105.16,0,1472.24,False,True,False,False,False,False
0,46,84.29,0,3877.34,False,False,True,False,True,False
1,34,61.85,0,2102.9,True,False,False,False,False,True
1,71,22.52,0,1598.92,False,False,False,False,True,False
0,47,115.58,0,5432.26,True,True,False,True,False,False
1,60,27.09,0,1625.4,True,False,True,False,False,True
0,11,81.02,0,891.22,False,False,False,False,False,True
0,50,30.22,0,1511.0,True,True,False,False,False,True
0,4,48.41,0,193.64,True,False,True,False,True,False
1,41,38.58,0,1581.78,True,False,True,False,True,False
0,59,75.37,1,4446.83,False,False,False,True,False,False
0,60,108.71,0,6522.6,True,False,True,False,False,False
1,62,83.56,0,5180.72,False,True,False,False,True,False
0,25,86.42,0,2160.5,False,True,False,True,False,False
1,33,110.89,0,3659.37,True,False,False,False,False,False
1,19,94.94,0,1803.86,True,False,True,False,False,True
1,57,106.6,0,6076.2,False,False,False,False,False,False
0,15,61.64,1,924.6,False,False,False,False,True,False
0,41,106.54,1,4368.14,True,False,True,True,False,False
1,69,84.59,0,5836.71,True,False,False,False,False,True
1,60,33.56,0,2013.6,False,False,True,False,False,True
1,22,23.87,0,525.14,False,True,False,False,False,False
0,43,44.4,0,1909.2,False,False,False,False,False,False
1,32,57.83,1,1850.56,False,False,True,False,True,False
1,13,103.76,0,1348.88,False,False,True,False,False,True
1,38,94.12,0,3576.56,True,False,True,False,False,False
0,26,115.54,0,3004.04,False,False,False,False,False,True
1,5,75.92,0,379.6,False,True,False,True,False,False
0,49,94.77,0,4643.73,True,False,False,True,False,False
0,5,47.53,0,237.65,True,True,False,False,True,False
1,71,87.96,0,6245.16,False,False,False,False,False,True
1,48,90.62,0,4349.76,False,False,False,False,False,False
1,18,104.84,1,1887.12,True,False,False,True,False,False
0,6,73.64,1,441.84,False,True,False,True,False,False
0,66,84.9,1,5603.4,False,False,True,False,True,False
0,42,40.3,0,1692.6,True,False,False,True,False,False
1,52,93.68,0,4871.36,False,False,False,False,True,False
0,11,103.84,0,1142.24,True,True,False,False,False,True
1,26,79.37,0,2063.62,True,False,False,False,False,False
1,21,31.57,1,662.97,True,False,True,False,False,True
1,66,51.29,1,3385.14,True,False,True,False,False,True
0,40,67.55,1,2702.0,False,True,False,False,False,True
0,56,87.72,0,4912.32,True,True,False,False,False,False
0,51,52.03,0,2653.53,False,False,True,False,False,True
1,20,104.03,1,2080.6,False,False,True,False,False,True
0,57,57.18,1,3259.26,False,False,True,False,True,False
0,5,24.28,1,121.4,False,True,False,False,True,False
1,14,99.4,0,1391.6,False,False,True,False,True,False
1,24,84.42,1,2026.08,True,False,True,False,False,False
0,68,100.2,0,6813.6,True,False,True,True,False,False
1,52,54.89,0,2854.28,True,False,False,True,False,False
0,48,21.76,0,1044.48,True,True,False,False,False,True
1,47,27.38,1,1286.86,False,True,False,True,False,False
1,60,31.18,0,1870.8,True,True,False,False,False,True
0,3,100.51,0,301.53,False,True,False,False,True,False
1,9,50.14,0,451.26,False,False,False,False,False,True
1,24,119.79,0,2874.96,True,False,False,False,False,False
1,4,95.84,0,383.36,True,False,False,True,False,False
0,9,80.12,0,721.08,True,False,False,False,False,True
1,1,118.36,0,118.36,True,False,False,False,True,False
1,35,51.63,0,1807.05,False,True,False,False,False,False
0,12,36.56,0,438.72,False,True,False,False,False,True
0,18,93.73,0,1687.14,True,True,False,False,False,True
1,10,47.81,0,478.1,False,False,False,False,False,True
1,18,116.1,0,2089.8,False,False,True,False,False,False
1,24,118.81,0,2851.44,False,True,False,False,False,True
0,1,112.64,0,112.64,True,True,False,False,True,False
1,16,114.48,1,1831.68,False,False,True,False,True,False
0,15,81.57,0,1223.55,True,False,False,False,True,False
0,62,89.21,1,5531.02,True,False,True,False,True,False
1,5,29.42,0,147.1,False,False,True,False,False,False
1,45,96.31,0,4333.95,False,True,False,False,True,False
0,52,40.21,0,2090.92,True,True,False,False,True,False
1,71,104.03,0,7386.13,False,False,False,True,False,False
1,7,116.15,0,813.05,False,False,True,False,True,False
0,27,41.24,1,1113.48,True,False,False,False,False,False
1,13,27.8,1,361.4,True,False,True,True,False,False
0,17,68.39,1,1162.63,True,True,False,True,False,False
1,44,99.15,1,4362.6,True,False,True,False,False,False
0,13,97.06,0,1261.78,False,False,False,True,False,False
0,5,89.68,0,448.4,False,False,True,False,False,True
1,33,102.07,1,3368.31,True,False,False,False,True,False
0,4,37.5,1,150.0,True,False,True,False,False,True
0,26,85.19,0,2214.94,True,True,False,False,False,False
1,68,80.57,0,5478.76,False,True,False,False,False,True
1,16,35.34,0,565.44,True,False,False,False,False,False
1,22,61.44,0,1351.68,False,True,False,False,False,True
0,36,105.25,1,3789.0,True,False,True,False,True,False
0,58,117.18,0,6796.44,True,False,True,False,False,False
0,55,86.54,1,4759.7,True,True,False,False,False,False
1,35,112.19,1,3926.65,False,False,False,False,False,False
0,25,33.2,0,830.0,False,False,True,True,False,False
0,61,117.51,0,7168.11,False,False,False,False,True,False
1,18,23.35,0,420.3,True,False,True,True,False,False
0,58,72.73,1,4218.34,False,False,False,True,False,False
1,57,49.1,0,2798.7,False,False,False,False,True,False
1,63,101.39,0,6387.57,True,False,True,False,False,False
1,12,41.75,0,501.0,True,False,True,True,False,False
0,11,21.15,1,232.65,False,False,False,True,False,False
0,13,61.46,0,798.98,False,False,True,False,False,False
0,35,26.41,0,924.35,False,True,False,False,True,False
1,27,49.01,0,1323.27,False,False,True,False,True,False
1,67,84.37,0,5652.79,True,False,False,False,True,False
1,45,49.47,0,2226.15,True,False,True,True,False,False
0,67,44.58,1,2986.86,True,False,True,False,True,False
0,22,35.55,0,782.1,False,False,False,False,True,False
0,42,33.52,0,1407.84,False,False,True,True,False,False
0,20,72.59,1,1451.8,True,False,False,False,True,False
0,48,88.15,0,4231.2,True,False,False,False,False,True
1,18,65.27,0,1174.86,False,False,False,False,True,False
0,70,32.36,1,2265.2,False,False,False,False,True,False
1,6,84.78,0,508.68,True,True,False,False,False,False
1,39,75.71,0,2952.69,True,True,False,True,False,False
0,11,58.13,0,639.43,True,False,False,False,False,False
1,25,53.0,0,1325.0,False,False,True,False,False,True
0,55,38.32,0,2107.6,False,True,False,False,True,False
0,58,34.63,0,2008.54,False,False,False,False,False,False
1,37,53.88,0,1993.56,False,True,False,False,False,False
0,16,24.16,0,386.56,False,False,False,False,False,True
0,70,63.66,0,4456.2,False,True,False,False,True,False
1,37,80.16,0,2965.92,True,False,False,False,False,False
1,53,114.17,0,6051.01,True,True,False,False,True,False
1,16,82.58,0,1321.28,False,True,False,False,False,True
1,18,82.41,0,1483.38,True,False,True,False,False,True
1,19,57.44,0,1091.36,False,True,False,False,True,False
1,44,33.33,0,1466.52,True,False,True,False,False,True
0,2,64.69,1,129.38,False,True,False,True,False,False
0,58,79.87,0,4632.46,True,False,False,False,False,False
0,10,92.4,0,924.0,True,False,True,True,False,False
1,46,102.61,0,4720.06,False,True,False,True,False,False
0,19,45.59,0,866.21,False,False,True,False,False,True
1,38,44.12,0,1676.56,True,False,False,False,False,True
0,37,76.53,0,2831.61,True,False,False,False,True,False
1,45,76.6,0,3447.0,False,False,False,True,False,False
0,34,41.79,0,1420.86,True,False,False,False,False,False
1,2,78.75,1,157.5,False,False,False,False,True,False
1,44,54.59,1,2401.96,False,False,True,False,True,False
1,27,83.93,0,2266.11,True,False,True,False,True,False
1,48,49.1,0,2356.8,False,True,False,False,False,True
0,7,79.23,0,554.61,True,True,False,False,False,True
0,27,96.83,0,2614.41,True,False,False,False,True,False
1,71,118.02,0,8379.42,False,False,False,False,False,True
1,18,111.11,0,1999.98,True,False,True,False,False,True
1,33,70.35,1,2321.55,False,False,False,False,True,False
0,33,68.83,0,2271.39,False,False,False,False,False,False
1,25,63.77,1,1594.25,False,False,False,False,False,False
1,14,22.78,1,318.92,True,True,False,False,False,True
0,38,36.6,0,1390.8,False,False,True,False,False,False
1,38,25.92,0,984.96,True,True,False,False,False,False
1,4,89.64,1,358.56,False,False,False,False,False,True
0,62,61.32,0,3801.84,False,False,False,False,False,False
1,10,26.38,0,263.8,False,True,False,False,False,True
1,35,89.06,1,3117.1,True,True,False,True,False,False
0,23,84.44,0,1942.12,True,False,True,False,True,False
1,65,92.0,0,5980.0,False,False,False,False,False,False
0,25,79.98,0,1999.5,False,False,False,False,True,False
1,53,36.15,1,1915.95,True,True,False,False,True,False
1,17,26.14,1,444.38,True,False,True,False,False,True
1,57,101.71,0,5797.47,True,False,True,False,False,False
1,20,41.58,0,831.6,False,False,False,False,False,False
1,25,74.25,1,1856.25,True,False,False,True,False,False
0,42,68.52,0,2877.84,False,True,False,False,False,False
1,45,112.11,1,5044.95,True,False,False,False,False,False
1,31,75.24,0,2332.44,False,True,False,False,False,True
0,65,78.0,1,5070.0,False,False,False,False,True,False
0,52,51.95,0,2701.4,False,False,False,True,False,False
1,21,115.87,0,2433.27,True,False,False,False,False,False
0,30,81.24,0,2437.2,True,False,True,False,False,False
1,3,20.5,0,61.5,True,False,False,True,False,False
0,70,75.61,1,5292.7,False,False,False,False,False,True
0,43,56.39,0,2424.77,False,False,True,False,False,False
1,29,23.21,0,673.09,True,False,True,False,False,False
0,3,63.15,0,189.45,False,False,False,True,False,False
1,58,97.36,0,5646.88,False,False,True,False,True,False
0,33,70.38,0,2322.54,False,False,True,False,False,False
0,45,83.95,0,3777.75,True,False,True,False,False,False
0,69,83.97,1,5793.93,False,False,True,False,True,False
1,32,87.1,0,2787.2,True,True,False,False,False,False
1,52,58.76,1,3055.52,True,False,False,False,True,False
0,64,57.0,0,3648.0,True,True,False,False,False,True
1,40,20.46,0,818.4,True,False,False,False,True,False
1,13,35.42,1,460.46,True,False,True,False,True,False
1,29,115.08,0,3337.32,False,True,False,False,False,False
0,63,104.24,0,6567.12,True,False,True,False,False,False
1,26,47.51,0,1235.26,True,False,True,True,False,False
0,59,60.12,0,3547.08,True,False,True,False,False,False
0,49,113.99,0,5585.51,False,False,False,False,False,False
0,53,45.04,0,2387.12,False,False,True,False,True,False
0,31,73.25,1,2270.75,False,False,False,False,False,True
0,12,22.21,0,266.52,False,False,False,False,False,False
1,58,81.97,0,4754.26,True,False,True,False,True,False
1,36,113.01,0,4068.36,True,False,False,True,False,False
0,10,108.47,1,1084.7,False,True,False,True,False,False
1,6,70.2,0,421.2,False,False,False,False,False,True
1,7,84.96,0,594.72,False,False,True,False,False,True
1,31,76.98,0,2386.38,False,False,True,False,False,True
1,3,26.7,0,80.1,True,True,False,False,True,False
1,47,35.87,1,1685.89,False,True,False,False,False,False
1,1,116.38,0,116.38,False,False,False,False,True,False
1,45,45.6,0,2052.0,False,False,False,True,False,False
0,54,58.44,0,3155.76,False,True,False,True,False,False
0,50,70.89,0,3544.5,False,False,True,False,False,False
0,7,117.91,0,825.37,False,False,True,False,False,True
1,63,89.0,0,5607.0,False,True,False,True,False,False
1,15,82.96,0,1244.4,True,True,False,False,False,True
0,67,72.44,0,4853.48,True,False,True,False,True,False
1,30,90.07,1,2702.1,True,False,True,False,False,True
1,68,86.4,1,5875.2,True,False,False,False,True,False
0,36,110.28,0,3970.08,True,True,False,False,False,False
0,67,74.18,0,4970.06,True,True,False,False,False,True
0,5,62.15,1,310.75,False,True,False,False,False,False
1,25,100.72,0,2518.0,False,False,True,False,False,True
1,11,99.98,0,1099.78,True,False,False,True,False,False
1,66,36.98,0,2440.68,False,False,True,False,False,False
0,28,43.68,0,1223.04,True,True,False,False,False,True
0,60,115.86,0,6951.6,False,True,False,False,False,False
1,10,64.41,0,644.1,False,True,False,False,False,True
0,50,71.97,0,3598.5,False,True,False,False,True,False
0,39,51.02,1,1989.78,False,True,False,False,False,False
1,37,68.11,0,2520.07,False,False,True,True,False,False
0,63,94.34,0,5943.42,False,False,False,False,False,False
0,61,68.23,0,4162.03,True,True,False,False,True,False
0,38,51.48,0,1956.24,True,True,False,False,True,False
1,33,29.6,0,976.8,False,True,False,True,False,False
1,45,112.83,0,5077.35,True,False,True,False,True,False
0,44,107.17,0,4715.48,False,False,True,True,False,False
1,1,99.14,1,99.14,True,True,False,False,False,True
1,53,89.41,1,4738.73,False,True,False,False,True,False
1,47,71.55,0,3362.85,True,True,False,False,False,True
0,33,109.74,0,3621.42,False,True,False,False,False,True
1,67,99.17,0,6644.39,True,True,False,False,True,False
0,15,101.6,0,1524.0,False,False,True,True,False,False
0,14,50.96,0,713.44,True,True,False,True,False,False
1,23,62.35,1,1434.05,False,True,False,True,False,False
0,54,90.68,0,4896.72,False,True,False,False,True,False
1,8,57.11,1,456.88,False,False,True,False,False,True
1,54,69.4,0,3747.6,True,True,False,False,False,False
0,36,84.65,0,3047.4,True,False,True,False,False,False
0,52,63.78,0,3316.56,True,False,False,False,True,False
1,6,99.3,0,595.8,False,False,True,False,False,False
1,28,31.63,0,885.64,True,True,False,False,False,True
1,50,91.81,0,4590.5,False,False,True,False,False,False
1,38,34.52,0,1311.76,True,True,False,True,False,False
0,30,113.78,0,3413.4,True,False,True,False,False,True
0,54,51.4,0,2775.6,True,False,True,False,True,False
0,71,99.54,0,7067.34,True,False,False,False,True,False
1,46,72.14,1,3318.44,False,False,True,True,False,False
0,28,29.11,0,815.08,True,False,False,False,False,False
0,17,78.26,0,1330.42,True,False,False,False,True,False
0,48,111.22,0,5338.56,False,False,True,False,True,False
0,44,35.72,0,1571.68,False,False,True,False,False,True
1,60,52.13,1,3127.8,True,False,True,False,False,True
0,60,63.92,0,3835.2,True,False,False,False,False,True
0,5,47.51,1,237.55,False,True,False,False,False,True
0,69,114.38,0,7892.22,False,True,False,False,True,False
0,70,57.75,1,4042.5,False,False,False,False,False,True
1,7,85.81,0,600.67,True,False,False,True,False,False
1,53,42.39,0,2246.67,True,False,True,True,False,False
0,17,41.97,1,713.49,True,False,True,False,False,True
1,59,37.58,1,2217.22,False,True,False,False,False,True
1,9,63.48,0,571.32,False,True,False,False,False,False
1,22,73.29,0,1612.38,False,True,False,False,False,True
1,45,21.07,0,948.15,True,False,True,False,True,False
0,59,103.29,1,6094.11,False,False,True,True,False,False
1,13,71.28,0,926.64,True,False,False,True,False,False
1,12,35.72,0,428.64,False,False,True,False,True,False
0,36,26.73,0,962.28,True,True,False,False,False,True
0,10,26.32,0,263.2,True,False,False,False,False,False
0,16,45.76,0,732.16,False,False,True,True,False,False
0,19,69.93,0,1328.67,True,True,False,False,False,False
1,6,106.02,0,636.12,False,False,True,True,False,False
0,4,110.3,1,441.2,True,False,False,False,False,False
1,30,103.23,0,3096.9,False,False,True,True,False,False
1,46,52.86,0,2431.56,False,True,False,False,False,False
0,27,50.66,0,1367.82,True,False,False,False,False,True
0,45,118.75,0,5343.75,False,True,False,False,False,True
1,37,88.13,1,3260.81,True,False,False,False,True,False
1,9,50.5,0,454.5,False,False,True,False,True,False
0,61,52.91,1,3227.51,False,False,True,False,False,False
0,35,63.46,1,2221.1,False,True,False,False,False,False
0,47,82.18,0,3862.46,False,False,True,True,False,False
1,21,109.8,1,2305.8,True,False,False,False,True,False
1,17,39.83,0,677.11,False,False,True,False,True,False
0,55,28.44,0,1564.2,False,False,True,True,False,False
1,6,60.58,0,363.48,True,False,True,False,False,False
0,35,44.55,0,1559.25,True,False,True,False,True,False
1,50,77.6,0,3880.0,True,False,True,False,False,False
1,37,89.92,0,3327.04,True,False,True,False,False,True
0,13,51.07,0,663.91,True,False,True,False,False,False
0,25,88.55,0,2213.75,True,False,True,False,False,True
0,1,54.31,0,54.31,False,True,False,False,False,True
1,49,83.5,0,4091.5,True,True,False,True,False,False
1,35,83.31,0,2915.85,False,False,True,True,False,False
0,53,47.82,0,2534.46,True,True,False,False,False,True
1,52,83.57,0,4345.64,False,False,True,True,False,False
0,54,58.1,0,3137.4,False,False,True,False,True,False
1,47,53.65,0,2521.55,False,False,True,False,True,False
0,43,48.93,0,2103.99,True,True,False,False,False,False
1,20,54.56,0,1091.2,True,False,False,False,False,True
1,33,98.67,0,3256.11,True,False,True,False,False,False
1,16,44.52,0,712.32,True,False,True,False,False,True
1,7,88.2,0,617.4,False,False,False,False,False,True
0,70,110.06,0,7704.2,True,True,False,False,False,False
1,21,55.04,0,1155.84,False,False,False,False,False,False
0,36,22.95,0,826.2,False,False,True,False,False,False
0,54,22.46,1,1212.84,True,False,False,False,False,False
0,19,33.95,0,645.05,True,False,True,False,True,False
0,25,31.0,1,775.0,True,True,False,False,False,True
1,67,94.81,1,6352.27,False,True,False,True,False,False
0,53,49.49,1,2622.97,True,True,False,False,False,True
1,48,85.25,0,4092.0,False,False,True,False,True,False
1,42,24.25,0,1018.5,True,True,False,False,False,True
1,47,49.57,0,2329.79,False,False,False,False,True,False
1,42,43.41,0,1823.22,True,True,False,False,False,True
0,2,47.69,0,95.38,True,False,True,False,True,False
1,6,39.07,0,234.42,False,False,False,True,False,False
0,46,81.79,0,3762.34,True,False,False,True,False,False
1,66,86.27,1,5693.82,True,False,False,True,False,False
1,40,34.85,0,1394.0,True,False,False,True,False,False
0,58,94.11,0,5458.38,True,False,True,False,True,False
1,33,45.0,1,1485.0,True,True,False,False,False,True
1,62,48.29,0,2993.98,True,False,False,True,False,False
1,12,102.88,1,1234.56,True,True,False,True,False,False
1,49,110.12,1,5395.88,False,True,False,False,False,True
1,5,102.48,0,512.4,False,True,False,False,False,True
0,51,34.78,0,1773.78,True,True,False,False,False,False
1,69,119.93,0,8275.17,True,False,True,False,False,True
1,32,87.22,0,2791.04,True,False,False,False,False,True
0,49,71.07,0,3482.43,False,False,False,False,False,True
1,60,115.48,0,6928.8,False,True,False,False,False,False
0,46,101.74,0,4680.04,True,False,False,False,False,True
1,68,89.17,0,6063.56,False,True,False,False,True,False
1,41,103.84,0,4257.44,True,False,True,True,False,False
0,67,58.55,0,3922.85,True,False,False,False,True,False
1,13,88.44,1,1149.72,True,True,False,False,False,False
1,18,39.06,0,703.08,True,False,False,False,False,False
0,51,118.8,0,6058.8,False,True,False,False,False,False
0,36,78.9,0,2840.4,False,False,False,False,False,False
1,34,101.42,0,3448.28,True,False,True,False,False,False
0,12,60.73,0,728.76,False,False,False,True,False,False
1,5,95.86,0,479.3,False,False,True,False,False,True
0,48,58.74,0,2819.52,True,False,True,False,True,False
1,40,79.0,0,3160.0,False,True,False,False,True,False
0,13,97.81,0,1271.53,True,True,False,False,False,True
0,26,31.65,0,822.9,True,False,False,False,False,False
0,14,55.68,0,779.52,True,False,True,False,False,True
0,11,74.49,0,819.39,True,True,False,False,False,False
0,38,53.4,1,2029.2,False,False,True,True,False,False
0,57,50.92,0,2902.44,True,False,True,False,True,False
0,22,48.17,0,1059.74,False,False,True,False,True,False
0,16,42.78,1,684.48,True,False,False,True,False,False
0,29,104.89,0,3041.81,True,False,True,True,False,False
1,2,112.37,0,224.74,False,False,True,False,False,False
0,54,90.02,0,4861.08,True,False,False,False,False,True
1,2,23.0,0,46.0,False,False,False,False,False,False
0,3,98.62,0,295.86,False,True,False,False,False,False
1,56,73.19,1,4098.64,True,False,True,False,True,False
1,11,95.81,0,1053.91,True,False,True,False,False,False
0,32,63.73,0,2039.36,True,False,False,False,False,True
0,4,24.13,1,96.52,True,False,False,False,False,False
1,9,88.17,1,793.53,True,True,False,False,True,False
1,56,64.41,0,3606.96,True,False,False,False,False,True
0,16,107.4,0,1718.4,False,False,False,False,False,True
0,71,93.81,0,6660.51,False,False,False,False,True,False
0,10,55.96,0,559.6,True,False,False,False,True,False
1,36,92.41,0,3326.76,False,True,False,False,False,False
0,24,69.52,0,1668.48,False,False,True,False,True,False
0,64,39.94,0,2556.16,True,False,True,True,False,False
0,56,61.99,0,3471.44,True,False,True,False,True,False
0,22,42.26,1,929.72,False,False,True,True,False,False
0,52,20.5,1,1066.0,True,False,True,False,True,False
1,50,44.68,0,2234.0,False,False,False,True,False,False
1,47,40.95,0,1924.65,True,False,True,True,False,False
0,23,20.43,0,469.89,False,False,False,False,True,False
0,19,98.39,0,1869.41,False,False,True,False,False,True
1,52,27.7,0,1440.4,False,False,True,False,False,True
0,34,64.91,0,2206.94,False,False,False,True,False,False
1,29,61.79,1,1791.91,True,False,True,False,False,True
0,61,38.14,0,2326.54,True,False,False,False,True,False
1,35,116.69,0,4084.15,False,True,False,True,False,False
1,5,80.37,0,401.85,False,True,False,False,False,False
0,7,101.35,0,709.45,True,True,False,True,False,False
1,41,69.61,0,2854.01,True,False,True,False,False,False
0,2,92.28,0,184.56,False,False,True,False,False,False
1,10,116.98,1,1169.8,False,False,True,True,False,False
0,44,54.84,0,2412.96,False,False,True,False,False,False
0,70,70.43,0,4930.1,False,False,False,False,False,True
0,35,71.45,1,2500.75,False,True,False,False,False,False
1,62,119.2,0,7390.4,True,False,False,False,False,True
0,20,43.31,0,866.2,False,True,False,True,False,False
0,35,87.53,0,3063.55,True,True,False,False,False,False
0,37,33.82,0,1251.34,True,False,False,False,False,False
1,54,112.71,1,6086.34,True,False,False,False,False,True
0,28,79.04,0,2213.12,False,False,False,False,False,True
1,70,105.94,1,7415.8,True,True,False,True,False,False
1,32,109.52,0,3504.64,True,False,False,True,False,False
1,11,75.71,0,832.81,True,False,True,False,False,False
0,42,88.2,0,3704.4,True,False,False,False,True,False
0,23,89.87,0,2067.01,False,True,False,False,False,False
1,30,66.05,1,1981.5,False,True,False,False,False,False
0,9,63.48,1,571.32,True,False,False,True,False,False
0,59,38.62,0,2278.58,True,False,False,True,False,False
1,28,58.39,0,1634.92,False,True,False,False,False,False
1,33,119.08,0,3929.64,False,True,False,False,False,True
0,47,46.99,0,2208.53,False,False,False,True,False,False
1,22,96.24,0,2117.28,True,False,True,False,False,False
0,29,25.93,0,751.97,False,False,True,False,True,False
1,34,66.75,0,2269.5,True,False,True,False,False,False
0,42,25.84,0,1085.28,True,True,False,False,True,False
0,52,67.58,0,3514.16,False,False,True,False,True,False
1,47,22.76,1,1069.72,True,False,True,False,True,False
0,51,81.33,0,4147.83,False,False,False,False,False,False
0,45,78.65,1,3539.25,True,False,False,True,False,False
1,34,99.78,0,3392.52,False,False,True,False,False,True
0,21,78.33,0,1644.93,True,True,False,False,False,True
0,13,112.6,0,1463.8,True,False,True,False,False,False
0,54,98.31,1,5308.74,False,False,False,False,False,False
1,25,33.27,0,831.75,False,False,False,False,True,False
1,21,46.55,1,977.55,False,False,False,True,False,False
1,1,22.62,0,22.62,False,False,True,False,False,False
1,58,58.61,0,3399.38,True,True,False,False,False,True
1,69,70.95,0,4895.55,False,False,True,False,False,False
0,71,114.59,0,8135.89,False,False,False,True,False,False
0,13,72.23,1,938.99,True,False,False,True,False,False
0,52,98.1,1,5101.2,False,False,False,False,False,False
1,23,46.8,0,1076.4,False,False,False,False,False,False
0,21,35.32,0,741.72,True,False,True,True,False,False
1,6,101.08,1,606.48,False,False,True,True,False,False
0,20,44.74,0,894.8,False,True,False,False,True,False
1,40,107.13,0,4285.2,False,False,False,False,False,False
0,9,36.98,0,332.82,False,False,True,False,False,False
0,50,105.16,1,5258.0,False,False,True,False,False,False
1,28,97.28,0,2723.84,False,False,False,False,False,True
0,11,81.12,0,892.32,True,False,True,False,True,False
0,56,105.02,0,5881.12,False,False,False,True,False,False
1,35,53.07,1,1857.45,True,True,False,False,True,False
0,25,36.6,0,915.0,True,False,False,False,False,True
0,19,35.7,1,678.3,True,False,False,False,True,False
1,31,47.04,0,1458.24,True,False,True,False,False,True
1,50,64.62,0,3231.0,False,True,False,False,True,False
1,63,107.6,0,6778.8,False,True,False,False,True,False
1,47,28.95,0,1360.65,False,False,True,False,True,False
1,1,111.52,0,111.52,True,True,False,False,False,False
0,58,112.55,0,6527.9,False,True,False,True,False,False
1,10,92.72,0,927.2,False,False,False,False,True,False
1,8,110.03,1,880.24,False,False,True,False,False,False
0,26,97.0,1,2522.0,True,True,False,False,False,False
0,34,72.83,0,2476.22,True,True,False,False,False,False
0,19,80.08,1,1521.52,False,True,False,False,False,True
0,1,82.82,1,82.82,True,False,False,False,True,False
0,48,32.69,0,1569.12,True,False,False,True,False,False
1,25,39.31,0,982.75,False,False,True,False,True,False
0,24,72.34,0,1736.16,True,False,True,False,True,False
1,47,31.52,0,1481.44,True,False,False,True,False,False
0,69,116.5,1,8038.5,False,False,True,False,False,False
1,67,70.71,0,4737.57,True,False,True,False,True,False
0,32,58.01,0,1856.32,True,False,True,False,False,False
1,17,35.75,0,607.75,True,False,False,False,False,False
1,61,61.65,1,3760.65,True,False,False,False,False,False
1,69,50.24,0,3466.56,True,True,False,True,False,False
1,11,28.79,0,316.69,True,True,False,False,False,False
1,38,116.7,0,4434.6,True,True,False,False,True,False
1,68,46.5,1,3162.0,True,True,False,False,False,False
1,19,89.05,1,1691.95,False,False,True,False,False,True
1,17,29.13,0,495.21,False,False,True,False,False,True
1,13,111.32,0,1447.16,False,False,False,False,False,True
1,1,79.08,0,79.08,False,False,True,False,False,False
0,2,85.69,1,171.38,True,False,True,False,True,False
1,66,98.18,0,6479.88,False,False,True,False,True,False
1,68,80.59,1,5480.12,False,True,False,False,False,False
0,16,27.09,0,433.44,True,False,False,False,False,False
1,4,62.96,1,251.84,True,True,False,True,False,False
1,57,46.2,0,2633.4,True,False,True,False,False,False
0,23,68.67,0,1579.41,True,False,True,False,False,True
0,2,60.43,0,120.86,True,False,False,True,False,False
1,67,102.65,0,6877.55,False,True,False,True,False,False
0,26,44.7,0,1162.2,True,False,True,False,False,False
1,7,40.13,0,280.91,False,False,False,False,False,False
1,44,115.81,0,5095.64,False,False,True,True,False,False
1,33,114.95,0,3793.35,True,False,True,True,False,False
0,64,119.35,0,7638.4,False,False,False,True,False,False
1,36,76.84,0,2766.24,False,False,False,True,False,False
1,4,31.31,1,125.24,True,False,True,True,False,False
0,23,108.02,0,2484.46,False,False,False,False,True,False
1,25,34.51,0,862.75,False,False,True,True,False,False
1,27,35.56,1,960.12,False,True,False,True,False,False
1,51,39.34,0,2006.34,True,False,True,False,True,False
1,69,85.34,0,5888.46,True,False,False,False,False,True
1,23,30.72,0,706.56,True,True,False,False,False,True
1,9,97.83,0,880.47,False,False,False,False,False,True
0,33,25.83,0,852.39,True,False,True,False,False,True
1,35,31.04,1,1086.4,False,False,False,False,False,False
1,50,63.45,0,3172.5,True,False,True,False,False,False
0,24,57.92,1,1390.08,False,False,False,True,False,False
1,24,118.97,1,2855.28,True,False,False,True,False,False
1,19,116.69,0,2217.11,True,False,True,False,False,True
0,39,38.97,0,1519.83,False,True,False,False,False,True
0,61,114.67,0,6994.87,True,False,True,False,True,False
0,25,89.23,0,2230.75,False,True,False,False,True,False
0,25,60.88,0,1522.0,True,True,False,False,True,False
0,27,93.96,1,2536.92,True,True,False,False,False,True
0,32,110.01,0,3520.32,False,True,False,False,True,False
0,11,38.01,0,418.11,False,False,True,True,False,False
1,69,39.6,0,2732.4,False,False,True,False,False,True
1,33,60.87,1,2008.71,True,True,False,False,False,False
1,19,36.92,0,701.48,False,True,False,False,False,True
0,16,56.04,0,896.64,True,True,False,False,False,False
1,11,84.57,1,930.27,False,True,False,False,False,False
0,69,101.28,0,6988.32,False,True,False,False,False,True
1,55,50.19,0,2760.45,False,True,False,False,True,False
1,25,48.17,0,1204.25,False,False,False,True,False,False
1,34,97.97,0,3330.98,False,True,False,False,False,True
1,12,58.1,0,697.2,False,False,False,False,True,False
0,21,101.85,0,2138.85,True,False,True,False,False,False
0,29,119.34,0,3460.86,False,False,True,False,False,False
1,51,117.97,1,6016.47,True,True,False,False,False,False
0,23,86.27,0,1984.21,False,False,True,False,False,False
0,33,57.52,1,1898.16,False,False,True,False,False,True
1,8,26.55,0,212.4,False,True,False,True,False,False
0,42,93.8,0,3939.6,True,False,True,False,False,False
0,69,117.8,0,8128.2,True,False,True,False,True,False
0,41,26.8,0,1098.8,False,True,False,False,True,False
0,63,20.62,0,1299.06,True,True,False,True,False,False
1,14,103.18,0,1444.52,False,True,False,True,False,False
1,62,30.23,1,1874.26,False,False,False,True,False,False
0,46,28.16,1,1295.36,True,True,False,False,False,False
1,67,111.03,0,7439.01,True,False,True,False,False,True
1,53,27.96,1,1481.88,True,True,False,False,False,False
1,52,31.4,0,1632.8,True,False,False,False,False,False
0,7,76.96,0,538.72,False,False,True,False,True,False
0,54,95.68,1,5166.72,True,False,False,False,False,True
1,11,59.96,0,659.56,True,False,True,False,False,True
1,25,62.06,0,1551.5,False,True,False,False,True,False
0,59,83.26,0,4912.34,True,False,False,False,True,False
1,66,70.54,0,4655.64,True,True,False,False,True,False
0,27,21.86,0,590.22,True,False,True,True,False,False
1,58,31.36,0,1818.88,True,True,False,False,False,True
0,11,78.16,1,859.76,False,True,False,False,True,False
0,55,99.37,0,5465.35,False,False,True,False,True,False
0,19,96.31,0,1829.89,True,False,False,False,True,False
0,39,94.01,1,3666.39,True,False,True,False,False,False
1,70,97.13,0,6799.1,False,False,True,False,False,True
0,11,24.44,0,268.84,True,True,False,False,False,True
1,14,109.51,1,1533.14,True,False,True,True,False,False
0,60,108.93,1,6535.8,True,False,False,False,False,False
0,36,73.19,0,2634.84,True,False,True,False,False,True
1,41,44.86,1,1839.26,True,False,True,True,False,False
1,2,79.22,1,158.44,True,True,False,True,False,False
1,57,75.79,0,4320.03,True,False,False,False,True,False
0,60,42.3,0,2538.0,True,True,False,True,False,False
0,20,80.31,0,1606.2,True,True,False,True,False,False
1,22,99.73,0,2194.06,False,False,False,False,False,False
0,4,100.61,0,402.44,False,False,False,False,True,False
1,56,25.97,1,1454.32,False,False,True,False,True,False
0,58,39.72,0,2303.76,True,False,False,False,True,False
0,65,86.82,0,5643.3,True,True,False,True,False,False
0,58,105.98,0,6146.84,False,False,False,False,True,False
1,30,72.12,0,2163.6,True,False,False,False,False,True
0,19,90.75,0,1724.25,False,False,False,False,False,False
1,62,22.11,0,1370.82,True,True,False,False,False,False
1,68,80.84,0,5497.12,False,False,True,True,False,False
0,44,116.19,1,5112.36,False,False,True,False,True,False
1,61,86.1,0,5252.1,False,True,False,False,False,False
1,21,112.23,0,2356.83,True,False,True,True,False,False
0,10,76.6,0,766.0,False,False,True,True,False,False
1,30,104.34,1,3130.2,True,True,False,False,False,False
1,24,32.42,0,778.08,True,True,False,False,True,False
0,48,32.35,0,1552.8,True,False,True,False,True,False
0,55,32.02,0,1761.1,True,False,False,False,False,True
0,52,68.88,0,3581.76,True,False,True,False,False,True
1,38,53.03,0,2015.14,True,False,False,False,True,False
1,67,91.92,0,6158.64,True,True,False,False,False,True
0,8,110.26,0,882.08,False,False,False,False,False,True
1,29,81.94,0,2376.26,False,False,False,False,False,False
0,10,41.32,0,413.2,False,False,False,False,True,False
0,69,113.09,0,7803.21,True,True,False,False,False,False
0,68,72.79,0,4949.72,True,False,True,False,False,False
1,49,91.99,0,4507.51,True,False,True,True,False,False
1,58,109.05,0,6324.9,True,False,False,False,True,False
0,35,118.98,1,4164.3,False,False,True,False,False,False
0,50,70.61,0,3530.5,True,True,False,False,False,True
1,40,100.81,0,4032.4,False,True,False,True,False,False
0,12,76.69,0,920.28,True,True,False,False,False,True
1,16,68.65,0,1098.4,False,True,False,True,False,False
0,48,73.77,1,3540.96,True,False,True,False,False,True
0,1,68.43,1,68.43,False,False,False,False,False,True
1,65,62.1,1,4036.5,True,False,False,False,False,True
1,22,92.37,0,2032.14,False,False,False,False,False,False
1,15,44.97,1,674.55,True,True,False,False,True,False
1,67,81.64,0,5469.88,False,False,True,True,False,False
1,14,91.3,0,1278.2,False,False,True,False,False,False
0,19,109.21,0,2074.99,True,False,True,True,False,False
0,40,53.19,1,2127.6,False,False,True,False,False,False
1,4,106.06,0,424.24,True,False,True,True,False,False
1,33,114.53,1,3779.49,True,False,True,True,False,False
0,43,84.87,0,3649.41,True,False,False,False,False,True
0,37,97.14,1,3594.18,False,True,False,True,False,False
1,66,60.57,0,3997.62,False,False,False,True,False,False
1,27,115.21,0,3110.67,True,False,True,False,False,True
0,45,87.09,1,3919.05,True,True,False,False,False,False
1,50,51.02,0,2551.0,False,True,False,False,False,False
0,63,60.43,0,3807.09,False,True,False,False,True,False
0,6,81.78,1,490.68,False,True,False,False,True,False
1,67,43.41,1,2908.47,True,False,True,False,True,False
0,67,95.39,0,6391.13,True,False,True,False,True,False
0,59,42.47,0,2505.73,True,True,False,True,False,False
0,13,79.18,0,1029.34,True,False,True,True,False,False
1,21,89.7,0,1883.7,True,True,False,False,True,False
0,64,105.97,0,6782.08,False,False,True,False,False,True
1,37,93.39,0,3455.43,True,True,False,False,True,False
0,48,99.88,0,4794.24,False,False,True,False,False,False
0,56,111.29,0,6232.24,False,False,False,True,False,False
0,44,79.78,0,3510.32,True,False,False,False,False,True
0,13,104.63,0,1360.19,False,False,True,False,False,False
0,4,43.19,0,172.76,True,False,True,False,False,True
1,33,101.47,0,3348.51,False,False,False,False,False,True
1,37,42.17,0,1560.29,True,False,True,False,True,False
0,53,113.46,1,6013.38,True,True,False,False,False,False
1,24,53.0,1,1272.0,False,False,True,False,True,False
1,51,37.18,0,1896.18,True,False,True,False,False,False
0,41,34.82,0,1427.62,False,False,False,True,False,False
1,29,38.73,0,1123.17,True,False,False,False,False,False
1,59,64.75,1,3820.25,True,False,True,True,False,False
1,40,72.21,0,2888.4,True,True,False,True,False,False
1,51,111.38,0,5680.38,False,False,True,False,True,False
0,50,58.1,0,2905.0,False,True,False,True,False,False
1,36,41.75,0,1503.0,True,True,False,False,True,False
0,60,94.38,1,5662.8,False,False,True,False,False,True
0,18,33.47,1,602.46,True,True,False,False,False,True
1,20,109.23,0,2184.6,False,False,False,False,False,True
0,5,60.94,0,304.7,False,True,False,False,False,False
1,18,81.38,0,1464.84,True,True,False,True,False,False
0,40,38.62,0,1544.8,True,True,False,False,True,False
1,1,34.55,0,34.55,True,False,False,False,False,True
1,19,99.88,0,1897.72,True,False,False,False,True,False
0,26,62.97,0,1637.22,True,False,True,False,False,True
1,29,118.67,0,3441.43,False,True,False,True,False,False
1,59,72.43,1,4273.37,False,False,False,False,False,True
1,63,104.57,0,6587.91,True,True,False,False,True,False
1,62,118.0,0,7316.0,True,True,False,False,False,True
0,48,48.12,0,2309.76,True,False,True,False,True,False
0,62,100.09,0,6205.58,False,True,False,False,False,True
0,18,22.2,0,399.6,True,False,False,False,True,False
1,66,87.98,0,5806.68,True,False,True,False,False,True
0,27,94.52,0,2552.04,False,False,True,True,False,False
1,6,67.74,0,406.44,False,True,False,False,False,True
1,70,36.21,0,2534.7,False,True,False,False,False,False
1,59,81.67,0,4818.53,False,False,False,False,True,False
0,6,109.75,0,658.5,True,True,False,False,False,True
0,31,113.13,0,3507.03,False,False,False,False,False,False
0,56,94.61,0,5298.16,False,True,False,False,True,False
0,54,46.37,1,2503.98,True,False,False,False,False,True
1,41,107.03,0,4388.23,True,True,False,False,False,True
0,18,108.88,0,1959.84,True,False,True,True,False,False
0,23,56.72,1,1304.56,False,False,False,False,False,True
0,36,38.3,0,1378.8,True,False,True,False,True,False
0,25,107.47,0,2686.75,False,False,True,False,False,False
1,7,108.51,0,759.57,False,False,True,False,False,True
0,20,30.09,0,601.8,False,False,True,False,False,False
0,5,116.7,0,583.5,True,False,False,False,True,False
0,18,73.31,0,1319.58,False,True,False,False,True,False
1,33,119.37,1,3939.21,True,False,True,False,False,True
0,35,64.5,0,2257.5,True,True,False,True,False,False
0,65,73.33,0,4766.45,True,False,False,False,False,True
0,63,46.61,1,2936.43,False,True,False,True,False,False
1,71,109.89,0,7802.19,False,False,False,False,False,True
1,41,64.37,1,2639.17,False,True,False,False,False,False
0,50,101.46,0,5073.0,True,False,False,True,False,False
0,30,27.97,0,839.1,False,False,False,True,False,False
1,38,98.82,0,3755.16,False,True,False,False,False,False
1,35,69.02,1,2415.7,False,False,True,False,False,True
1,66,20.54,0,1355.64,False,False,True,False,True,False
1,46,42.63,0,1960.98,False,True,False,False,True,False
1,8,39.37,0,314.96,True,False,True,False,False,True
0,68,95.18,0,6472.24,True,False,True,False,False,False
0,37,67.72,0,2505.64,True,False,False,False,True,False
0,13,35.97,0,467.61,True,True,False,False,False,False
0,45,45.68,0,2055.6,False,False,True,False,False,True
1,29,70.41,0,2041.89,True,False,True,False,False,False
1,41,21.96,0,900.36,False,False,True,False,False,False
1,56,62.41,0,3494.96,True,True,False,False,False,False
1,16,87.81,0,1404.96,True,False,True,False,True,False
1,12,71.78,0,861.36,True,False,True,False,False,False
0,66,79.81,0,5267.46,False,False,True,True,False,False
0,62,52.66,1,3264.92,False,False,False,False,False,False
0,19,38.31,1,727.89,True,True,False,False,False,False
0,30,100.97,0,3029.1,False,False,True,False,False,True
0,16,110.56,0,1768.96,True,False,False,False,False,False
1,13,71.07,0,923.91,True,True,False,False,False,False
1,69,50.5,1,3484.5,True,False,False,False,True,False
1,23,71.12,1,1635.76,False,False,False,True,False,False
1,62,107.9,0,6689.8,True,True,False,False,False,True
1,31,89.14,1,2763.34,True,False,True,True,False,False
0,53,105.86,1,5610.58,True,False,True,False,False,False
0,17,52.84,0,898.28,False,False,False,False,True,False
0,49,91.2,0,4468.8,True,True,False,True,False,False
1,49,85.3,0,4179.7,False,True,False,True,False,False
1,67,77.16,0,5169.72,True,False,True,True,False,False
1,26,72.82,0,1893.32,False,False,False,True,False,False
1,13,75.1,0,976.3,True,False,True,True,False,False
0,38,104.97,0,3988.86,True,True,False,False,True,False
1,22,111.6,1,2455.2,False,True,False,False,False,False
0,29,31.29,1,907.41,False,False,True,False,True,False
1,45,76.88,0,3459.6,True,False,True,False,True,False
0,46,111.84,1,5144.64,False,True,False,False,True,False
1,39,33.47,0,1305.33,True,False,False,False,True,False
1,69,61.29,0,4229.01,True,True,False,False,False,False
0,68,28.91,0,1965.88,True,False,False,False,False,False
0,39,31.35,0,1222.65,False,False,True,False,True,False
1,20,110.41,0,2208.2,True,False,True,True,False,False
0,68,64.62,1,4394.16,False,False,False,False,False,False
1,35,88.87,0,3110.45,True,True,False,False,False,False
1,8,33.89,0,271.12,False,True,False,False,True,False
0,52,22.19,0,1153.88,False,False,False,True,False,False
1,40,109.05,1,4362.0,True,False,False,True,False,False
1,36,77.45,0,2788.2,False,False,False,False,True,False
0,6,22.0,0,132.0,True,False,False,False,True,False
1,70,119.23,1,8346.1,True,True,False,False,False,False
1,16,69.22,1,1107.52,True,False,True,False,False,False
1,46,67.59,1,3109.14,True,True,False,False,False,True
1,59,82.09,0,4843.31,True,False,False,False,False,True
0,38,20.79,1,790.02,False,True,False,False,True,False
0,18,76.91,1,1384.38,True,False,False,False,False,True
0,12,82.95,1,995.4,False,False,False,True,False,False
1,54,49.7,0,2683.8,False,False,False,True,False,False
0,47,92.69,0,4356.43,True,False,False,True,False,False
0,1,57.74,0,57.74,False,True,False,False,False,False
0,15,91.78,0,1376.7,True,False,False,False,False,True
1,21,34.38,0,721.98,False,True,False,False,False,True
0,1,111.37,1,111.37,False,True,False,False,True,False
0,67,107.95,0,7232.65,False,False,True,False,False,False
1,12,35.06,0,420.72,True,True,False,False,False,False
1,28,113.85,0,3187.8,False,False,True,False,False,False
1,39,75.78,0,2955.42,True,False,True,True,False,False
1,37,90.16,0,3335.92,False,False,True,False,False,False
1,60,104.03,0,6241.8,False,True,False,False,False,True
1,31,28.36,1,879.16,False,False,True,False,True,False
0,58,36.93,1,2141.94,False,False,False,False,False,True
0,11,49.04,0,539.44,True,True,False,False,False,False
1,29,67.72,1,1963.88,True,False,False,False,True,False
1,13,54.61,0,709.93,False,True,False,True,False,False
0,51,70.58,1,3599.58,False,False,True,False,True,False
1,54,38.59,1,2083.86,True,False,True,False,False,False
1,19,88.22,0,1676.18,True,True,False,False,False,False
0,58,25.57,0,1483.06,True,False,True,False,True,False
1,36,56.14,0,2021.04,True,False,False,False,False,False
1,28,37.9,0,1061.2,False,False,False,False,False,False
0,68,92.99,0,6323.32,False,False,True,False,False,False
0,3,108.37,0,325.11,True,True,False,False,False,False
0,41,27.88,0,1143.08,True,True,False,False,True,False
0,35,98.5,0,3447.5,True,False,False,False,True,False
0,50,109.57,0,5478.5,True,False,True,False,False,True
1,30,117.4,0,3522.0,True,False,True,True,False,False
1,70,77.94,0,5455.8,True,False,False,True,False,False
1,54,52.74,0,2847.96,False,True,False,False,False,True
1,71,52.2,0,3706.2,False,False,True,False,True,False
1,51,57.9,0,2952.9,False,True,False,False,False,True
0,28,81.27,0,2275.56,True,True,False,False,False,False
1,64,69.02,0,4417.28,True,False,False,False,False,False
1,21,85.36,0,1792.56,True,True,False,True,False,False
1,27,23.93,0,646.11,False,False,False,False,True,False
1,27,30.59,1,825.93,True,False,True,True,False,False
1,50,117.65,0,5882.5,True,True,False,False,False,True
0,29,119.54,0,3466.66,False,False,False,True,False,False
1,39,94.67,1,3692.13,True,False,False,True,False,False
1,57,45.64,1,2601.48,False,True,False,False,False,False
1,37,115.34,1,4267.58,False,False,False,True,False,False
1,64,41.37,0,2647.68,True,False,True,False,False,True
1,48,93.14,0,4470.72,False,True,False,False,True,False
1,22,31.53,1,693.66,True,False,True,True,False,False
0,30,84.89,0,2546.7,False,False,False,False,True,False
1,28,95.95,0,2686.6,True,False,True,False,False,True
0,23,105.96,0,2437.08,False,False,False,True,False,False
0,4,93.43,0,373.72,True,False,False,False,True,False
1,3,112.35,1,337.05,False,False,True,False,False,False
1,61,72.09,0,4397.49,False,True,False,False,False,False
1,4,87.74,1,350.96,False,True,False,False,False,True
0,65,56.96,0,3702.4,True,True,False,True,False,False
1,12,21.04,0,252.48,True,False,True,False,False,True
1,13,95.67,0,1243.71,False,False,True,False,True,False
1,34,106.99,1,3637.66,True,False,True,False,True,False
0,59,37.39,0,2206.01,False,False,True,False,False,True
0,31,22.86,0,708.66,True,True,False,False,True,False
1,71,36.45,0,2587.95,False,True,False,False,False,True
0,13,109.53,0,1423.89,True,False,False,False,False,True
1,54,49.55,0,2675.7,False,False,True,False,False,False
0,2,43.37,0,86.74,False,True,False,False,True,False
1,33,21.46,1,708.18,False,True,False,False,False,True
0,50,49.71,0,2485.5,False,True,False,False,False,False
1,7,91.56,0,640.92,True,True,False,False,False,True
1,18,115.91,0,2086.38,False,True,False,False,True,False
0,51,51.27,0,2614.77,True,True,False,False,False,False
0,8,44.07,0,352.56,True,False,True,False,True,False
0,55,108.81,0,5984.55,False,False,False,True,False,False
0,43,105.25,0,4525.75,True,False,False,True,False,False
0,59,52.82,1,3116.38,True,False,True,True,False,False
1,30,26.88,0,806.4,True,True,False,True,False,False
1,59,119.2,0,7032.8,False,False,True,False,False,False
0,9,88.07,0,792.63,True,True,False,False,True,False
1,68,112.66,0,7660.88,True,True,False,False,False,True
1,39,54.19,0,2113.41,False,True,False,False,False,True
0,11,84.77,0,932.47,False,True,False,False,False,True
1,2,87.45,0,174.9,True,True,False,False,True,False
1,23,107.29,0,2467.67,False,False,True,False,False,False
0,63,119.31,0,7516.53,True,False,True,False,True,False
0,22,30.87,0,679.14,True,False,False,True,False,False
1,61,83.11,0,5069.71,True,True,False,False,False,True
0,26,53.64,0,1394.64,False,False,True,False,True,False
1,12,101.17,1,1214.04,True,False,True,True,False,False
0,32,95.41,0,3053.12,False,True,False,True,False,False
0,9,109.25,1,983.25,False,True,False,False,False,False
0,69,54.37,0,3751.53,True,False,True,False,False,True
0,71,38.45,1,2729.95,False,True,False,False,True,False
1,33,22.18,0,731.94,False,False,True,True,False,False
0,24,45.55,0,1093.2,False,False,False,True,False,False
0,69,56.72,0,3913.68,False,True,False,False,False,True
1,38,114.61,0,4355.18,False,False,False,False,True,False
1,11,69.14,0,760.54,True,False,False,False,True,False
1,32,75.64,0,2420.48,False,False,False,False,False,True
1,64,108.01,0,6912.64,True,True,False,True,False,False
0,20,108.51,0,2170.2,True,False,False,False,False,False
1,34,72.79,0,2474.86,True,False,True,False,False,True
0,42,31.37,0,1317.54,True,False,True,True,False,False
1,8,47.05,0,376.4,True,True,False,False,False,False
0,66,65.69,0,4335.54,True,True,False,False,False,True
1,21,95.12,1,1997.52,False,False,False,False,False,True
0,70,91.17,0,6381.9,False,True,False,True,False,False
0,5,84.27,0,421.35,False,False,True,False,False,True
1,67,108.02,0,7237.34,True,False,True,False,True,False
0,43,100.26,0,4311.18,False,False,True,False,True,False
0,16,118.21,0,1891.36,False,True,False,False,False,False
0,35,108.92,1,3812.2,False,False,True,False,False,True
0,43,39.57,1,1701.51,True,True,False,False,True,False
1,39,25.76,0,1004.64,False,False,False,True,False,False
0,10,61.45,1,614.5,True,False,True,True,False,False
0,20,81.75,0,1635.0,False,False,False,True,False,False
1,1,84.31,0,84.31,True,False,True,False,True,False
1,6,46.75,0,280.5,True,False,True,False,False,True
1,53,105.99,0,5617.47,True,False,True,False,False,True
0,46,52.92,0,2434.32,False,False,False,False,False,True
0,66,111.91,0,7386.06,False,False,True,False,False,False
1,38,67.16,0,2552.08,True,False,False,False,False,True
0,33,21.04,0,694.32,False,True,False,False,True,False
1,67,36.2,0,2425.4,True,False,True,False,True,False
0,35,30.23,0,1058.05,True,False,True,False,False,True
1,45,24.4,0,1098.0,False,False,False,True,False,False
0,22,91.4,1,2010.8,False,False,True,False,False,False
1,68,39.23,0,2667.64,False,True,False,False,False,False
0,17,103.86,0,1765.62,True,False,True,False,True,False
1,5,46.45,1,232.25,True,True,False,False,False,False
0,57,23.23,0,1324.11,False,True,False,True,False,False
0,40,102.07,1,4082.8,True,False,True,False,False,True
0,30,66.61,0,1998.3,False,False,True,False,False,False
1,42,79.95,0,3357.9,True,True,False,False,False,False
0,7,53.62,0,375.34,False,True,False,False,True,False
0,71,24.6,1,1746.6,False,True,False,True,False,False
0,19,57.02,0,1083.38,True,False,True,False,True,False
1,41,71.83,0,2945.03,False,False,False,False,True,False
0,34,21.17,0,719.78,False,False,True,False,False,False
1,22,77.43,0,1703.46,True,False,False,False,True,False
0,52,109.3,0,5683.6,False,False,False,False,True,False
1,6,41.78,0,250.68,True,False,True,False,False,False
1,25,112.68,0,2817.0,False,False,False,False,False,False
0,66,29.76,0,1964.16,True,True,False,False,False,False
1,10,102.54,0,1025.4,False,False,True,False,False,True
1,26,104.03,1,2704.78,False,False,False,True,False,False
0,5,45.78,0,228.9,False,True,False,False,False,True
1,68,115.78,1,7873.04,False,False,False,False,False,False
1,71,61.66,0,4377.86,True,False,False,True,False,False
1,50,34.13,0,1706.5,True,True,False,False,True,False
1,17,79.17,0,1345.89,True,True,False,True,False,False
0,11,119.66,0,1316.26,True,False,True,False,False,False
1,53,109.93,1,5826.29,True,False,False,False,False,True
1,50,47.86,0,2393.0,True,False,True,True,False,False
0,8,77.7,0,621.6,True,False,True,False,True,False
0,62,31.54,1,1955.48,False,False,False,False,False,True
1,29,66.18,0,1919.22,False,False,False,False,False,True
0,44,72.31,0,3181.64,False,False,True,False,False,True
0,45,51.53,0,2318.85,False,True,False,False,False,True
0,29,68.42,0,1984.18,True,False,True,False,True,False
0,59,111.99,0,6607.41,True,False,False,False,False,False
0,15,70.01,1,1050.15,True,True,False,False,True,False
0,70,103.1,0,7217.0,False,False,True,False,False,False
0,44,51.74,0,2276.56,True,False,False,False,False,False
0,36,117.14,0,4217.04,False,True,False,True,False,False
0,57,29.35,0,1672.95,True,True,False,False,True,False
1,64,78.56,0,5027.84,True,True,False,False,False,False
1,38,98.99,0,3761.62,True,False,False,False,True,False
1,17,101.4,0,1723.8,True,False,True,False,True,False
1,27,39.83,0,1075.41,False,False,False,False,False,False
1,17,60.16,0,1022.72,False,False,False,False,False,False
0,63,82.42,0,5192.46,True,True,False,False,False,True
0,11,51.59,0,567.49,False,False,True,True,False,False
1,64,85.83,0,5493.12,True,True,False,False,False,False
1,39,57.88,0,2257.32,True,False,False,False,False,False
0,2,55.09,1,110.18,True,True,False,False,False,False
1,66,30.81,0,2033.46,True,False,False,True,False,False
0,54,23.93,0,1292.22,False,False,False,False,True,False
1,29,103.53,1,3002.37,True,False,False,False,False,True
0,45,68.95,0,3102.75,True,True,False,False,False,True
1,31,76.29,0,2364.99,False,False,True,False,True,False
0,49,57.22,0,2803.78,True,True,False,True,False,False
1,9,33.67,0,303.03,False,False,False,True,False,False
1,27,64.96,1,1753.92,True,True,False,False,False,False
0,56,42.9,0,2402.4,True,False,False,True,False,False
0,45,103.77,0,4669.65,True,False,True,True,False,False
1,43,118.68,0,5103.24,True,False,True,False,False,False
1,22,108.91,0,2396.02,True,False,False,False,True,False
0,33,72.83,0,2403.39,True,False,True,False,False,True
0,27,82.81,1,2235.87,False,False,False,False,True,False
0,40,114.81,0,4592.4,True,True,False,False,True,False
1,26,73.87,0,1920.62,False,True,False,False,False,False
1,45,83.86,0,3773.7,False,False,True,False,True,False
0,45,82.92,0,3731.4,True,False,True,True,False,False
1,26,90.81,0,2361.06,False,False,False,False,True,False
1,70,84.03,1,5882.1,True,False,True,False,True,False
0,67,87.07,0,5833.69,False,False,True,False,False,False
1,6,92.59,0,555.54,True,False,True,False,False,False
0,28,100.91,0,2825.48,False,False,False,False,False,True
0,67,60.31,0,4040.77,False,True,False,True,False,False
1,13,94.58,0,1229.54,True,False,False,True,False,False
1,63,30.02,1,1891.26,False,False,False,False,False,True
0,13,107.62,0,1399.06,True,False,True,False,False,True
0,1,49.0,0,49.0,True,True,False,False,False,False
0,40,60.35,0,2414.0,True,False,False,False,False,True
1,37,100.36,0,3713.32,True,False,True,False,True,False
0,31,83.7,0,2594.7,True,False,False,False,False,True
0,17,50.86,0,864.62,False,False,True,False,True,False
0,9,42.54,0,382.86,False,True,False,False,False,True
0,64,115.77,1,7409.28,False,True,False,False,False,False
1,57,28.78,0,1640.46,True,False,True,True,False,False
1,13,20.43,1,265.59,False,False,False,False,True,False
0,37,87.29,1,3229.73,False,False,False,True,False,False
1,14,81.45,0,1140.3,False,True,False,False,True,False
1,25,93.76,0,2344.0,False,False,False,True,False,False
1,57,93.16,1,5310.12,False,False,True,False,False,False
0,71,106.33,0,7549.43,True,False,True,False,True,False
1,42,112.21,0,4712.82,True,False,True,False,False,True
1,42,97.5,0,4095.0,False,True,False,False,False,False
0,47,43.23,0,2031.81,True,True,False,True,False,False
0,44,66.35,0,2919.4,True,True,False,False,True,False
1,41,84.17,0,3450.97,False,False,True,False,False,False
1,3,73.94,1,221.82,False,True,False,True,False,False
0,1,35.89,0,35.89,True,False,True,False,True,False
0,11,78.93,0,868.23,False,False,False,False,True,False
0,7,108.65,0,760.55,True,True,False,False,False,False
0,12,61.85,0,742.2,True,False,False,True,False,False
1,38,86.89,1,3301.82,False,False,False,True,False,False
0,54,81.59,0,4405.86,True,True,False,False,True,False
1,67,57.7,1,3865.9,True,True,False,True,False,False
1,53,76.53,0,4056.09,True,False,False,False,False,True
1,32,41.02,0,1312.64,False,False,False,False,False,True
0,45,74.61,0,3357.45,False,False,False,False,True,False
0,51,99.88,1,5093.88,False,False,True,True,False,False
1,37,95.89,0,3547.93,False,False,False,False,True,False
1,59,55.8,0,3292.2,True,False,True,False,False,True
1,54,31.21,0,1685.34,False,True,False,False,True,False
1,18,99.99,1,1799.82,False,False,False,False,True,False
1,1,46.5,0,46.5,False,True,False,False,False,False
0,21,25.3,0,531.3,False,False,False,False,False,False
0,28,64.52,0,1806.56,True,True,False,False,False,True
0,16,93.95,0,1503.2,True,False,False,True,False,False
1,48,100.85,0,4840.8,True,False,True,False,False,True
1,28,118.22,0,3310.16,False,True,False,True,False,False
0,22,38.94,1,856.68,False,True,False,True,False,False
0,1,49.38,0,49.38,True,False,False,False,False,False
1,42,80.95,1,3399.9,False,False,True,False,False,False
0,70,101.13,0,7079.1,False,False,True,False,False,True
0,3,43.41,0,130.23,True,False,True,False,False,True
0,44,60.99,0,2683.56,True,False,False,False,False,True
1,27,60.84,0,1642.68,False,True,False,False,False,False
1,51,97.29,0,4961.79,False,False,False,False,False,False
0,24,44.09,0,1058.16,False,False,True,False,True,False
1,20,116.88,0,2337.6,True,False,True,False,False,True
0,32,71.05,0,2273.6,True,True,False,False,True,False
0,13,48.21,1,626.73,True,False,False,True,False,False
1,43,48.43,0,2082.49,True,False,False,False,False,True
1,20,21.83,0,436.6,False,False,True,False,False,False
1,2,89.24,0,178.48,True,True,False,False,False,True
0,68,97.59,0,6636.12,True,True,False,False,False,True
0,60,23.24,0,1394.4,False,False,True,False,False,False
0,4,78.59,1,314.36,False,False,False,False,False,False
1,17,98.17,0,1668.89,False,False,False,True,False,False
0,1,57.62,0,57.62,True,True,False,False,False,True
0,33,63.27,0,2087.91,False,True,False,False,False,True
0,30,56.16,1,1684.8,False,False,True,False,False,True
0,5,51.57,0,257.85,True,True,False,False,False,True
1,12,69.11,1,829.32,True,False,False,True,False,False
1,32,36.61,0,1171.52,False,False,False,False,False,True
1,38,64.07,0,2434.66,True,True,False,True,False,False
0,17,114.18,0,1941.06,False,False,True,True,False,False
0,58,22.74,0,1318.92,False,False,False,False,False,False
0,40,36.47,0,1458.8,True,False,False,False,False,True
1,24,97.77,0,2346.48,False,False,True,False,False,False
1,12,33.21,1,398.52,True,True,False,True,False,False
1,19,47.13,0,895.47,True,False,False,False,True,False
1,29,65.48,1,1898.92,True,False,False,False,True,False
1,52,114.32,0,5944.64,False,False,True,False,False,True
0,17,38.35,1,651.95,True,True,False,False,True,False
1,21,112.31,1,2358.51,True,False,True,False,False,False
1,60,91.85,0,5511.0,False,False,True,False,True,False
1,20,87.11,1,1742.2,False,True,False,False,True,False
0,53,92.35,1,4894.55,False,False,False,True,False,False
1,63,23.12,0,1456.56,False,False,True,False,False,False
1,57,29.89,1,1703.73,True,False,False,False,False,True
1,29,53.48,0,1550.92,True,False,False,False,False,False
0,1,27.4,0,27.4,True,False,False,False,False,False
0,59,118.76,0,7006.84,False,False,False,False,False,True
1,64,78.04,0,4994.56,False,False,True,False,False,False
1,71,68.73,0,4879.83,True,True,False,True,False,False
1,44,98.55,1,4336.2,False,False,False,False,False,True
1,48,117.7,1,5649.6,False,False,False,True,False,False
0,15,115.51,1,1732.65,True,False,False,False,False,False
1,35,99.31,0,3475.85,True,True,False,False,True,False
0,23,57.72,1,1327.56,False,False,False,False,False,True
1,53,26.6,0,1409.8,False,True,False,False,False,True
0,45,29.84,1,1342.8,False,False,True,False,True,False
0,13,20.12,0,261.56,True,True,False,False,True,False
1,34,20.19,1,686.46,True,False,False,False,False,True
0,38,113.64,0,4318.32,True,False,True,False,True,False
1,70,112.7,1,7889.0,True,True,False,True,False,False
0,68,86.76,1,5899.68,True,False,False,False,False,False
0,5,92.67,1,463.35,False,False,True,True,False,False
1,40,71.32,0,2852.8,False,False,True,False,False,False
1,70,43.78,1,3064.6,False,True,False,False,False,False
0,21,111.44,1,2340.24,True,False,False,False,True,False
0,28,47.77,0,1337.56,True,True,False,False,True,False
1,3,93.97,0,281.91,True,False,True,True,False,False
1,23,44.54,0,1024.42,False,False,True,False,True,False
1,19,107.01,1,2033.19,True,False,False,True,False,False
0,50,85.12,0,4256.0,True,False,True,False,False,True
1,58,84.27,1,4887.66,False,False,False,True,False,False
1,20,29.74,0,594.8,True,True,False,False,False,False
0,53,61.95,0,3283.35,False,False,True,False,False,True
1,9,72.49,1,652.41,True,False,True,True,False,False
1,4,49.4,0,197.6,True,False,False,True,False,False
1,41,108.1,0,4432.1,False,False,False,False,False,True
1,25,103.77,1,2594.25,False,True,False,False,False,True
0,34,69.36,0,2358.24,False,False,False,False,False,False
1,9,54.0,0,486.0,False,False,True,False,False,False
1,13,100.15,0,1301.95,False,True,False,False,False,False
1,9,39.69,1,357.21,False,True,False,False,True,False
1,4,27.15,0,108.6,True,True,False,False,False,False
1,34,24.57,0,835.38,True,False,False,False,True,False
1,7,23.87,0,167.09,False,False,False,True,False,False
0,15,68.89,0,1033.35,True,False,True,True,False,False
0,38,45.53,0,1730.14,False,True,False,True,False,False
0,52,89.04,0,4630.08,True,True,False,False,True,False
1,7,85.39,0,597.73,False,True,False,True,False,False
1,45,74.2,1,3339.0,True,False,True,True,False,False
1,59,55.28,0,3261.52,True,False,False,False,True,False
0,21,105.05,0,2206.05,True,True,False,False,False,False
1,28,90.97,0,2547.16,True,False,False,False,False,False
0,3,47.15,0,141.45,True,False,False,False,False,False
1,14,70.17,0,982.38,False,False,False,False,False,False
1,2,35.63,0,71.26,False,False,False,False,False,True
0,29,52.88,0,1533.52,False,False,False,True,False,False
0,18,119.71,0,2154.78,True,False,True,False,False,False
0,37,42.38,0,1568.06,False,False,False,False,False,False
0,45,89.83,1,4042.35,True,True,False,False,False,False
0,45,43.84,1,1972.8,True,True,False,False,False,False
0,24,113.81,0,2731.44,True,True,False,False,False,False
1,46,51.01,0,2346.46,False,False,True,False,False,True
0,12,54.67,0,656.04,True,False,False,False,False,True
1,53,79.39,0,4207.67,False,True,False,False,True,False
1,45,78.81,0,3546.45,False,True,False,False,True,False
1,32,77.91,0,2493.12,True,True,False,False,False,False
1,18,77.33,0,1391.94,True,False,False,False,True,False
1,13,51.22,0,665.86,False,True,False,False,False,True
0,4,63.44,0,253.76,False,False,False,False,False,False
0,23,79.34,0,1824.82,False,True,False,False,True,False
0,62,87.13,1,5402.06,False,True,False,False,True,False
1,54,45.31,1,2446.74,False,False,False,False,False,True
0,55,90.15,0,4958.25,False,True,False,True,False,False
1,69,112.33,0,7750.77,True,False,True,False,False,False
1,40,95.79,0,3831.6,False,False,False,False,True,False
1,14,28.42,0,397.88,False,True,False,False,False,True
1,28,66.91,0,1873.48,False,False,True,False,False,False
0,71,63.53,0,4510.63,False,False,True,False,False,True
0,67,53.65,0,3594.55,True,False,False,False,False,False
0,29,69.13,0,2004.77,True,True,False,True,False,False
0,61,63.96,0,3901.56,False,False,False,True,False,False
0,68,20.62,0,1402.16,False,False,True,False,False,False
1,9,43.66,0,392.94,False,False,True,False,False,False
0,17,41.38,0,703.46,True,False,False,False,False,True
1,49,54.93,0,2691.57,True,False,False,False,False,False
1,63,37.45,0,2359.35,True,True,False,False,True,False
1,46,26.78,0,1231.88,True,False,True,False,False,False
0,13,39.66,0,515.58,True,False,False,False,False,False
1,45,105.42,1,4743.9,True,False,True,True,False,False
1,53,99.7,0,5284.1,False,False,False,True,False,False
0,17,64.21,0,1091.57,True,True,False,False,False,True
1,47,107.78,0,5065.66,True,False,True,False,False,False
1,62,43.27,0,2682.74,False,True,False,False,True,False
1,50,78.42,0,3921.0,True,True,False,False,True,False
0,43,34.29,0,1474.47,False,False,True,False,False,False
1,68,103.34,1,7027.12,True,False,False,False,False,True
1,28,33.06,1,925.68,False,True,False,False,True,False
0,45,23.19,0,1043.55,False,True,False,False,False,True
0,41,47.34,0,1940.94,False,False,True,False,False,False
1,36,110.09,0,3963.24,False,False,True,False,False,True
0,33,32.95,1,1087.35,False,False,True,False,False,False
0,25,53.07,0,1326.75,True,True,False,True,False,False
0,19,51.64,0,981.16,True,False,False,False,False,False
0,47,100.16,0,4707.52,False,False,False,False,False,True
0,33,62.15,0,2050.95,False,False,True,False,True,False
0,67,81.16,0,5437.72,False,True,False,False,False,False
0,14,60.44,0,846.16,True,True,False,False,False,False
1,33,75.15,0,2479.95,False,True,False,False,False,False
0,42,26.24,0,1102.08,False,False,True,True,False,False
0,65,57.4,1,3731.0,False,True,False,True,False,False
0,47,105.51,0,4958.97,False,True,False,True,False,False
1,35,89.11,0,3118.85,True,False,False,False,True,False
0,32,118.18,0,3781.76,False,False,True,False,True,False
0,55,98.79,1,5433.45,False,False,True,False,False,False
1,54,65.15,0,3518.1,True,False,True,False,True,False
0,51,87.63,0,4469.13,False,True,False,False,False,True
1,59,97.59,0,5757.81,False,True,False,False,False,True
1,14,46.97,1,657.58,True,False,False,True,False,False
0,18,26.0,0,468.0,True,False,True,False,False,True
1,55,60.58,0,3331.9,True,True,False,False,False,True
0,56,34.47,0,1930.32,False,False,False,False,False,False
0,49,47.72,0,2338.28,False,True,False,True,False,False
1,60,114.68,1,6880.8,True,True,False,True,False,False
1,53,104.71,0,5549.63,True,False,True,True,False,False
0,71,79.25,0,5626.75,True,False,True,False,False,True
0,6,60.13,1,360.78,False,True,False,False,True,False
1,70,46.43,0,3250.1,False,True,False,False,False,False
0,8,77.15,0,617.2,True,True,False,False,True,False
0,15,73.32,0,1099.8,False,True,False,True,False,False
0,26,98.08,0,2550.08,True,True,False,True,False,False
1,39,112.8,0,4399.2,False,False,True,False,False,True
0,3,52.89,0,158.67,False,False,True,False,False,False
0,57,40.63,0,2315.91,False,True,False,False,False,False
0,10,60.28,0,602.8,False,True,False,False,False,False
1,3,63.75,0,191.25,True,False,True,False,False,True
1,46,23.99,0,1103.54,False,True,False,False,True,False
1,22,106.17,0,2335.74,False,False,True,False,False,False
0,67,119.56,0,8010.52,True,False,True,False,True,False
1,65,112.32,0,7300.8,False,False,True,False,False,True
0,19,106.07,0,2015.33,True,False,True,False,False,True
1,62,119.26,0,7394.12,True,False,False,False,True,False
0,57,110.78,1,6314.46,False,True,False,False,False,False
1,13,88.84,0,1154.92,False,True,False,False,True,False
0,16,36.68,0,586.88,True,True,False,False,False,False
0,16,35.64,1,570.24,True,False,True,True,False,False
1,52,24.88,1,1293.76,True,False,True,True,False,False
0,41,61.18,0,2508.38,False,False,True,False,False,False
1,48,100.88,0,4842.24,True,True,False,False,True,False
1,39,69.03,1,2692.17,True,False,True,False,False,False
0,13,56.63,0,736.19,True,False,False,False,False,False
0,4,30.92,1,123.68,False,True,False,False,False,False
1,43,25.18,1,1082.74,True,False,False,True,False,False
1,46,59.92,0,2756.32,False,False,False,False,False,True
1,47,29.99,1,1409.53,False,True,False,True,False,False
0,53,30.35,0,1608.55,True,False,False,False,False,False
1,25,59.53,1,1488.25,False,False,False,False,True,False
0,41,70.28,0,2881.48,True,False,True,False,False,True
0,3,38.67,0,116.01,False,False,False,False,False,False
1,13,88.46,0,1149.98,False,False,True,False,False,True
1,18,61.87,0,1113.66,True,False,False,False,True,False
0,37,29.19,1,1080.03,True,True,False,False,False,True
0,43,83.7,0,3599.1,True,True,False,False,False,True
0,34,55.69,0,1893.46,False,True,False,False,False,False
0,55,25.23,0,1387.65,False,True,False,False,True,False
1,52,114.8,1,5969.6,True,False,True,False,True,False
0,36,77.12,0,2776.32,True,False,False,True,False,False
1,54,67.77,1,3659.58,False,False,False,False,False,True
1,59,105.91,0,6248.69,False,True,False,False,False,False
1,52,113.67,0,5910.84,False,False,True,False,False,True
0,19,42.03,1,798.57,True,False,True,False,False,True
0,12,101.01,0,1212.12,False,True,False,False,False,True
1,11,103.11,0,1134.21,True,False,False,False,False,False
1,48,25.44,1,1221.12,False,True,False,False,False,True
1,16,91.19,0,1459.04,False,False,False,False,False,False
1,71,26.3,0,1867.3,True,True,False,False,True,False
0,47,79.47,1,3735.09,True,False,False,False,False,True
1,67,86.92,0,5823.64,True,False,True,True,False,False
0,31,56.71,1,1758.01,False,True,False,False,True,False
0,8,108.08,0,864.64,False,False,False,True,False,False
0,61,100.05,0,6103.05,False,False,False,False,False,True
0,44,112.6,0,4954.4,True,False,False,False,True,False
1,50,51.49,1,2574.5,False,False,False,False,False,False
0,35,22.15,1,775.25,True,False,True,False,False,True
1,61,101.15,0,6170.15,True,False,False,False,False,True
0,55,42.3,0,2326.5,True,False,True,False,False,False
1,66,66.72,0,4403.52,False,False,False,True,False,False
1,14,101.73,0,1424.22,False,False,True,False,True,False
1,4,41.61,1,166.44,True,False,True,False,True,False
1,17,51.19,0,870.23,False,False,False,False,False,False
1,69,63.91,1,4409.79,True,False,True,False,True,False
0,24,47.18,0,1132.32,True,True,False,False,False,False
1,49,66.13,0,3240.37,False,False,False,True,False,False
0,55,20.96,0,1152.8,True,True,False,True,False,False
1,71,41.22,0,2926.62,True,False,True,False,True,False
0,23,103.26,0,2374.98,False,False,True,False,False,False
0,12,61.35,1,736.2,True,True,False,False,False,False
0,11,83.64,0,920.04,True,False,False,False,False,False
1,29,43.23,0,1253.67,True,True,False,False,False,False
0,62,84.99,0,5269.38,True,False,True,False,True,False
1,53,120.0,1,6360.0,True,False,False,False,False,True
1,48,79.53,1,3817.44,True,True,False,False,True,False
0,66,82.84,0,5467.44,True,True,False,False,False,False
0,48,31.15,1,1495.2,False,False,False,False,False,True
1,59,60.34,0,3560.06,False,True,False,False,False,True
1,71,106.07,0,7530.97,True,False,False,False,True,False
1,57,103.43,1,5895.51,True,False,False,False,False,False
1,3,72.24,0,216.72,False,True,False,False,False,False
1,32,110.35,1,3531.2,False,False,False,False,False,False
1,8,34.29,1,274.32,False,False,False,False,False,False
0,30,85.82,0,2574.6,False,False,True,False,False,False
1,15,44.89,0,673.35,False,False,True,False,False,True
1,55,84.56,0,4650.8,True,False,True,False,True,False
0,38,28.74,0,1092.12,False,True,False,False,True,False
0,15,114.36,1,1715.4,False,True,False,True,False,False
0,30,98.63,1,2958.9,False,True,False,False,True,False
1,46,40.1,0,1844.6,True,True,False,False,False,True
0,64,83.73,1,5358.72,True,False,False,True,False,False
0,26,95.91,0,2493.66,True,False,False,False,False,True
1,67,40.94,0,2742.98,True,False,True,False,True,False
1,36,29.33,0,1055.88,True,False,False,False,False,True
1,31,55.18,0,1710.58,True,True,False,False,False,True
1,40,33.58,1,1343.2,False,False,False,False,True,False
0,46,76.57,1,3522.22,True,False,True,False,False,True
1,42,62.41,1,2621.22,True,True,False,True,False,False
0,18,66.24,0,1192.32,False,False,False,True,False,False
1,36,74.29,1,2674.44,True,False,True,False,False,False
0,50,118.21,0,5910.5,False,False,False,True,False,False
1,61,99.26,0,6054.86,False,False,True,True,False,False
1,40,82.95,1,3318.0,True,False,True,False,True,False
1,3,56.37,0,169.11,False,False,True,True,False,False
0,7,22.71,0,158.97,False,True,False,False,True,False
0,31,31.65,0,981.15,False,False,False,True,False,False
0,65,93.09,1,6050.85,False,False,False,False,True,False
1,64,56.92,0,3642.88,True,True,False,False,True,False
0,3,53.44,0,160.32,False,True,False,False,False,True
1,35,108.9,0,3811.5,True,False,False,True,False,False
1,15,68.45,0,1026.75,False,True,False,False,True,False
1,21,109.96,0,2309.16,False,True,False,True,False,False
0,62,108.66,1,6736.92,False,False,False,False,False,False
1,28,28.02,0,784.56,True,False,True,False,False,True
0,4,114.54,0,458.16,True,True,False,False,False,True
1,13,27.7,0,360.1,True,False,False,False,True,False
1,51,116.35,0,5933.85,False,False,False,True,False,False
1,48,65.26,1,3132.48,False,False,False,False,False,True
0,39,96.09,0,3747.51,False,True,False,False,False,True
0,67,90.61,0,6070.87,False,False,True,False,False,True
1,58,71.85,1,4167.3,True,False,True,False,True,False
0,2,81.95,0,163.9,False,False,False,False,False,False
0,25,114.99,0,2874.75,True,True,False,False,True,False
1,11,112.74,0,1240.14,False,True,False,False,False,False
1,1,85.43,0,85.43,True,False,True,False,False,True
0,48,85.77,0,4116.96,True,False,True,False,False,False
1,48,44.69,1,2145.12,False,True,False,False,True,False
1,10,102.86,0,1028.6,False,False,True,False,True,False
0,30,83.26,0,2497.8,True,False,False,True,False,False
0,35,102.62,1,3591.7,False,False,True,True,False,False
1,19,85.79,0,1630.01,False,True,False,False,True,False
0,53,49.93,0,2646.29,True,False,False,True,False,False
0,34,38.95,0,1324.3,True,True,False,False,False,True
1,32,27.7,0,886.4,True,False,True,False,False,False
1,6,78.6,0,471.6,True,False,True,False,True,False
1,13,48.41,0,629.33,False,False,False,False,True,False
1,64,83.05,1,5315.2,True,False,False,True,False,False
0,7,25.87,0,181.09,True,False,False,False,True,False
0,45,57.57,1,2590.65,True,False,False,True,False,False
1,45,46.06,0,2072.7,False,False,True,False,False,True
1,65,57.03,0,3706.95,True,True,False,False,True,False
1,19,25.43,0,483.17,False,False,True,False,False,True
1,47,92.42,0,4343.74,True,False,True,False,False,True
0,46,31.67,0,1456.82,True,False,False,False,True,False
0,29,21.44,1,621.76,False,False,False,True,False,False
1,61,114.63,1,6992.43,True,True,False,True,False,False
1,65,39.29,0,2553.85,True,True,False,False,False,True
0,23,102.81,0,2364.63,False,False,True,True,False,False
0,51,116.45,0,5938.95,True,True,False,True,False,False
0,63,73.41,1,4624.83,True,False,False,False,False,True
0,22,72.61,0,1597.42,True,False,False,False,True,False
1,71,56.74,0,4028.54,True,False,False,False,True,False
0,33,62.56,0,2064.48,False,False,True,False,False,False
0,44,68.21,0,3001.24,True,True,False,False,True,False
0,7,35.21,0,246.47,False,False,False,True,False,False
1,2,56.47,1,112.94,True,False,True,False,False,False
1,17,101.61,0,1727.37,False,False,True,False,False,False
0,65,38.24,0,2485.6,True,False,True,False,False,False
0,58,92.99,1,5393.42,False,True,False,False,True,False
1,30,85.16,0,2554.8,True,True,False,False,False,False
1,26,25.73,1,668.98,False,True,False,False,False,False
0,35,22.24,0,778.4,False,False,True,False,False,False
1,63,55.25,0,3480.75,True,False,True,False,True,False
0,71,89.22,0,6334.62,False,True,False,False,True,False
1,28,53.04,0,1485.12,True,False,False,False,True,False
0,25,86.77,0,2169.25,True,True,False,False,True,False
0,61,86.55,0,5279.55,True,False,True,False,False,True
1,31,100.66,0,3120.46,True,False,True,False,True,False
0,54,29.95,1,1617.3,True,False,True,True,False,False
1,67,77.71,0,5206.57,False,False,True,False,False,False
1,51,26.25,0,1338.75,True,False,True,False,True,False
1,58,37.59,0,2180.22,True,False,True,True,False,False
0,34,52.55,1,1786.7,True,True,False,True,False,False
0,59,90.74,0,5353.66,True,False,True,True,False,False
0,21,117.39,0,2465.19,True,False,True,False,False,True
1,56,54.25,0,3038.0,True,False,True,False,False,True
0,37,72.11,1,2668.07,False,False,True,False,False,True
0,64,45.91,1,2938.24,False,False,True,True,False,False
0,19,87.55,0,1663.45,True,False,False,False,True,False
0,53,56.66,1,3002.98,False,True,False,True,False,False
1,71,68.16,0,4839.36,True,True,False,False,False,True
0,63,76.78,0,4837.14,True,False,False,False,False,True
1,62,88.62,1,5494.44,True,False,False,False,False,True
1,19,26.01,0,494.19,True,False,True,False,True,False
1,2,75.49,0,150.98,True,True,False,True,False,False
1,6,63.12,0,378.72,False,True,False,False,False,True
0,29,33.38,1,968.02,False,False,False,True,False,False
0,41,40.8,0,1672.8,False,True,False,True,False,False
0,51,108.39,0,5527.89,False,True,False,False,False,True
1,5,107.18,0,535.9,True,False,True,False,False,False
0,41,23.33,0,956.53,False,False,True,False,False,False
1,62,88.94,0,5514.28,True,False,True,False,False,False
0,30,75.42,1,2262.6,False,True,False,False,False,True
0,62,113.98,0,7066.76,False,True,False,True,False,False
0,27,110.8,0,2991.6,False,False,True,False,False,False
1,50,77.96,1,3898.0,False,False,True,False,True,False
0,52,33.9,0,1762.8,True,True,False,False,False,False
1,49,65.98,0,3233.02,False,True,False,False,True,False
1,62,92.52,0,5736.24,False,False,False,False,False,False
1,60,115.17,1,6910.2,True,False,True,False,False,False
0,54,56.38,0,3044.52,True,False,True,False,False,False
0,5,98.47,0,492.35,False,False,True,False,True,False
1,9,88.33,0,794.97,True,True,False,False,True,False
1,34,27.83,0,946.22,True,True,False,False,False,False
1,36,75.8,0,2728.8,True,False,False,False,True,False
1,20,38.35,0,767.0,False,False,False,True,False,False
1,63,88.35,0,5566.05,True,False,True,False,False,False
0,67,81.01,0,5427.67,False,False,False,True,False,False
0,30,117.3,0,3519.0,False,True,False,False,False,True
0,69,113.54,0,7834.26,False,False,False,False,False,True
1,70,20.94,1,1465.8,False,False,False,False,False,True
1,3,28.0,0,84.0,True,True,False,True,False,False
0,49,96.91,0,4748.59,False,False,True,False,True,False
0,42,88.56,0,3719.52,True,False,True,False,False,True
1,24,100.09,0,2402.16,False,False,False,False,False,False
1,44,46.68,0,2053.92,True,True,False,False,False,False
1,1,104.93,0,104.93,False,True,False,False,True,False
0,54,64.24,0,3468.96,True,False,False,False,False,False
1,52,46.19,0,2401.88,False,False,True,True,False,False
1,36,21.06,0,758.16,False,False,True,False,False,True
1,38,107.14,0,4071.32,True,False,True,True,False,False
0,44,73.53,0,3235.32,False,True,False,False,False,False
1,47,117.54,0,5524.38,False,True,False,True,False,False
0,29,91.47,0,2652.63,False,True,False,False,True,False
1,51,28.04,0,1430.04,True,False,True,True,False,False
1,41,78.82,0,3231.62,False,False,False,False,False,False
0,64,21.71,0,1389.44,False,True,False,False,False,False
1,48,75.78,0,3637.44,True,True,False,False,False,True
0,22,55.02,1,1210.44,True,False,False,True,False,False
1,17,84.33,1,1433.61,True,False,True,False,True,False
0,5,74.16,0,370.8,True,True,False,False,False,True
1,61,46.14,0,2814.54,True,False,True,False,False,False
0,6,36.24,0,217.44,False,True,False,True,False,False
0,53,60.47,0,3204.91,False,True,False,False,True,False
1,17,118.68,1,2017.56,False,False,False,False,False,False
0,59,63.57,0,3750.63,True,False,False,False,False,False
1,39,94.88,0,3700.32,False,False,False,False,False,True
0,54,25.7,1,1387.8,True,False,False,False,False,False
1,48,57.89,0,2778.72,True,False,True,False,True,False
1,37,78.03,0,2887.11,False,False,True,False,True,False
1,48,95.12,0,4565.76,True,False,True,False,False,True
1,68,72.84,0,4953.12,True,False,False,False,False,True
0,27,71.53,0,1931.31,False,True,False,False,True,False
1,27,96.39,1,2602.53,True,False,True,False,False,True
1,63,51.33,1,3233.79,True,False,False,False,False,False
1,52,29.06,0,1511.12,False,False,False,False,True,False
1,47,54.72,1,2571.84,True,False,False,False,False,True
1,21,35.9,0,753.9,True,False,True,False,True,False
0,57,116.59,0,6645.63,False,True,False,False,False,False
1,42,77.75,0,3265.5,False,False,True,False,False,True
0,48,64.66,0,3103.68,False,False,False,False,True,False
0,27,111.21,0,3002.67,False,False,False,False,False,False
1,33,110.04,0,3631.32,True,False,False,False,False,True
1,35,61.57,0,2154.95,True,False,True,False,True,False
0,16,107.47,0,1719.52,False,True,False,False,False,False
0,36,26.4,0,950.4,True,False,True,False,False,False
0,66,108.57,0,7165.62,True,False,False,False,False,False
1,56,51.06,0,2859.36,False,False,False,True,False,False
0,17,76.51,0,1300.67,False,False,False,False,False,False
0,20,46.97,1,939.4,True,False,True,False,False,False
1,8,118.48,0,947.84,False,False,True,False,False,True
0,18,27.18,0,489.24,False,False,True,True,False,False
1,18,64.7,0,1164.6,False,False,False,False,False,False
0,18,82.1,0,1477.8,True,False,True,False,False,True
1,2,81.56,0,163.12,False,True,False,False,False,True
0,51,93.88,1,4787.88,True,True,False,False,True,False
1,10,92.44,0,924.4,True,True,False,False,True,False
1,14,99.31,0,1390.34,True,False,True,True,False,False
0,26,43.43,1,1129.18,False,False,False,False,False,True
1,47,57.05,0,2681.35,False,False,False,False,False,False
0,30,58.2,1,1746.0,False,False,False,False,False,False
1,56,115.58,1,6472.48,False,False,False,False,False,True
1,42,60.93,0,2559.06,False,False,False,True,False,False
1,4,42.19,1,168.76,True,False,True,False,False,False
1,11,83.23,0,915.53,True,True,False,True,False,False
1,24,62.73,0,1505.52,True,False,True,False,False,True
1,67,45.01,0,3015.67,False,False,False,True,False,False
1,37,91.51,0,3385.87,True,False,True,False,True,False
0,2,39.19,0,78.38,True,False,True,True,False,False
0,12,83.34,1,1000.08,False,False,True,True,False,False
1,21,63.05,0,1324.05,False,False,False,False,False,False
1,69,51.92,0,3582.48,True,False,False,True,False,False
1,71,114.6,0,8136.6,True,False,False,False,False,False
0,64,52.44,0,3356.16,False,False,True,False,False,False
1,68,54.75,0,3723.0,False,False,True,False,True,False
0,43,107.06,0,4603.58,False,True,False,False,False,False
1,54,32.9,0,1776.6,False,True,False,False,False,True
1,62,30.81,1,1910.22,True,False,False,False,False,False
1,12,48.27,0,579.24,True,True,False,False,False,True
1,1,79.16,1,79.16,False,False,False,False,False,False
1,33,58.43,0,1928.19,True,False,False,False,False,True
0,64,80.86,0,5175.04,True,False,True,False,True,False
1,68,35.98,0,2446.64,False,True,False,True,False,False
0,14,46.15,0,646.1,True,False,False,False,False,False
0,14,76.52,1,1071.28,True,False,False,False,True,False
1,9,41.71,0,375.39,True,True,False,False,True,False
1,26,62.28,0,1619.28,False,True,False,False,False,False
1,49,77.26,0,3785.74,False,True,False,False,False,False
0,17,117.37,1,1995.29,True,True,False,False,False,True
0,68,27.99,0,1903.32,False,True,False,False,False,False
0,60,66.04,0,3962.4,False,True,False,False,False,False
1,3,59.63,0,178.89,False,True,False,False,False,True
0,25,102.42,0,2560.5,True,False,False,False,False,True
0,21,110.03,0,2310.63,True,False,True,False,False,False
0,12,110.7,1,1328.4,False,False,False,False,False,False
1,54,57.51,1,3105.54,True,False,False,False,False,False
0,1,50.47,1,50.47,True,False,True,True,False,False
0,1,64.91,1,64.91,True,False,True,True,False,False
1,45,54.4,1,2448.0,True,False,True,False,True,False
1,46,91.89,1,4226.94,True,True,False,False,True,False
1,48,41.36,1,1985.28,False,True,False,False,False,False
0,7,85.87,1,601.09,True,True,False,False,False,True
0,10,112.7,0,1127.0,True,False,False,False,False,False
0,15,47.99,0,719.85,True,False,True,False,False,False
1,40,87.69,0,3507.6,False,False,True,False,True,False
0,11,34.36,0,377.96,False,False,False,False,False,False
1,56,32.14,0,1799.84,False,True,False,False,False,False
1,46,31.56,0,1451.76,True,False,True,False,True,False
0,45,33.85,0,1523.25,False,False,False,False,True,False
0,13,41.62,0,541.06,False,True,False,False,False,True
0,27,76.28,0,2059.56,False,False,False,False,False,True
1,50,96.7,1,4835.0,False,True,False,False,False,True
1,61,32.69,0,1994.09,True,False,False,True,False,False
0,13,107.0,0,1391.0,False,True,False,True,False,False
1,12,104.27,1,1251.24,False,False,False,False,False,False
0,29,92.74,0,2689.46,True,False,False,False,False,True
0,20,62.6,0,1252.0,True,False,False,False,True,False
0,31,20.16,0,624.96,False,False,False,False,False,True
1,8,93.48,1,747.84,True,False,True,False,False,False
1,24,107.9,0,2589.6,False,False,True,True,False,False
0,39,53.53,0,2087.67,True,False,True,True,False,False
0,33,91.8,1,3029.4,True,False,True,False,False,False
1,42,26.2,1,1100.4,False,False,False,False,False,True
0,15,90.95,0,1364.25,True,False,True,False,False,False
1,68,26.83,1,1824.44,False,False,True,False,False,False
0,65,78.72,0,5116.8,True,False,False,True,False,False
1,32,79.76,0,2552.32,False,False,True,True,False,False
0,11,50.22,0,552.42,True,False,True,True,False,False
1,37,27.91,0,1032.67,True,True,False,False,False,False
0,19,114.93,0,2183.67,True,False,True,False,False,True
1,51,73.56,1,3751.56,True,True,False,False,False,False
1,34,77.98,0,2651.32,True,False,True,False,False,True
1,71,81.5,0,5786.5,False,False,False,False,False,True
1,60,109.1,0,6546.0,True,False,True,False,False,False
0,53,26.03,0,1379.59,False,False,False,False,False,True
1,12,109.33,0,1311.96,False,False,True,False,False,True
1,62,43.97,1,2726.14,False,False,True,False,False,False
0,66,27.8,1,1834.8,True,False,False,True,False,False
1,48,85.73,1,4115.04,False,False,False,False,False,False
0,40,117.7,0,4708.0,True,False,False,True,False,False
1,24,25.72,1,617.28,False,False,False,False,False,True
1,50,62.61,0,3130.5,False,True,False,True,False,False
1,68,72.98,0,4962.64,False,True,False,True,False,False
1,43,45.21,0,1944.03,False,False,False,False,True,False
1,17,118.29,1,2010.93,False,True,False,False,True,False
1,55,84.1,0,4625.5,True,False,True,True,False,False
0,34,104.44,0,3550.96,False,False,True,False,True,False
0,70,61.58,1,4310.6,False,False,True,True,False,False
1,60,55.4,0,3324.0,True,True,False,False,True,False
1,51,75.32,0,3841.32,True,True,False,False,False,True
0,35,63.53,0,2223.55,True,False,True,False,False,False
0,34,91.49,1,3110.66,False,False,False,False,True,False
1,16,46.58,0,745.28,False,False,True,False,False,False
1,18,64.96,1,1169.28,False,True,False,False,True,False
1,38,109.51,1,4161.38,False,False,True,True,False,False
1,43,95.61,1,4111.23,False,False,True,False,True,False
1,32,36.81,0,1177.92,False,True,False,False,True,False
1,7,108.69,0,760.83,True,True,False,False,False,False
0,46,78.9,0,3629.4,True,True,False,False,False,False
1,61,87.93,0,5363.73,False,True,False,False,True,False
1,18,49.43,1,889.74,False,False,True,False,False,False
0,71,64.15,1,4554.65,False,True,False,False,True,False
0,40,100.68,1,4027.2,False,False,False,True,False,False
0,50,53.07,0,2653.5,False,True,False,True,False,False
0,5,36.51,0,182.55,True,True,False,False,False,True
1,54,57.83,0,3122.82,True,False,True,False,False,False
0,58,26.92,0,1561.36,False,False,False,False,True,False
0,22,91.79,1,2019.38,True,False,False,True,False,False
1,38,34.77,0,1321.26,False,False,False,False,False,True
0,49,48.51,0,2376.99,False,True,False,False,False,True
0,1,108.11,0,108.11,False,False,True,False,True,False
1,36,74.05,0,2665.8,True,False,True,False,False,True
1,28,52.13,0,1459.64,True,True,False,False,False,True
1,35,74.77,1,2616.95,False,False,False,False,True,False
1,60,41.83,0,2509.8,True,False,False,False,False,True
1,62,22.52,0,1396.24,True,False,True,False,False,True
1,46,80.37,0,3697.02,False,True,False,False,True,False
1,61,91.41,0,5576.01,True,False,False,False,True,False
0,65,107.98,0,7018.7,True,True,False,True,False,False
0,26,97.19,0,2526.94,False,False,True,False,False,True
1,35,112.67,0,3943.45,False,True,False,True,False,False
0,57,118.6,0,6760.2,True,True,False,True,False,False
1,63,94.49,1,5952.87,False,True,False,False,False,False
0,4,106.79,0,427.16,True,True,False,False,True,False
1,42,87.37,0,3669.54,False,False,False,False,False,False
0,45,37.09,0,1669.05,False,False,True,False,True,False
1,39,38.17,0,1488.63,False,False,False,False,False,False
0,65,31.03,0,2016.95,False,False,False,False,True,False
1,22,114.3,0,2514.6,True,False,False,False,False,True
0,11,87.28,0,960.08,False,False,False,False,False,True
0,37,98.99,0,3662.63,False,False,True,True,False,False
1,51,53.12,0,2709.12,False,False,True,False,False,False
0,58,66.04,0,3830.32,True,False,False,True,False,False
0,7,23.98,0,167.86,True,True,False,False,False,False
0,8,108.9,1,871.2,False,True,False,False,True,False
0,51,105.3,1,5370.3,False,True,False,False,True,False
0,23,98.48,1,2265.04,False,True,False,False,False,False
1,9,25.83,1,232.47,False,True,False,False,False,False
1,46,37.42,0,1721.32,False,False,True,False,False,True
0,38,53.42,0,2029.96,False,True,False,False,False,False
1,13,46.31,0,602.03,True,False,True,False,False,True
0,7,103.85,0,726.95,False,True,False,False,False,False
1,11,39.48,0,434.28,False,True,False,False,False,True
0,50,73.21,1,3660.5,False,False,False,True,False,False
0,67,77.14,0,5168.38,False,False,False,False,False,True
0,41,62.5,0,2562.5,False,False,False,True,False,False
0,29,44.07,0,1278.03,False,False,True,False,False,True
1,37,116.03,0,4293.11,True,False,True,False,True,False
1,56,61.34,1,3435.04,True,False,False,False,False,True
1,16,92.73,0,1483.68,True,False,False,False,False,False
0,44,38.4,1,1689.6,True,True,False,True,False,False
1,50,102.28,0,5114.0,True,False,True,False,False,False
1,71,41.59,1,2952.89,True,True,False,False,False,False
0,6,87.53,0,525.18,False,True,False,False,True,False
0,18,70.65,0,1271.7,False,False,False,False,False,True
0,19,34.66,1,658.54,False,True,False,False,True,False
1,51,22.49,0,1146.99,False,True,False,False,False,True
1,66,113.07,0,7462.62,False,False,False,False,False,False
0,3,32.57,0,97.71,False,False,False,False,False,True
1,54,90.5,0,4887.0,True,True,False,False,True,False
0,49,85.27,0,4178.23,False,True,False,True,False,False
1,28,54.17,0,1516.76,True,True,False,False,True,False
0,38,38.54,0,1464.52,True,False,True,False,True,False
1,28,37.83,1,1059.24,False,True,False,False,True,False
1,32,78.53,1,2512.96,False,False,False,True,False,False
1,41,74.69,0,3062.29,False,True,False,False,False,False
0,36,107.59,1,3873.24,False,False,True,False,True,False
0,36,84.0,0,3024.0,False,True,False,False,True,False
0,66,101.93,0,6727.38,False,False,True,False,True,False
1,10,23.24,1,232.4,False,False,True,True,False,False
0,70,87.1,0,6097.0,True,False,False,True,False,False
1,63,43.37,0,2732.31,False,True,False,True,False,False
0,22,45.28,0,996.16,False,False,True,False,False,False
0,20,92.06,1,1841.2,True,True,False,False,False,True
1,33,99.34,0,3278.22,False,False,True,False,False,False
1,15,57.17,0,857.55,False,False,False,False,False,False
0,7,99.01,0,693.07,True,False,False,False,False,False
0,50,64.37,0,3218.5,False,True,False,False,False,True
1,10,105.76,0,1057.6,False,True,False,False,True,False
1,37,22.49,1,832.13,False,True,False,True,False,False
0,59,28.35,1,1672.65,False,True,False,False,False,False
1,63,97.64,1,6151.32,False,True,False,True,False,False
0,21,82.41,0,1730.61,False,False,True,True,False,False
0,37,75.9,0,2808.3,True,True,False,True,False,False
0,45,81.4,0,3663.0,False,False,True,False,True,False
1,14,113.02,0,1582.28,False,False,True,True,False,False
0,43,85.55,0,3678.65,True,False,True,True,False,False
